# 3ds Max Wavefront OBJ Exporter v0.99 - (c)2007 guruware
# File Created: 12.03.2026 16:49:36

mtllib COCODRILO.mtl

#
# object cuerpo
#

v  -0.4513 7.4028 -38.4400
v  -1.9685 7.4942 -31.4368
v  -2.0425 7.3429 -38.3174
v  0.1954 17.3049 52.9576
v  2.0024 16.0537 52.9490
v  1.8858 16.4238 52.6770
v  0.6268 17.2955 52.6830
v  1.7307 16.3432 51.7028
v  0.4717 17.2149 51.7088
v  1.5237 19.8073 50.6269
v  1.7369 19.2227 50.9279
v  3.7467 17.5510 50.7592
v  3.2856 17.6507 51.0201
v  0.7833 22.4814 11.2973
v  1.8061 22.4424 3.4366
v  -2.0425 23.2604 4.2969
v  -2.0425 21.8787 11.0698
v  0.8494 10.0234 14.5615
v  2.4638 7.4678 8.0445
v  6.1360 13.4423 4.2224
v  2.4966 12.1243 12.5613
v  -2.0425 6.8703 8.5683
v  -2.0425 4.3062 2.7646
v  2.8561 5.7183 1.5853
v  5.1188 18.8152 3.1406
v  7.4237 13.7568 -2.5658
v  6.3600 19.0170 -3.9730
v  2.4645 22.2435 -4.1343
v  -2.0425 1.2888 -6.2919
v  4.7925 5.2761 -7.8594
v  7.7977 13.8092 -12.5390
v  6.5975 18.8748 -14.1268
v  2.6443 22.2941 -14.3922
v  -2.0425 23.1649 -3.4148
v  -2.0425 23.0855 -13.6508
v  -2.0425 1.1897 -14.0688
v  6.0824 7.6048 -16.4986
v  7.3500 14.2499 -19.6525
v  6.1856 19.3489 -21.1475
v  3.4870 22.9547 -22.7173
v  -2.0425 25.1454 -22.1076
v  5.9230 14.9025 -27.0977
v  5.0297 17.6739 -28.9381
v  3.0326 21.3601 -30.4864
v  -2.0425 23.1340 -31.2384
v  -2.0425 5.1991 -24.2251
v  4.3927 8.7295 -25.5325
v  3.6034 14.1189 -34.2627
v  3.1660 16.7710 -34.4256
v  2.2330 18.7145 -35.3005
v  -2.0425 20.8412 -36.3196
v  3.1055 9.8679 -33.5217
v  3.9602 8.4283 18.9944
v  6.5088 13.8748 17.6369
v  1.1426 19.0461 11.9920
v  6.4081 20.0371 17.0753
v  6.7495 15.2582 23.1124
v  6.3795 15.1221 22.8813
v  6.6667 14.8495 23.1454
v  4.0128 7.9991 23.1694
v  -2.0425 25.2025 20.2272
v  4.0505 24.0056 20.1048
v  3.6360 24.5648 16.3568
v  -2.0425 25.0209 15.2566
v  5.0330 13.2868 29.6378
v  4.6647 13.1535 29.3423
v  4.9768 13.0235 29.6271
v  2.9485 9.7582 30.1711
v  -2.0425 7.4248 29.3115
v  -2.0425 5.5911 22.6452
v  2.6924 14.2499 36.4982
v  2.3089 14.1151 36.2750
v  2.6425 13.9922 36.5976
v  1.1557 10.9046 38.0904
v  0.5720 18.8576 34.7412
v  2.4244 17.6590 35.4796
v  4.3885 16.7294 30.4423
v  2.8524 21.4081 30.0049
v  3.0998 13.6996 41.9658
v  2.7187 13.5474 41.7216
v  3.0349 13.4574 42.0138
v  1.1109 11.1958 42.7432
v  -2.0425 19.8017 34.9240
v  -2.0425 20.2353 40.7666
v  0.7826 19.7560 41.2125
v  3.7092 14.6709 46.0238
v  3.3285 14.5475 45.7847
v  3.6277 14.4358 46.0749
v  1.2766 11.6310 46.7525
v  -2.0425 19.1885 44.6532
v  0.6777 18.9001 44.9940
v  4.2662 14.4839 48.6510
v  3.8800 14.3490 48.4061
v  4.1665 14.2532 48.6876
v  1.4989 11.8467 49.1460
v  -2.0425 19.1793 47.5627
v  1.3648 19.7256 47.8155
v  3.7751 14.2968 50.8954
v  1.1974 12.5818 50.8979
v  -2.0425 19.6516 50.2073
v  3.8743 14.4853 50.8902
v  3.4849 14.3650 50.6322
v  2.2583 14.5910 52.1556
v  2.5767 14.5468 52.4136
v  0.7073 13.4362 52.2832
v  -2.0425 13.5219 51.9183
v  -2.0425 12.5181 50.7351
v  -2.0425 18.1363 52.4198
v  2.5218 16.9642 50.4787
v  0.9731 18.5361 50.3865
v  2.6276 14.6460 52.4391
v  -2.0425 23.8315 27.7713
v  3.3521 10.7579 -39.9467
v  2.3452 19.1693 -41.6578
v  2.1318 18.8589 -37.3998
v  3.1236 16.6965 -38.4401
v  3.2262 17.7573 -43.1091
v  -2.0425 20.9445 -39.4884
v  -2.0425 20.6464 -37.4265
v  1.5743 9.2383 -48.8223
v  1.5975 9.3572 -54.7101
v  4.3884 12.0220 -53.7220
v  3.7534 12.2536 -47.8316
v  2.6176 19.9355 -46.5020
v  -2.0425 21.8282 -44.5977
v  4.5384 15.5356 -51.0518
v  3.8184 15.3416 -45.0679
v  2.3335 19.4971 -53.5256
v  -2.0425 20.4590 -53.2501
v  4.2837 11.5290 -57.4859
v  4.7515 15.0264 -55.8306
v  1.3184 9.3681 -58.1850
v  4.0287 10.3336 -62.3955
v  4.5473 13.5146 -61.3769
v  1.1096 8.3941 -63.0144
v  2.0862 17.5953 -59.8692
v  -2.0425 18.2374 -59.8283
v  1.2061 14.8477 -65.3510
v  -2.0425 15.3174 -65.1917
v  3.6665 9.0873 -68.2218
v  3.6753 11.9287 -67.0325
v  0.8340 7.1115 -69.0382
v  0.7117 13.2143 -70.9269
v  -2.0425 13.4720 -70.6978
v  2.7163 8.8448 -74.1453
v  3.2248 10.6764 -72.7025
v  0.1821 7.6525 -74.9809
v  0.8485 12.8349 -76.9221
v  -2.0425 13.2981 -76.7813
v  1.3192 8.8370 -79.5906
v  2.5419 10.3267 -77.8964
v  -0.5701 8.0568 -80.6343
v  0.4009 11.6202 -83.1690
v  -2.0425 12.1504 -82.8639
v  0.5138 8.1083 -85.0957
v  1.2678 9.6642 -84.2603
v  -0.6094 6.9612 -86.1737
v  -0.2096 10.7790 -85.7278
v  -2.0425 10.9117 -86.0329
v  0.0972 7.8288 -87.4909
v  0.4394 9.0592 -86.7299
v  -0.5108 6.3149 -87.9623
v  0.3086 10.1995 -86.0238
v  -0.6810 9.0961 -88.1833
v  -1.1951 9.5140 -88.1086
v  -0.5137 8.3804 -88.5366
v  -0.7177 6.2431 -89.6033
v  -0.5265 7.5597 -88.9983
v  -2.0568 5.3956 -88.1090
v  -2.0425 4.8103 -90.2895
v  -1.4385 8.2717 -89.2984
v  -1.7020 8.5383 -89.1723
v  -1.2175 7.8018 -89.5169
v  -2.0425 6.8153 -90.3285
v  -1.1111 7.3706 -89.7070
v  -2.0425 5.5999 -90.4230
v  0.3268 16.0823 53.2558
v  -2.0425 16.0476 52.9411
v  0.9653 14.8909 52.9297
v  1.3395 14.8979 53.1921
v  1.4428 15.6040 53.2446
v  -2.0425 14.6268 52.7117
v  0.2841 14.5825 53.1031
v  3.8113 19.3013 28.6217
v  4.4198 22.9862 21.7484
v  4.8492 18.0609 28.7123
v  6.1369 18.7786 22.2645
v  5.5181 19.6025 23.3601
v  1.5274 19.7614 28.8229
v  2.1606 22.9862 21.7484
v  2.7572 17.8730 29.0759
v  3.7045 19.4747 23.2331
v  2.7677 17.5659 41.4819
v  3.3552 17.7950 45.4086
v  4.0504 17.9084 48.1829
v  3.6303 14.1704 -39.3938
v  -2.0425 9.0738 -54.6743
v  -2.0425 8.5943 -48.6960
v  3.7293 18.2634 -48.5323
v  3.7513 17.8429 -54.2030
v  -2.0425 9.2746 -58.2033
v  3.5738 16.0604 -60.3645
v  -1.9880 8.2670 -63.1245
v  -2.0425 6.9119 -69.1971
v  2.5425 13.7744 -65.9090
v  2.1025 12.3880 -71.4078
v  -1.8956 7.6201 -75.2655
v  2.1415 11.8414 -77.1458
v  -2.0425 7.9111 -81.1315
v  1.1023 10.7930 -83.6889
v  -2.0425 6.3611 -86.4754
v  -2.0425 7.6783 -89.8363
v  -2.0425 9.7602 14.5194
v  -2.0425 6.9708 18.6480
v  -2.0425 9.0349 37.7934
v  -2.0425 9.7526 42.2993
v  -2.0425 10.8804 46.8421
v  -2.0425 11.7169 49.1703
v  -2.0425 9.4185 -88.3126
v  -2.0425 8.3871 -89.3253
v  -3.6337 7.4028 -38.4400
v  -4.2805 17.3049 52.9576
v  -4.7119 17.2955 52.6830
v  -5.9708 16.4238 52.6770
v  -6.0875 16.0537 52.9490
v  -4.5568 17.2149 51.7088
v  -5.8157 16.3432 51.7028
v  -5.6088 19.8073 50.6269
v  -5.8219 19.2227 50.9279
v  -7.3706 17.6507 51.0201
v  -7.8318 17.5510 50.7592
v  -4.8684 22.4814 11.2973
v  -5.8911 22.4424 3.4366
v  -4.9345 10.0234 14.5615
v  -6.5817 12.1243 12.5613
v  -10.2211 13.4423 4.2224
v  -6.5488 7.4678 8.0445
v  -6.9411 5.7183 1.5853
v  -9.2038 18.8152 3.1406
v  -10.4450 19.0170 -3.9730
v  -11.5088 13.7568 -2.5658
v  -6.5496 22.2435 -4.1343
v  -8.8775 5.2761 -7.8594
v  -10.6825 18.8748 -14.1268
v  -11.8827 13.8092 -12.5390
v  -6.7294 22.2941 -14.3922
v  -10.1674 7.6048 -16.4986
v  -10.2707 19.3489 -21.1475
v  -11.4351 14.2499 -19.6525
v  -7.5721 22.9547 -22.7173
v  -9.1147 17.6739 -28.9381
v  -10.0081 14.9025 -27.0977
v  -7.1177 21.3601 -30.4864
v  -8.4777 8.7295 -25.5325
v  -7.2510 16.7710 -34.4256
v  -7.6885 14.1189 -34.2627
v  -6.3181 18.7145 -35.3005
v  -7.1905 9.8679 -33.5217
v  -8.0453 8.4283 18.9944
v  -10.5938 13.8748 17.6369
v  -5.2277 19.0461 11.9920
v  -10.4931 20.0371 17.0753
v  -10.4646 15.1221 22.8813
v  -10.8346 15.2582 23.1124
v  -8.0979 7.9991 23.1694
v  -10.7517 14.8495 23.1454
v  -7.6525 24.6846 16.6047
v  -8.1355 24.0056 20.1048
v  -8.7498 13.1535 29.3423
v  -9.1181 13.2868 29.6378
v  -7.0336 9.7582 30.1711
v  -9.0618 13.0235 29.6271
v  -6.3939 14.1151 36.2750
v  -6.7775 14.2499 36.4982
v  -5.2408 10.9046 38.0904
v  -6.7275 13.9922 36.5976
v  -4.6571 18.8576 34.7412
v  -6.9375 21.4081 30.0049
v  -8.4736 16.7294 30.4423
v  -6.5095 17.6590 35.4796
v  -6.8038 13.5474 41.7216
v  -7.1849 13.6996 41.9658
v  -5.1959 11.1958 42.7432
v  -7.1200 13.4574 42.0138
v  -4.8677 19.7560 41.2125
v  -7.4136 14.5475 45.7847
v  -7.7943 14.6709 46.0238
v  -5.3616 11.6310 46.7525
v  -7.7127 14.4358 46.0749
v  -4.7628 18.9001 44.9940
v  -7.9650 14.3490 48.4061
v  -8.3513 14.4839 48.6510
v  -5.5839 11.8467 49.1460
v  -8.2516 14.2532 48.6876
v  -5.4499 19.7256 47.8155
v  -5.2824 12.5818 50.8979
v  -7.8601 14.2968 50.8954
v  -7.5699 14.3650 50.6322
v  -7.9593 14.4853 50.8902
v  -6.3434 14.5910 52.1556
v  -6.6617 14.5468 52.4136
v  -4.7923 13.4362 52.2832
v  -5.0582 18.5361 50.3865
v  -6.6069 16.9642 50.4787
v  -6.7126 14.6460 52.4391
v  -7.4371 10.7579 -39.9467
v  -6.4302 19.1693 -41.6578
v  -7.3112 17.7573 -43.1091
v  -7.2087 16.6965 -38.4401
v  -6.2168 18.8589 -37.3998
v  -5.6593 9.2383 -48.8223
v  -7.8384 12.2536 -47.8316
v  -8.4735 12.0220 -53.7220
v  -5.6826 9.3572 -54.7101
v  -6.7027 19.9355 -46.5020
v  -7.9035 15.3416 -45.0679
v  -8.6234 15.5356 -51.0518
v  -6.4186 19.4971 -53.5256
v  -8.8365 15.0264 -55.8306
v  -8.3688 11.5290 -57.4859
v  -5.4035 9.3681 -58.1850
v  -8.6324 13.5146 -61.3769
v  -8.1138 10.3336 -62.3955
v  -5.1946 8.3941 -63.0144
v  -6.1712 17.5953 -59.8692
v  -5.2911 14.8477 -65.3510
v  -7.7604 11.9287 -67.0325
v  -7.7515 9.0873 -68.2218
v  -4.9191 7.1115 -69.0382
v  -4.7968 13.2143 -70.9269
v  -7.3099 10.6764 -72.7025
v  -6.8013 8.8448 -74.1453
v  -4.2672 7.6525 -74.9809
v  -4.9336 12.8349 -76.9221
v  -6.6269 10.3267 -77.8964
v  -5.4043 8.8370 -79.5906
v  -3.5150 8.0568 -80.6343
v  -4.4860 11.6202 -83.1690
v  -5.3529 9.6642 -84.2603
v  -4.5988 8.1083 -85.0957
v  -3.4756 6.9612 -86.1737
v  -3.8755 10.7790 -85.7278
v  -4.5245 9.0592 -86.7299
v  -4.1823 7.8288 -87.4909
v  -3.5743 6.3149 -87.9623
v  -2.8900 9.5140 -88.1086
v  -3.4041 9.0961 -88.1833
v  -4.3936 10.1995 -86.0238
v  -3.5713 8.3804 -88.5366
v  -3.5586 7.5597 -88.9983
v  -3.3673 6.2431 -89.6033
v  -2.3830 8.5383 -89.1723
v  -2.6466 8.2717 -89.2984
v  -2.8676 7.8018 -89.5169
v  -2.9739 7.3706 -89.7070
v  -4.4118 16.0823 53.2558
v  -5.0503 14.8909 52.9297
v  -5.4245 14.8979 53.1921
v  -5.5278 15.6040 53.2446
v  -4.3692 14.5825 53.1031
v  -8.5048 22.9862 21.7484
v  -7.8964 19.3013 28.6217
v  -8.9343 18.0609 28.7123
v  -9.6031 19.6025 23.3601
v  -10.2219 18.7786 22.2645
v  -6.2456 22.9862 21.7484
v  -5.6124 19.7614 28.8229
v  -6.8422 17.8730 29.0759
v  -7.7896 19.4747 23.2331
v  -6.8527 17.5659 41.4819
v  -7.4403 17.7950 45.4086
v  -8.1355 17.9084 48.1829
v  -7.7153 14.1704 -39.3938
v  -7.8143 18.2634 -48.5323
v  -7.8364 17.8429 -54.2030
v  -7.6589 16.0604 -60.3645
v  -6.6276 13.7744 -65.9090
v  -6.1875 12.3880 -71.4078
v  -6.2266 11.8414 -77.1458
v  -5.1873 10.7930 -83.6889
# 380 vertices

vn 0.3770 -0.9262 0.0051
vn 0.0074 -0.9879 -0.1547
vn -0.0002 -0.9990 -0.0454
vn 0.1240 0.4416 0.8886
vn 0.5072 0.2701 0.8184
vn 0.3138 0.8120 0.4920
vn 0.6755 0.5388 0.5033
vn 0.0843 0.9758 0.2019
vn 0.9212 0.3278 0.2099
vn 0.3229 0.8751 0.3605
vn 0.4293 0.2487 0.8683
vn 0.8246 0.3711 0.4269
vn 0.1902 0.4904 0.8505
vn 0.5192 0.8108 -0.2701
vn 0.5007 0.8647 0.0403
vn -0.0000 0.9942 0.1071
vn -0.0000 0.9817 -0.1903
vn 0.3388 -0.9309 -0.1365
vn 0.5984 -0.7271 0.3364
vn 0.9568 -0.0840 0.2783
vn 0.9583 -0.2856 0.0125
vn -0.0000 -0.9070 0.4211
vn 0.0000 -0.9315 0.3636
vn 0.6303 -0.7525 0.1910
vn 0.8601 0.4429 0.2529
vn 0.9871 -0.1196 0.1063
vn 0.8511 0.5189 0.0802
vn 0.4369 0.8994 0.0138
vn -0.0000 -0.9843 0.1762
vn 0.7767 -0.6272 0.0578
vn 0.9975 -0.0677 -0.0202
vn 0.8619 0.5070 -0.0053
vn 0.4242 0.9031 0.0668
vn -0.0000 0.9999 -0.0103
vn -0.0000 0.9945 0.1046
vn 0.0000 -0.9897 -0.1433
vn 0.8610 -0.5020 -0.0815
vn 0.9908 -0.0336 -0.1311
vn 0.9100 0.3992 -0.1118
vn 0.6067 0.7929 -0.0557
vn 0.0000 0.9997 0.0241
vn 0.9714 -0.0489 -0.2322
vn 0.9294 0.2426 -0.2782
vn 0.6588 0.6816 -0.3183
vn 0.0000 0.9486 -0.3166
vn -0.0008 -0.9396 -0.3422
vn 0.7449 -0.6316 -0.2151
vn 0.9888 0.0011 -0.1493
vn 0.9486 0.2429 -0.2027
vn 0.7630 0.6114 -0.2099
vn 0.0000 0.9574 -0.2889
vn 0.7712 -0.6213 -0.1389
vn 0.6068 -0.7347 -0.3034
vn 0.9297 -0.2296 -0.2881
vn 0.9703 0.1136 -0.2134
vn 0.9167 0.2549 -0.3076
vn 0.9248 -0.3685 0.0945
vn 0.9250 -0.3610 0.1187
vn 0.9268 0.3300 0.1793
vn 0.6931 -0.7140 0.0994
vn 0.0000 0.9974 0.0720
vn 0.6369 0.7627 0.1126
vn 0.5255 0.8190 -0.2306
vn 0.0002 0.9313 -0.3641
vn 0.7741 -0.5936 0.2198
vn 0.9303 0.1610 0.3297
vn 0.9362 0.2631 0.2331
vn 0.6484 -0.7143 0.2635
vn 0.0000 -0.9726 0.2323
vn 0.0000 -0.9990 -0.0436
vn 0.8394 -0.5400 0.0610
vn 0.9836 -0.0771 0.1631
vn 0.8424 0.5157 0.1565
vn 0.7361 -0.6624 0.1392
vn 0.3896 0.8790 0.2751
vn 0.8093 0.5806 0.0888
vn 0.9314 0.1751 0.3190
vn 0.6318 0.6513 0.4203
vn 0.7967 -0.6043 -0.0034
vn 0.9855 0.1589 -0.0603
vn 0.9773 0.1074 -0.1826
vn 0.5988 -0.7987 0.0592
vn 0.0000 0.9756 0.2197
vn 0.0000 0.9971 0.0767
vn 0.4652 0.8843 0.0414
vn 0.8496 -0.5041 -0.1551
vn 0.9580 -0.2593 -0.1228
vn 0.9488 0.2903 -0.1249
vn 0.5195 -0.8531 0.0490
vn 0.0000 0.9896 0.1440
vn 0.2471 0.9674 -0.0552
vn 0.8490 -0.5283 -0.0032
vn 0.9927 0.0767 -0.0935
vn 0.9846 0.1742 -0.0163
vn 0.3905 -0.8910 0.2317
vn 0.0000 0.9967 -0.0818
vn 0.2376 0.9538 -0.1839
vn 0.9209 0.1622 0.3545
vn 0.2543 -0.8355 0.4871
vn 0.0000 0.9828 0.1848
vn 0.7445 -0.5581 0.3664
vn 0.9231 0.0698 0.3782
vn 0.6480 0.0735 0.7581
vn 0.7200 0.2633 0.6421
vn 0.1086 -0.7180 0.6875
vn 0.0000 -0.6818 0.7315
vn 0.0000 -0.8340 0.5518
vn 0.0000 0.6446 0.7646
vn -0.3028 0.5630 0.7690
vn 0.6062 -0.3797 0.6988
vn 0.5028 -0.6050 0.6174
vn -0.0000 0.9571 0.2899
vn 0.8829 -0.4679 -0.0397
vn 0.6957 0.7084 0.1192
vn 0.6949 0.7176 0.0460
vn 0.9575 0.2863 0.0364
vn 0.9441 0.3137 0.1017
vn 0.0000 0.9881 0.1536
vn 0.0000 0.9999 -0.0153
vn 0.5528 -0.8329 -0.0258
vn 0.4202 -0.9070 -0.0289
vn 0.9098 -0.4114 0.0546
vn 0.9381 -0.3421 0.0551
vn 0.6572 0.7522 0.0486
vn 0.0000 0.9991 0.0425
vn 0.9947 0.0745 0.0701
vn 0.9955 0.0508 0.0804
vn 0.4760 0.8636 -0.1660
vn -0.0000 0.9724 -0.2333
vn 0.8620 -0.5040 0.0545
vn 0.9906 0.1329 -0.0327
vn 0.3188 -0.9444 0.0805
vn 0.8321 -0.5490 0.0785
vn 0.9811 0.1420 -0.1313
vn 0.2889 -0.9398 0.1823
vn 0.4004 0.8435 -0.3579
vn 0.0000 0.9178 -0.3970
vn 0.2969 0.8702 -0.3933
vn 0.0000 0.9144 -0.4047
vn 0.8861 -0.4624 -0.0329
vn 0.9187 0.3448 -0.1924
vn 0.3307 -0.9434 0.0232
vn 0.2665 0.9457 -0.1858
vn 0.0000 0.9829 -0.1842
vn 0.8096 -0.5641 -0.1623
vn 0.9743 0.1957 -0.1118
vn 0.2498 -0.9622 -0.1089
vn 0.3861 0.9143 -0.1224
vn 0.0000 0.9946 -0.1041
vn 0.6318 -0.7720 -0.0692
vn 0.9797 -0.1299 -0.1525
vn 0.2149 -0.9752 0.0525
vn 0.4352 0.8583 -0.2719
vn 0.0000 0.9640 -0.2661
vn 0.8344 -0.5473 -0.0647
vn 0.9647 -0.0190 -0.2625
vn 0.4422 -0.8579 0.2617
vn 0.3503 0.8291 -0.4358
vn 0.0000 0.8853 -0.4650
vn 0.9472 -0.1883 -0.2595
vn 0.8818 0.1832 -0.4347
vn 0.7460 -0.6590 0.0956
vn 0.6863 0.5533 -0.4719
vn 0.5533 0.5515 -0.6243
vn 0.2361 0.7608 -0.6045
vn 0.6925 0.3875 -0.6085
vn 0.8300 -0.2126 -0.5156
vn 0.8195 0.2055 -0.5349
vn -0.0057 -0.9303 0.3666
vn 0.0012 -0.8571 -0.5151
vn 0.3146 0.5660 -0.7620
vn 0.1242 0.6579 -0.7428
vn 0.4147 0.4885 -0.7677
vn 0.0000 0.2240 -0.9746
vn 0.6717 -0.1000 -0.7340
vn 1.0000 0.0000 -0.0000
vn -0.0309 0.0926 0.9952
vn -0.0000 0.0410 0.9992
vn 0.2126 -0.4072 0.8882
vn 0.2639 0.0508 0.9632
vn 0.0000 -0.3879 0.9217
vn -0.0716 -0.3735 0.9249
vn 0.5904 0.0192 -0.8069
vn 0.6650 0.5717 0.4806
vn 0.8678 0.4584 0.1917
vn 0.9373 0.3005 0.1767
vn 0.6181 0.6435 0.4515
vn 0.7810 -0.2862 -0.5551
vn 0.6160 -0.5391 0.5744
vn 0.3391 0.7107 -0.6163
vn 0.3173 0.7273 0.6086
vn 0.9172 0.3846 -0.1037
vn 0.7924 0.5811 -0.1857
vn 0.8709 0.4903 -0.0330
vn 0.9988 0.0414 0.0256
vn 0.0000 -0.9977 -0.0685
vn 0.0000 -0.9949 -0.1005
vn 0.9163 0.3988 0.0376
vn 0.8352 0.5388 -0.1099
vn -0.0001 -0.9973 0.0731
vn 0.7696 0.5764 -0.2749
vn 0.0008 -0.9778 0.2094
vn -0.0008 -0.9990 0.0455
vn 0.6103 0.7220 -0.3260
vn 0.6256 0.7628 -0.1634
vn 0.0020 -0.9968 -0.0801
vn 0.8132 0.5693 -0.1210
vn -0.0005 -0.9885 0.1511
vn 0.8062 0.5116 -0.2973
vn 0.0010 -0.9067 0.4218
vn 0.0000 0.5151 -0.8572
vn -0.0000 -0.9977 -0.0683
vn -0.0000 -0.8966 -0.4429
vn 0.0000 -0.9848 0.1735
vn -0.0000 -0.9810 0.1938
vn 0.0000 -0.9574 0.2887
vn 0.0000 -0.9176 0.3974
vn 0.0000 0.7621 -0.6474
vn 0.0000 0.6238 -0.7816
vn -0.3800 -0.9249 0.0108
vn -0.1240 0.4416 0.8886
vn -0.6755 0.5388 0.5033
vn -0.3138 0.8120 0.4920
vn -0.5072 0.2701 0.8184
vn -0.9212 0.3278 0.2099
vn -0.0843 0.9758 0.2019
vn -0.3229 0.8751 0.3605
vn -0.4293 0.2487 0.8683
vn -0.1902 0.4904 0.8505
vn -0.8246 0.3711 0.4269
vn -0.5276 0.8070 -0.2651
vn -0.5007 0.8647 0.0403
vn -0.3388 -0.9309 -0.1365
vn -0.9583 -0.2856 0.0125
vn -0.9568 -0.0840 0.2783
vn -0.5984 -0.7271 0.3364
vn -0.6303 -0.7525 0.1910
vn -0.8601 0.4429 0.2529
vn -0.8511 0.5189 0.0802
vn -0.9871 -0.1196 0.1063
vn -0.4369 0.8994 0.0138
vn -0.7767 -0.6272 0.0578
vn -0.8619 0.5070 -0.0053
vn -0.9975 -0.0677 -0.0202
vn -0.4242 0.9031 0.0668
vn -0.8610 -0.5020 -0.0815
vn -0.9100 0.3992 -0.1118
vn -0.9908 -0.0336 -0.1311
vn -0.6067 0.7929 -0.0557
vn -0.9294 0.2426 -0.2782
vn -0.9714 -0.0489 -0.2322
vn -0.6588 0.6816 -0.3183
vn -0.7449 -0.6316 -0.2151
vn -0.9486 0.2429 -0.2027
vn -0.9888 0.0011 -0.1493
vn -0.7630 0.6114 -0.2099
vn -0.7679 -0.6252 -0.1395
vn -0.6068 -0.7347 -0.3034
vn -0.9297 -0.2296 -0.2881
vn -0.9703 0.1136 -0.2134
vn -0.9138 0.2578 -0.3140
vn -0.9250 -0.3610 0.1187
vn -0.9248 -0.3685 0.0945
vn -0.6931 -0.7140 0.0994
vn -0.9268 0.3300 0.1793
vn -0.5048 0.8405 -0.1970
vn -0.6440 0.7560 0.1168
vn -0.9303 0.1610 0.3297
vn -0.7741 -0.5936 0.2198
vn -0.6484 -0.7143 0.2635
vn -0.9362 0.2631 0.2331
vn -0.9836 -0.0771 0.1631
vn -0.8394 -0.5400 0.0610
vn -0.7361 -0.6624 0.1392
vn -0.8424 0.5157 0.1565
vn -0.3896 0.8790 0.2751
vn -0.6318 0.6513 0.4203
vn -0.9314 0.1751 0.3190
vn -0.8093 0.5806 0.0888
vn -0.9855 0.1589 -0.0603
vn -0.7967 -0.6043 -0.0034
vn -0.5988 -0.7987 0.0592
vn -0.9773 0.1074 -0.1826
vn -0.4652 0.8843 0.0414
vn -0.9580 -0.2593 -0.1228
vn -0.8496 -0.5041 -0.1551
vn -0.5195 -0.8531 0.0490
vn -0.9488 0.2903 -0.1249
vn -0.2471 0.9674 -0.0552
vn -0.9927 0.0767 -0.0935
vn -0.8490 -0.5283 -0.0032
vn -0.3905 -0.8910 0.2317
vn -0.9846 0.1742 -0.0163
vn -0.2376 0.9538 -0.1839
vn -0.2543 -0.8355 0.4871
vn -0.9209 0.1622 0.3545
vn -0.9231 0.0698 0.3782
vn -0.7445 -0.5581 0.3664
vn -0.6480 0.0735 0.7581
vn -0.7200 0.2633 0.6421
vn -0.1086 -0.7180 0.6875
vn -0.6062 -0.3797 0.6988
vn 0.3028 0.5630 0.7690
vn -0.5028 -0.6050 0.6174
vn -0.8829 -0.4679 -0.0397
vn -0.6957 0.7084 0.1192
vn -0.9441 0.3137 0.1017
vn -0.9575 0.2863 0.0364
vn -0.6949 0.7176 0.0460
vn -0.5528 -0.8329 -0.0258
vn -0.9381 -0.3421 0.0551
vn -0.9098 -0.4114 0.0546
vn -0.4202 -0.9070 -0.0289
vn -0.6572 0.7522 0.0486
vn -0.9955 0.0508 0.0804
vn -0.9947 0.0745 0.0701
vn -0.4760 0.8636 -0.1660
vn -0.9906 0.1329 -0.0327
vn -0.8620 -0.5040 0.0545
vn -0.3188 -0.9444 0.0805
vn -0.9811 0.1420 -0.1313
vn -0.8321 -0.5490 0.0785
vn -0.2884 -0.9400 0.1823
vn -0.4004 0.8435 -0.3579
vn -0.2969 0.8702 -0.3933
vn -0.9187 0.3448 -0.1924
vn -0.8861 -0.4624 -0.0329
vn -0.3307 -0.9434 0.0232
vn -0.2665 0.9457 -0.1858
vn -0.9743 0.1957 -0.1118
vn -0.8096 -0.5641 -0.1623
vn -0.2481 -0.9626 -0.1087
vn -0.3861 0.9143 -0.1224
vn -0.9797 -0.1299 -0.1525
vn -0.6318 -0.7720 -0.0692
vn -0.2149 -0.9752 0.0525
vn -0.4352 0.8583 -0.2719
vn -0.9647 -0.0190 -0.2625
vn -0.8344 -0.5473 -0.0647
vn -0.4422 -0.8579 0.2617
vn -0.3503 0.8291 -0.4358
vn -0.8818 0.1832 -0.4347
vn -0.9472 -0.1883 -0.2595
vn -0.7487 -0.6561 0.0951
vn -0.2361 0.7608 -0.6045
vn -0.5533 0.5515 -0.6243
vn -0.6863 0.5533 -0.4719
vn -0.6925 0.3875 -0.6085
vn -0.8195 0.2055 -0.5349
vn -0.8300 -0.2126 -0.5156
vn -0.1242 0.6579 -0.7428
vn -0.3146 0.5660 -0.7620
vn -0.4147 0.4885 -0.7677
vn -0.6717 -0.1000 -0.7340
vn 0.0309 0.0926 0.9952
vn -0.2126 -0.4072 0.8882
vn -0.2639 0.0508 0.9632
vn 0.0716 -0.3735 0.9249
vn -0.6650 0.5717 0.4806
vn -0.5904 0.0192 -0.8069
vn -0.8678 0.4584 0.1917
vn -0.6181 0.6435 0.4515
vn -0.9373 0.3005 0.1767
vn -0.6160 -0.5391 0.5744
vn -0.7810 -0.2862 -0.5551
vn -0.3391 0.7107 -0.6163
vn -0.3173 0.7273 0.6086
vn -0.9172 0.3846 -0.1037
vn -0.7924 0.5811 -0.1857
vn -0.8709 0.4903 -0.0330
vn -0.9988 0.0414 0.0256
vn -0.9163 0.3988 0.0376
vn -0.8352 0.5388 -0.1099
vn -0.7696 0.5764 -0.2749
vn -0.6103 0.7220 -0.3260
vn -0.6256 0.7628 -0.1634
vn -0.8132 0.5693 -0.1210
vn -0.8062 0.5116 -0.2973
# 378 vertex normals

vt 0.7977 0.9323 0.0000
vt 0.7829 0.9928 0.0000
vt 0.7847 0.9327 0.0000
vt 0.6121 0.8584 0.0000
vt 0.5985 0.8445 0.0000
vt 0.6008 0.8447 0.0000
vt 0.6123 0.8553 0.0000
vt 0.6059 0.8426 0.0000
vt 0.6150 0.8509 0.0000
vt 0.6336 0.8348 0.0000
vt 0.6298 0.8382 0.0000
vt 0.6139 0.8236 0.0000
vt 0.6138 0.8270 0.0000
vt 0.1877 0.4268 0.0000
vt 0.2053 0.3584 0.0000
vt 0.2365 0.3761 0.0000
vt 0.2125 0.4339 0.0000
vt 0.0602 0.4304 0.0000
vt 0.0567 0.3658 0.0000
vt 0.1182 0.3403 0.0000
vt 0.0896 0.4164 0.0000
vt 0.0200 0.3747 0.0000
vt 0.0096 0.3165 0.0000
vt 0.0519 0.3063 0.0000
vt 0.1653 0.3427 0.0000
vt 0.1349 0.2829 0.0000
vt 0.1804 0.2815 0.0000
vt 0.2217 0.2921 0.0000
vt 0.0030 0.2282 0.0000
vt 0.0715 0.2237 0.0000
vt 0.1547 0.1988 0.0000
vt 0.1999 0.1949 0.0000
vt 0.2440 0.2028 0.0000
vt 0.2593 0.3087 0.0000
vt 0.2839 0.2178 0.0000
vt 0.0177 0.1555 0.0000
vt 0.1102 0.1549 0.0000
vt 0.1716 0.1396 0.0000
vt 0.2164 0.1357 0.0000
vt 0.2540 0.1288 0.0000
vt 0.3029 0.1386 0.0000
vt 0.1911 0.0762 0.0000
vt 0.2183 0.0651 0.0000
vt 0.2547 0.0591 0.0000
vt 0.2991 0.0528 0.0000
vt 0.0662 0.0664 0.0000
vt 0.1327 0.0768 0.0000
vt 0.1973 0.0099 0.0000
vt 0.2239 0.0133 0.0000
vt 0.2469 0.0104 0.0000
vt 0.2901 0.0030 0.0000
vt 0.1014 0.0070 0.0000
vt 0.1560 0.0086 0.0000
vt 0.5914 0.5269 0.0000
vt 0.5881 0.4780 0.0000
vt 0.6228 0.4648 0.0000
vt 0.6416 0.5198 0.0000
vt 0.6944 0.4560 0.0000
vt 0.6914 0.5213 0.0000
vt 0.6464 0.5694 0.0000
vt 0.6437 0.5672 0.0000
vt 0.6425 0.5681 0.0000
vt 0.5829 0.5628 0.0000
vt 0.7746 0.5583 0.0000
vt 0.7239 0.5522 0.0000
vt 0.7313 0.5189 0.0000
vt 0.7749 0.5066 0.0000
vt 0.6246 0.6288 0.0000
vt 0.6217 0.6264 0.0000
vt 0.6182 0.6274 0.0000
vt 0.5834 0.6288 0.0000
vt 0.5347 0.6188 0.0000
vt 0.5286 0.5541 0.0000
vt 0.6186 0.6946 0.0000
vt 0.6123 0.6922 0.0000
vt 0.6093 0.6949 0.0000
vt 0.5726 0.7040 0.0000
vt 0.6885 0.6938 0.0000
vt 0.6594 0.6924 0.0000
vt 0.6551 0.6410 0.0000
vt 0.7026 0.6415 0.0000
vt 0.6076 0.7434 0.0000
vt 0.6030 0.7408 0.0000
vt 0.5975 0.7441 0.0000
vt 0.5667 0.7473 0.0000
vt 0.7176 0.7040 0.0000
vt 0.6986 0.7573 0.0000
vt 0.6717 0.7522 0.0000
vt 0.6053 0.7799 0.0000
vt 0.6016 0.7777 0.0000
vt 0.5973 0.7817 0.0000
vt 0.5635 0.7856 0.0000
vt 0.6836 0.7942 0.0000
vt 0.6597 0.7872 0.0000
vt 0.5975 0.8012 0.0000
vt 0.5956 0.7997 0.0000
vt 0.5931 0.8030 0.0000
vt 0.5641 0.8092 0.0000
vt 0.6728 0.8230 0.0000
vt 0.6467 0.8132 0.0000
vt 0.5895 0.8197 0.0000
vt 0.5672 0.8284 0.0000
vt 0.6562 0.8491 0.0000
vt 0.5922 0.8188 0.0000
vt 0.5905 0.8182 0.0000
vt 0.5887 0.8348 0.0000
vt 0.5870 0.8357 0.0000
vt 0.5740 0.8441 0.0000
vt 0.5612 0.8615 0.0000
vt 0.5456 0.8433 0.0000
vt 0.6295 0.8692 0.0000
vt 0.6127 0.8332 0.0000
vt 0.6256 0.8424 0.0000
vt 0.5914 0.8353 0.0000
vt 0.7561 0.6333 0.0000
vt 0.8325 0.9778 0.0000
vt 0.8411 0.9214 0.0000
vt 0.9159 0.9073 0.0000
vt 0.9146 0.9447 0.0000
vt 0.8931 0.9357 0.0000
vt 0.9007 0.8948 0.0000
vt 0.9579 0.9268 0.0000
vt 0.9548 0.9469 0.0000
vt 0.8224 0.8419 0.0000
vt 0.8231 0.7894 0.0000
vt 0.8549 0.7990 0.0000
vt 0.8544 0.8519 0.0000
vt 0.9178 0.8646 0.0000
vt 0.9619 0.8790 0.0000
vt 0.8816 0.8239 0.0000
vt 0.8799 0.8773 0.0000
vt 0.9143 0.8032 0.0000
vt 0.9509 0.8004 0.0000
vt 0.8504 0.7645 0.0000
vt 0.8775 0.7810 0.0000
vt 0.8201 0.7572 0.0000
vt 0.8425 0.7193 0.0000
vt 0.8669 0.7306 0.0000
vt 0.8148 0.7123 0.0000
vt 0.9024 0.7453 0.0000
vt 0.9354 0.7386 0.0000
vt 0.8906 0.6902 0.0000
vt 0.9182 0.6849 0.0000
vt 0.8353 0.6664 0.0000
vt 0.8569 0.6781 0.0000
vt 0.8095 0.6570 0.0000
vt 0.8790 0.6380 0.0000
vt 0.9037 0.6334 0.0000
vt 0.8313 0.6128 0.0000
vt 0.8458 0.6263 0.0000
vt 0.8087 0.6032 0.0000
vt 0.8653 0.5852 0.0000
vt 0.8903 0.5789 0.0000
vt 0.8259 0.5624 0.0000
vt 0.8408 0.5789 0.0000
vt 0.8078 0.5517 0.0000
vt 0.8518 0.5295 0.0000
vt 0.8721 0.5248 0.0000
vt 0.8221 0.5119 0.0000
vt 0.8354 0.5208 0.0000
vt 0.8095 0.5008 0.0000
vt 0.8459 0.5048 0.0000
vt 0.8576 0.4952 0.0000
vt 0.8217 0.4891 0.0000
vt 0.8310 0.4968 0.0000
vt 0.8092 0.4831 0.0000
vt 0.8401 0.5032 0.0000
vt 0.8333 0.4804 0.0000
vt 0.8384 0.4797 0.0000
vt 0.8268 0.4776 0.0000
vt 0.8096 0.4687 0.0000
vt 0.8202 0.4738 0.0000
vt 0.7947 0.4795 0.0000
vt 0.7952 0.4590 0.0000
vt 0.8279 0.4669 0.0000
vt 0.8318 0.4670 0.0000
vt 0.8227 0.4660 0.0000
vt 0.8139 0.4557 0.0000
vt 0.8188 0.4653 0.0000
vt 0.8025 0.4565 0.0000
vt 0.5992 0.8567 0.0000
vt 0.6021 0.8757 0.0000
vt 0.5893 0.8452 0.0000
vt 0.5893 0.8457 0.0000
vt 0.5951 0.8474 0.0000
vt 0.5803 0.8721 0.0000
vt 0.5846 0.8540 0.0000
vt 0.9121 0.9631 0.0000
vt 0.8932 0.9705 0.0000
vt 0.9543 0.9577 0.0000
vt 0.6889 0.6272 0.0000
vt 0.7138 0.5683 0.0000
vt 0.6678 0.6242 0.0000
vt 0.6753 0.5657 0.0000
vt 0.6785 0.5734 0.0000
vt 0.6875 0.6209 0.0000
vt 0.7155 0.5729 0.0000
vt 0.6771 0.6255 0.0000
vt 0.6873 0.5781 0.0000
vt 0.1547 0.4267 0.0000
vt 0.7355 0.4619 0.0000
vt 0.6438 0.7464 0.0000
vt 0.6339 0.7820 0.0000
vt 0.6238 0.8048 0.0000
vt 0.8703 0.9270 0.0000
vt 0.8698 0.9718 0.0000
vt 0.7921 0.7887 0.0000
vt 0.7902 0.8415 0.0000
vt 0.9023 0.8469 0.0000
vt 0.8989 0.7968 0.0000
vt 0.7916 0.7571 0.0000
vt 0.8872 0.7407 0.0000
vt 0.7895 0.7119 0.0000
vt 0.7865 0.6554 0.0000
vt 0.8755 0.6869 0.0000
vt 0.8636 0.6364 0.0000
vt 0.7904 0.5998 0.0000
vt 0.8524 0.5853 0.0000
vt 0.7939 0.5467 0.0000
vt 0.8440 0.5260 0.0000
vt 0.7965 0.4969 0.0000
vt 0.8236 0.4589 0.0000
vt 0.0327 0.4331 0.0000
vt 0.7649 0.4557 0.0000
vt 0.5596 0.4693 0.0000
vt 0.5390 0.5123 0.0000
vt 0.5364 0.6982 0.0000
vt 0.5338 0.7416 0.0000
vt 0.5329 0.7889 0.0000
vt 0.5362 0.8192 0.0000
vt 0.8419 0.4739 0.0000
vt 0.8315 0.4638 0.0000
vt 0.4719 0.4792 0.0000
vt 0.4848 0.4821 0.0000
vt 0.4759 0.5420 0.0000
vt 0.5749 0.4255 0.0000
vt 0.5737 0.4223 0.0000
vt 0.5873 0.4169 0.0000
vt 0.5898 0.4178 0.0000
vt 0.5717 0.4175 0.0000
vt 0.5830 0.4127 0.0000
vt 0.5603 0.3961 0.0000
vt 0.5631 0.4001 0.0000
vt 0.5820 0.3956 0.0000
vt 0.5823 0.3919 0.0000
vt 0.0153 0.9197 0.0000
vt 0.0178 0.9183 0.0000
vt 0.0076 0.8494 0.0000
vt 0.0212 0.8404 0.0000
vt 0.1381 0.9596 0.0000
vt 0.1203 0.9379 0.0000
vt 0.1163 0.8525 0.0000
vt 0.1692 0.8951 0.0000
vt 0.1906 0.8310 0.0000
vt 0.1978 0.8447 0.0000
vt 0.1690 0.9017 0.0000
vt 0.0619 0.8387 0.0000
vt 0.0653 0.7668 0.0000
vt 0.1185 0.7837 0.0000
vt 0.0281 0.7641 0.0000
vt 0.2026 0.7358 0.0000
vt 0.2328 0.7553 0.0000
vt 0.0725 0.6646 0.0000
vt 0.1238 0.6832 0.0000
vt 0.0334 0.6608 0.0000
vt 0.0127 0.7718 0.0000
vt 0.0190 0.6688 0.0000
vt 0.1857 0.6472 0.0000
vt 0.2379 0.6770 0.0000
vt 0.0710 0.5937 0.0000
vt 0.1226 0.6114 0.0000
vt 0.0324 0.5764 0.0000
vt 0.0030 0.5825 0.0000
vt 0.0904 0.5165 0.0000
vt 0.1183 0.5364 0.0000
vt 0.0519 0.4992 0.0000
vt 0.0280 0.4917 0.0000
vt 0.1771 0.5560 0.0000
vt 0.2034 0.5725 0.0000
vt 0.1000 0.4621 0.0000
vt 0.1270 0.4652 0.0000
vt 0.0798 0.4524 0.0000
vt 0.0536 0.4418 0.0000
vt 0.1684 0.4752 0.0000
vt 0.1842 0.4986 0.0000
vt 0.7148 0.1127 0.0000
vt 0.6699 0.0923 0.0000
vt 0.6944 0.0369 0.0000
vt 0.7273 0.0596 0.0000
vt 0.6229 0.0175 0.0000
vt 0.6217 0.0796 0.0000
vt 0.6520 0.1372 0.0000
vt 0.6490 0.1378 0.0000
vt 0.7111 0.1517 0.0000
vt 0.6526 0.1400 0.0000
vt 0.5287 0.0957 0.0000
vt 0.5352 0.0483 0.0000
vt 0.5808 0.0689 0.0000
vt 0.5821 0.0971 0.0000
vt 0.6502 0.2005 0.0000
vt 0.6489 0.2013 0.0000
vt 0.6897 0.2161 0.0000
vt 0.6559 0.2037 0.0000
vt 0.7648 0.1563 0.0000
vt 0.7406 0.2218 0.0000
vt 0.6391 0.2671 0.0000
vt 0.6334 0.2672 0.0000
vt 0.6725 0.2913 0.0000
vt 0.6417 0.2709 0.0000
vt 0.5699 0.2428 0.0000
vt 0.5761 0.1880 0.0000
vt 0.6187 0.2035 0.0000
vt 0.5971 0.2512 0.0000
vt 0.6299 0.3172 0.0000
vt 0.6244 0.3183 0.0000
vt 0.6582 0.3349 0.0000
vt 0.6328 0.3212 0.0000
vt 0.5621 0.3036 0.0000
vt 0.5352 0.2989 0.0000
vt 0.5425 0.2434 0.0000
vt 0.6151 0.3528 0.0000
vt 0.6105 0.3540 0.0000
vt 0.6434 0.3721 0.0000
vt 0.6148 0.3563 0.0000
vt 0.5573 0.3411 0.0000
vt 0.5307 0.3405 0.0000
vt 0.6086 0.3763 0.0000
vt 0.6071 0.3774 0.0000
vt 0.6331 0.3940 0.0000
vt 0.6075 0.3794 0.0000
vt 0.5570 0.3705 0.0000
vt 0.5286 0.3758 0.0000
vt 0.6242 0.4108 0.0000
vt 0.6034 0.3976 0.0000
vt 0.5381 0.4099 0.0000
vt 0.6031 0.3958 0.0000
vt 0.6024 0.3959 0.0000
vt 0.5987 0.4120 0.0000
vt 0.6016 0.4125 0.0000
vt 0.6140 0.4236 0.0000
vt 0.6447 0.4279 0.0000
vt 0.6271 0.4415 0.0000
vt 0.5609 0.4357 0.0000
vt 0.5649 0.4055 0.0000
vt 0.5806 0.4025 0.0000
vt 0.5970 0.4129 0.0000
vt 0.5310 0.1673 0.0000
vt 0.4279 0.5169 0.0000
vt 0.4305 0.4596 0.0000
vt 0.3581 0.4310 0.0000
vt 0.3749 0.4213 0.0000
vt 0.3754 0.4631 0.0000
vt 0.3526 0.4680 0.0000
vt 0.3145 0.4438 0.0000
vt 0.3131 0.4615 0.0000
vt 0.4647 0.3850 0.0000
vt 0.4304 0.3885 0.0000
vt 0.4381 0.3362 0.0000
vt 0.4724 0.3327 0.0000
vt 0.3173 0.3986 0.0000
vt 0.3617 0.3887 0.0000
vt 0.3993 0.4082 0.0000
vt 0.4057 0.3556 0.0000
vt 0.3336 0.3228 0.0000
vt 0.3712 0.3286 0.0000
vt 0.4139 0.3143 0.0000
vt 0.4453 0.3031 0.0000
vt 0.4784 0.3010 0.0000
vt 0.4281 0.2661 0.0000
vt 0.4558 0.2596 0.0000
vt 0.4865 0.2571 0.0000
vt 0.3526 0.2635 0.0000
vt 0.3874 0.2735 0.0000
vt 0.3743 0.2127 0.0000
vt 0.4030 0.2215 0.0000
vt 0.4414 0.2158 0.0000
vt 0.4663 0.2085 0.0000
vt 0.4944 0.2028 0.0000
vt 0.3949 0.1649 0.0000
vt 0.4190 0.1722 0.0000
vt 0.4564 0.1667 0.0000
vt 0.4741 0.1563 0.0000
vt 0.4978 0.1494 0.0000
vt 0.4147 0.1143 0.0000
vt 0.4381 0.1226 0.0000
vt 0.4656 0.1213 0.0000
vt 0.4835 0.1073 0.0000
vt 0.5022 0.0984 0.0000
vt 0.4376 0.0636 0.0000
vt 0.4580 0.0701 0.0000
vt 0.4770 0.0652 0.0000
vt 0.4913 0.0580 0.0000
vt 0.5049 0.0480 0.0000
vt 0.4540 0.0368 0.0000
vt 0.4661 0.0473 0.0000
vt 0.4828 0.0425 0.0000
vt 0.4930 0.0360 0.0000
vt 0.5061 0.0308 0.0000
vt 0.4752 0.0238 0.0000
vt 0.4810 0.0257 0.0000
vt 0.4727 0.0471 0.0000
vt 0.4879 0.0242 0.0000
vt 0.4950 0.0213 0.0000
vt 0.5057 0.0163 0.0000
vt 0.5199 0.0066 0.0000
vt 0.5206 0.0274 0.0000
vt 0.4824 0.0122 0.0000
vt 0.4867 0.0130 0.0000
vt 0.4922 0.0132 0.0000
vt 0.4962 0.0129 0.0000
vt 0.5006 0.0030 0.0000
vt 0.5123 0.0037 0.0000
vt 0.5875 0.4287 0.0000
vt 0.5861 0.4466 0.0000
vt 0.5962 0.4221 0.0000
vt 0.5978 0.4224 0.0000
vt 0.5929 0.4223 0.0000
vt 0.6074 0.4478 0.0000
vt 0.6021 0.4304 0.0000
vt 0.3508 0.4865 0.0000
vt 0.3683 0.4976 0.0000
vt 0.3109 0.4708 0.0000
vt 0.5896 0.1130 0.0000
vt 0.5926 0.1789 0.0000
vt 0.6106 0.1830 0.0000
vt 0.6220 0.1303 0.0000
vt 0.6249 0.1245 0.0000
vt 0.5904 0.1162 0.0000
vt 0.5982 0.1690 0.0000
vt 0.6006 0.1760 0.0000
vt 0.6180 0.1333 0.0000
vt 0.0497 0.9286 0.0000
vt 0.5814 0.0160 0.0000
vt 0.5899 0.3077 0.0000
vt 0.5831 0.3451 0.0000
vt 0.5813 0.3707 0.0000
vt 0.3998 0.4591 0.0000
vt 0.3917 0.5034 0.0000
vt 0.5044 0.3372 0.0000
vt 0.4969 0.3906 0.0000
vt 0.3799 0.3740 0.0000
vt 0.3887 0.3255 0.0000
vt 0.5087 0.3047 0.0000
vt 0.4050 0.2721 0.0000
vt 0.5146 0.2589 0.0000
vt 0.5175 0.2023 0.0000
vt 0.4201 0.2209 0.0000
vt 0.4354 0.1731 0.0000
vt 0.5177 0.1471 0.0000
vt 0.4515 0.1250 0.0000
vt 0.5161 0.0946 0.0000
vt 0.4673 0.0685 0.0000
vt 0.5186 0.0450 0.0000
vt 0.4905 0.0051 0.0000
vt 0.1370 0.9599 0.0000
vt 0.5541 0.0030 0.0000
vt 0.7573 0.0608 0.0000
vt 0.7648 0.1103 0.0000
vt 0.7078 0.2991 0.0000
vt 0.6896 0.3415 0.0000
vt 0.6706 0.3844 0.0000
vt 0.6584 0.4095 0.0000
vt 0.4707 0.0174 0.0000
vt 0.4820 0.0087 0.0000
# 464 texture coords

o cuerpo
g cuerpo
usemtl wire_093018099
s 1
f 1/1/1 2/2/2 3/3/3 
s 2
f 4/4/4 5/5/5 6/6/6 7/7/7 
f 7/7/7 6/6/6 8/8/8 9/9/9 
f 10/10/10 4/4/4 7/7/7 11/11/11 
f 5/5/5 12/12/12 13/13/13 6/6/6 
s 4
f 14/14/14 15/15/15 16/16/16 17/17/17 
f 18/18/18 19/19/19 20/20/20 21/21/21 
f 19/19/19 22/22/22 23/23/23 24/24/24 
f 25/25/25 20/20/20 26/26/26 27/27/27 
f 15/15/15 25/25/25 27/27/27 28/28/28 
f 24/24/24 23/23/23 29/29/29 30/30/30 
f 27/27/27 26/26/26 31/31/31 32/32/32 
f 28/28/28 27/27/27 32/32/32 33/33/33 
f 34/34/34 28/28/28 33/33/33 35/35/35 
f 30/30/30 29/29/29 36/36/36 37/37/37 
f 32/32/32 31/31/31 38/38/38 39/39/39 
f 33/33/33 32/32/32 39/39/39 40/40/40 
f 35/35/35 33/33/33 40/40/40 41/41/41 
f 39/39/39 38/38/38 42/42/42 43/43/43 
f 40/40/40 39/39/39 43/43/43 44/44/44 
f 41/41/41 40/40/40 44/44/44 45/45/45 
f 37/37/37 36/36/36 46/46/46 47/47/47 
f 43/43/43 42/42/42 48/48/48 49/49/49 
f 44/44/44 43/43/43 49/49/49 50/50/50 
f 45/45/45 44/44/44 50/50/50 51/51/51 
f 47/47/47 46/46/46 2/52/2 52/53/52 
s 2
f 53/54/53 18/55/18 21/56/21 54/57/54 
f 55/58/55 56/59/56 54/57/54 21/56/21 
f 54/57/54 57/60/57 58/61/58 
f 53/54/53 54/57/54 59/62/59 60/63/60 
f 61/64/61 62/65/62 63/66/63 64/67/64 
f 58/61/58 57/60/57 65/68/65 66/69/66 
f 60/63/60 59/62/59 67/70/67 68/71/68 
f 68/71/68 69/72/69 70/73/70 60/63/60 
f 66/69/66 65/68/65 71/74/71 72/75/72 
f 68/71/68 67/70/67 73/76/73 74/77/74 
f 75/78/75 76/79/76 77/80/77 78/81/78 
f 72/75/72 71/74/71 79/82/79 80/83/80 
f 74/77/74 73/76/73 81/84/81 82/85/82 
f 75/78/75 83/86/83 84/87/84 85/88/85 
f 80/83/80 79/82/79 86/89/86 87/90/87 
f 82/85/82 81/84/81 88/91/88 89/92/89 
f 85/88/85 84/87/84 90/93/90 91/94/91 
f 87/90/87 86/89/86 92/95/92 93/96/93 
f 89/92/89 88/91/88 94/97/94 95/98/95 
f 91/94/91 90/93/90 96/99/96 97/100/97 
f 95/98/95 94/97/94 98/101/98 99/102/99 
f 97/100/97 96/99/96 100/103/100 10/10/10 
f 93/96/93 92/95/92 101/104/101 102/105/102 
f 103/106/103 104/107/104 98/101/98 102/105/102 
f 105/108/105 106/109/106 107/110/107 99/102/99 
f 108/111/108 4/4/4 10/10/10 100/103/100 
f 9/9/9 8/8/8 109/112/109 110/113/110 
f 5/5/5 111/114/111 101/104/101 12/12/12 
f 62/65/62 61/64/61 112/115/112 78/81/78 
s 1
f 52/116/52 2/2/2 1/1/1 113/117/113 
f 114/118/114 115/119/115 116/120/116 117/121/117 
f 118/122/118 119/123/119 115/119/115 114/118/114 
f 120/124/120 121/125/121 122/126/122 123/127/123 
f 114/118/114 124/128/124 125/129/125 118/122/118 
f 123/127/123 122/126/122 126/130/126 127/131/127 
f 124/128/124 128/132/128 129/133/129 125/129/125 
f 122/126/122 130/134/130 131/135/131 126/130/126 
f 121/125/121 132/136/132 130/134/130 122/126/122 
f 130/134/130 133/137/133 134/138/134 131/135/131 
f 132/136/132 135/139/135 133/137/133 130/134/130 
f 128/132/128 136/140/136 137/141/137 129/133/129 
f 136/140/136 138/142/138 139/143/139 137/141/137 
f 133/137/133 140/144/140 141/145/141 134/138/134 
f 135/139/135 142/146/142 140/144/140 133/137/133 
f 138/142/138 143/147/143 144/148/144 139/143/139 
f 140/144/140 145/149/145 146/150/146 141/145/141 
f 142/146/142 147/151/147 145/149/145 140/144/140 
f 143/147/143 148/152/148 149/153/149 144/148/144 
f 145/149/145 150/154/150 151/155/151 146/150/146 
f 147/151/147 152/156/152 150/154/150 145/149/145 
f 148/152/148 153/157/153 154/158/154 149/153/149 
f 150/154/150 155/159/155 156/160/156 151/155/151 
f 152/156/152 157/161/157 155/159/155 150/154/150 
f 153/157/153 158/162/158 159/163/159 154/158/154 
f 155/159/155 160/164/160 161/165/161 156/160/156 
f 157/161/157 162/166/162 160/164/160 155/159/155 
f 158/162/158 163/167/163 164/168/164 165/169/165 
f 163/167/163 161/165/161 166/170/166 164/168/164 
f 160/164/160 162/166/162 167/171/167 168/172/168 
f 162/166/162 169/173/169 170/174/170 167/171/167 
f 165/169/165 164/168/164 171/175/171 172/176/172 
f 164/168/164 166/170/166 173/177/173 171/175/171 
f 168/172/168 167/171/167 174/178/174 175/179/175 
f 167/171/167 170/174/170 176/180/176 174/178/174 
s 2
f 177/181/177 4/4/4 108/111/108 178/182/178 
f 179/183/176 103/106/103 111/114/111 180/184/179 
f 177/181/177 181/185/180 5/5/5 4/4/4 
f 182/186/181 106/109/106 105/108/105 183/187/182 
f 103/106/103 179/183/176 180/184/179 104/107/104 
s 1
f 120/124/120 123/127/123 113/117/113 1/1/1 
f 50/188/50 49/189/49 116/120/116 115/119/115 
f 50/188/50 115/119/115 119/123/119 51/190/51 
s 2
f 11/11/11 7/7/7 9/9/9 110/113/110 
f 6/6/6 13/13/13 109/112/109 8/8/8 
f 62/65/62 78/81/78 184/191/183 185/192/184 
f 78/81/78 77/80/77 186/193/185 184/191/183 
f 77/80/77 187/194/186 188/195/187 186/193/185 
f 185/192/184 184/191/183 189/196/188 190/197/189 
f 184/191/183 186/193/185 191/198/190 189/196/188 
f 186/193/185 188/195/187 192/199/191 191/198/190 
f 12/12/12 10/10/10 11/11/11 13/13/13 
f 13/13/13 11/11/11 110/113/110 109/112/109 
s 4
f 25/25/25 15/15/15 14/14/14 55/200/55 
f 20/20/20 25/25/25 55/200/55 21/21/21 
f 20/20/20 19/19/19 24/24/24 26/26/26 
f 26/26/26 24/24/24 30/30/30 31/31/31 
f 31/31/31 30/30/30 37/37/37 38/38/38 
f 38/38/38 37/37/37 47/47/47 42/42/42 
f 42/42/42 47/47/47 52/53/52 48/48/48 
s 2
f 55/58/55 14/201/14 63/66/63 56/59/56 
f 54/57/54 56/59/56 187/194/186 57/60/57 
f 54/57/54 58/61/58 59/62/59 
f 56/59/56 63/66/63 62/65/62 187/194/186 
f 57/60/57 187/194/186 77/80/77 65/68/65 
f 59/62/59 58/61/58 66/69/66 67/70/67 
f 192/199/191 190/197/189 189/196/188 191/198/190 
f 65/68/65 77/80/77 76/79/76 71/74/71 
f 67/70/67 66/69/66 72/75/72 73/76/73 
f 71/74/71 76/79/76 193/202/192 79/82/79 
f 73/76/73 72/75/72 80/83/80 81/84/81 
f 76/79/76 75/78/75 85/88/85 193/202/192 
f 79/82/79 193/202/192 194/203/193 86/89/86 
f 81/84/81 80/83/80 87/90/87 88/91/88 
f 193/202/192 85/88/85 91/94/91 194/203/193 
f 86/89/86 194/203/193 195/204/194 92/95/92 
f 88/91/88 87/90/87 93/96/93 94/97/94 
f 194/203/193 91/94/91 97/100/97 195/204/194 
f 94/97/94 93/96/93 102/105/102 98/101/98 
f 195/204/194 97/100/97 10/10/10 12/12/12 
f 92/95/92 195/204/194 12/12/12 101/104/101 
f 104/107/104 105/108/105 99/102/99 98/101/98 
f 111/114/111 103/106/103 102/105/102 101/104/101 
s 1
f 196/205/195 113/117/113 123/127/123 127/131/127 
f 196/205/195 116/120/116 49/189/49 48/206/48 
f 197/207/196 121/125/121 120/124/120 198/208/197 
f 199/209/198 124/128/124 114/118/114 117/121/117 
f 126/130/126 199/209/198 117/121/117 127/131/127 
f 200/210/199 128/132/128 124/128/124 199/209/198 
f 131/135/131 200/210/199 199/209/198 126/130/126 
f 201/211/200 132/136/132 121/125/121 197/207/196 
f 202/212/201 136/140/136 128/132/128 200/210/199 
f 134/138/134 202/212/201 200/210/199 131/135/131 
f 203/213/202 135/139/135 132/136/132 201/211/200 
f 204/214/203 142/146/142 135/139/135 203/213/202 
f 205/215/204 138/142/138 136/140/136 202/212/201 
f 141/145/141 205/215/204 202/212/201 134/138/134 
f 206/216/205 143/147/143 138/142/138 205/215/204 
f 146/150/146 206/216/205 205/215/204 141/145/141 
f 207/217/206 147/151/147 142/146/142 204/214/203 
f 208/218/207 148/152/148 143/147/143 206/216/205 
f 151/155/151 208/218/207 206/216/205 146/150/146 
f 209/219/208 152/156/152 147/151/147 207/217/206 
f 210/220/209 153/157/153 148/152/148 208/218/207 
f 156/160/156 210/220/209 208/218/207 151/155/151 
f 211/221/210 157/161/157 152/156/152 209/219/208 
f 163/167/163 158/162/158 153/157/153 210/220/209 
f 161/165/161 163/167/163 210/220/209 156/160/156 
f 169/173/169 162/166/162 157/161/157 211/221/210 
f 161/165/161 160/164/160 168/172/168 166/170/166 
f 166/170/166 168/172/168 175/179/175 173/177/173 
f 174/178/174 212/222/211 171/175/171 173/177/173 
f 173/177/173 175/179/175 174/178/174 
s 2
f 111/114/111 5/5/5 181/185/180 180/184/179 
f 180/184/179 183/187/182 105/108/105 104/107/104 
f 183/187/182 177/181/177 178/182/178 182/186/181 
f 181/185/180 177/181/177 183/187/182 
f 180/184/179 181/185/180 183/187/182 
s 1
f 48/206/48 52/116/52 113/117/113 196/205/195 
f 127/131/127 117/121/117 116/120/116 196/205/195 
s 2
f 187/194/186 62/65/62 185/192/184 188/195/187 
f 188/195/187 185/192/184 190/197/189 192/199/191 
s 4
f 22/22/22 19/19/19 18/18/18 213/223/212 
f 16/16/16 15/15/15 28/28/28 34/34/34 
s 2
f 64/67/64 63/66/63 14/201/14 17/224/17 
f 213/225/212 18/55/18 53/54/53 214/226/213 
f 214/226/213 53/54/53 60/63/60 70/73/70 
f 215/227/214 74/77/74 82/85/82 216/228/215 
f 216/228/215 82/85/82 89/92/89 217/229/216 
f 217/229/216 89/92/89 95/98/95 218/230/217 
f 218/230/217 95/98/95 99/102/99 107/110/107 
f 83/86/83 75/78/75 78/81/78 112/115/112 
f 69/72/69 68/71/68 74/77/74 215/227/214 
s 1
f 159/163/159 158/162/158 165/169/165 219/231/218 
f 219/231/218 165/169/165 172/176/172 220/232/219 
f 198/208/197 120/124/120 1/1/1 3/3/3 
f 220/232/219 172/176/172 171/175/171 212/222/211 
s 2
f 221/233/220 3/234/3 2/235/2 
s 1
f 222/236/221 223/237/222 224/238/223 225/239/224 
f 223/237/222 226/240/225 227/241/226 224/238/223 
f 228/242/227 229/243/228 223/237/222 222/236/221 
f 225/239/224 224/238/223 230/244/229 231/245/230 
s 8
f 232/246/231 17/247/17 16/248/16 233/249/232 
f 234/250/233 235/251/234 236/252/235 237/253/236 
f 237/253/236 238/254/237 23/255/23 22/256/22 
f 239/257/238 240/258/239 241/259/240 236/252/235 
f 233/249/232 242/260/241 240/258/239 239/257/238 
f 238/254/237 243/261/242 29/262/29 23/255/23 
f 240/258/239 244/263/243 245/264/244 241/259/240 
f 242/260/241 246/265/245 244/263/243 240/258/239 
f 34/266/34 35/267/35 246/265/245 242/260/241 
f 243/261/242 247/268/246 36/269/36 29/262/29 
f 244/263/243 248/270/247 249/271/248 245/264/244 
f 246/265/245 250/272/249 248/270/247 244/263/243 
f 35/267/35 41/273/41 250/272/249 246/265/245 
f 248/270/247 251/274/250 252/275/251 249/271/248 
f 250/272/249 253/276/252 251/274/250 248/270/247 
f 41/273/41 45/277/45 253/276/252 250/272/249 
f 247/268/246 254/278/253 46/279/46 36/269/36 
f 251/274/250 255/280/254 256/281/255 252/275/251 
f 253/276/252 257/282/256 255/280/254 251/274/250 
f 45/277/45 51/283/51 257/282/256 253/276/252 
f 254/278/253 258/284/257 2/285/2 46/279/46 
s 1
f 259/286/258 260/287/259 235/288/234 234/289/233 
f 261/290/260 235/288/234 260/287/259 262/291/261 
f 260/287/259 263/292/262 264/293/263 
f 259/286/258 265/294/264 266/295/265 260/287/259 
f 61/296/61 64/297/64 267/298/266 268/299/267 
f 263/292/262 269/300/268 270/301/269 264/293/263 
f 265/294/264 271/302/270 272/303/271 266/295/265 
f 271/302/270 265/294/264 70/304/70 69/305/69 
f 269/300/268 273/306/272 274/307/273 270/301/269 
f 271/302/270 275/308/274 276/309/275 272/303/271 
f 277/310/276 278/311/277 279/312/278 280/313/279 
f 273/306/272 281/314/280 282/315/281 274/307/273 
f 275/308/274 283/316/282 284/317/283 276/309/275 
f 277/310/276 285/318/284 84/319/84 83/320/83 
f 281/314/280 286/321/285 287/322/286 282/315/281 
f 283/316/282 288/323/287 289/324/288 284/317/283 
f 285/318/284 290/325/289 90/326/90 84/319/84 
f 286/321/285 291/327/290 292/328/291 287/322/286 
f 288/323/287 293/329/292 294/330/293 289/324/288 
f 290/325/289 295/331/294 96/332/96 90/326/90 
f 293/329/292 296/333/295 297/334/296 294/330/293 
f 295/331/294 228/242/227 100/335/100 96/332/96 
f 291/327/290 298/336/297 299/337/298 292/328/291 
f 300/338/299 298/336/297 297/334/296 301/339/300 
f 302/340/301 296/333/295 107/341/107 106/342/106 
f 108/343/108 100/335/100 228/242/227 222/236/221 
f 226/240/225 303/344/302 304/345/303 227/241/226 
f 225/239/224 231/245/230 299/337/298 305/346/304 
f 268/299/267 278/311/277 112/347/112 61/296/61 
s 2
f 258/348/257 306/349/305 221/233/220 2/235/2 
f 307/350/306 308/351/307 309/352/308 310/353/309 
f 118/354/118 307/350/306 310/353/309 119/355/119 
f 311/356/310 312/357/311 313/358/312 314/359/313 
f 307/350/306 118/354/118 125/360/125 315/361/314 
f 312/357/311 316/362/315 317/363/316 313/358/312 
f 315/361/314 125/360/125 129/364/129 318/365/317 
f 313/358/312 317/363/316 319/366/318 320/367/319 
f 314/359/313 313/358/312 320/367/319 321/368/320 
f 320/367/319 319/366/318 322/369/321 323/370/322 
f 321/368/320 320/367/319 323/370/322 324/371/323 
f 318/365/317 129/364/129 137/372/137 325/373/324 
f 325/373/324 137/372/137 139/374/139 326/375/325 
f 323/370/322 322/369/321 327/376/326 328/377/327 
f 324/371/323 323/370/322 328/377/327 329/378/328 
f 326/375/325 139/374/139 144/379/144 330/380/329 
f 328/377/327 327/376/326 331/381/330 332/382/331 
f 329/378/328 328/377/327 332/382/331 333/383/332 
f 330/380/329 144/379/144 149/384/149 334/385/333 
f 332/382/331 331/381/330 335/386/334 336/387/335 
f 333/383/332 332/382/331 336/387/335 337/388/336 
f 334/385/333 149/384/149 154/389/154 338/390/337 
f 336/387/335 335/386/334 339/391/338 340/392/339 
f 337/388/336 336/387/335 340/392/339 341/393/340 
f 338/390/337 154/389/154 159/394/159 342/395/341 
f 340/392/339 339/391/338 343/396/342 344/397/343 
f 341/393/340 340/392/339 344/397/343 345/398/344 
f 342/395/341 346/399/345 347/400/346 348/401/347 
f 348/401/347 347/400/346 349/402/348 343/396/342 
f 344/397/343 350/403/349 351/404/350 345/398/344 
f 345/398/344 351/404/350 170/405/170 169/406/169 
f 346/399/345 352/407/351 353/408/352 347/400/346 
f 347/400/346 353/408/352 354/409/353 349/402/348 
f 350/403/349 355/410/354 174/411/174 351/404/350 
f 351/404/350 174/411/174 176/412/176 170/405/170 
s 1
f 356/413/355 178/414/178 108/343/108 222/236/221 
f 357/415/176 358/416/356 305/346/304 300/338/299 
f 356/413/355 222/236/221 225/239/224 359/417/357 
f 182/418/181 360/419/358 302/340/301 106/342/106 
f 300/338/299 301/339/300 358/416/356 357/415/176 
s 2
f 311/356/310 221/233/220 306/349/305 312/357/311 
f 257/420/256 310/353/309 309/352/308 255/421/254 
f 257/420/256 51/422/51 119/355/119 310/353/309 
s 1
f 229/243/228 303/344/302 226/240/225 223/237/222 
f 224/238/223 227/241/226 304/345/303 230/244/229 
f 268/299/267 361/423/359 362/424/360 278/311/277 
f 278/311/277 362/424/360 363/425/361 279/312/278 
f 279/312/278 363/425/361 364/426/362 365/427/363 
f 361/423/359 366/428/364 367/429/365 362/424/360 
f 362/424/360 367/429/365 368/430/366 363/425/361 
f 363/425/361 368/430/366 369/431/367 364/426/362 
f 231/245/230 230/244/229 229/243/228 228/242/227 
f 230/244/229 304/345/303 303/344/302 229/243/228 
s 8
f 239/257/238 261/432/260 232/246/231 233/249/232 
f 236/252/235 235/251/234 261/432/260 239/257/238 
f 236/252/235 241/259/240 238/254/237 237/253/236 
f 241/259/240 245/264/244 243/261/242 238/254/237 
f 245/264/244 249/271/248 247/268/246 243/261/242 
f 249/271/248 252/275/251 254/278/253 247/268/246 
f 252/275/251 256/281/255 258/284/257 254/278/253 
s 1
f 261/290/260 262/291/261 267/298/266 232/433/231 
f 260/287/259 264/293/263 365/427/363 262/291/261 
f 260/287/259 266/295/265 263/292/262 
f 262/291/261 365/427/363 268/299/267 267/298/266 
f 264/293/263 270/301/269 279/312/278 365/427/363 
f 266/295/265 272/303/271 269/300/268 263/292/262 
f 369/431/367 368/430/366 367/429/365 366/428/364 
f 270/301/269 274/307/273 280/313/279 279/312/278 
f 272/303/271 276/309/275 273/306/272 269/300/268 
f 274/307/273 282/315/281 370/434/368 280/313/279 
f 276/309/275 284/317/283 281/314/280 273/306/272 
f 280/313/279 370/434/368 285/318/284 277/310/276 
f 282/315/281 287/322/286 371/435/369 370/434/368 
f 284/317/283 289/324/288 286/321/285 281/314/280 
f 370/434/368 371/435/369 290/325/289 285/318/284 
f 287/322/286 292/328/291 372/436/370 371/435/369 
f 289/324/288 294/330/293 291/327/290 286/321/285 
f 371/435/369 372/436/370 295/331/294 290/325/289 
f 294/330/293 297/334/296 298/336/297 291/327/290 
f 372/436/370 231/245/230 228/242/227 295/331/294 
f 292/328/291 299/337/298 231/245/230 372/436/370 
f 301/339/300 297/334/296 296/333/295 302/340/301 
f 305/346/304 299/337/298 298/336/297 300/338/299 
s 2
f 373/437/371 316/362/315 312/357/311 306/349/305 
f 373/437/371 256/438/255 255/421/254 309/352/308 
f 197/439/196 198/440/197 311/356/310 314/359/313 
f 374/441/372 308/351/307 307/350/306 315/361/314 
f 317/363/316 316/362/315 308/351/307 374/441/372 
f 375/442/373 374/441/372 315/361/314 318/365/317 
f 319/366/318 317/363/316 374/441/372 375/442/373 
f 201/443/200 197/439/196 314/359/313 321/368/320 
f 376/444/374 375/442/373 318/365/317 325/373/324 
f 322/369/321 319/366/318 375/442/373 376/444/374 
f 203/445/202 201/443/200 321/368/320 324/371/323 
f 204/446/203 203/445/202 324/371/323 329/378/328 
f 377/447/375 376/444/374 325/373/324 326/375/325 
f 327/376/326 322/369/321 376/444/374 377/447/375 
f 378/448/376 377/447/375 326/375/325 330/380/329 
f 331/381/330 327/376/326 377/447/375 378/448/376 
f 207/449/206 204/446/203 329/378/328 333/383/332 
f 379/450/377 378/448/376 330/380/329 334/385/333 
f 335/386/334 331/381/330 378/448/376 379/450/377 
f 209/451/208 207/449/206 333/383/332 337/388/336 
f 380/452/378 379/450/377 334/385/333 338/390/337 
f 339/391/338 335/386/334 379/450/377 380/452/378 
f 211/453/210 209/451/208 337/388/336 341/393/340 
f 348/401/347 380/452/378 338/390/337 342/395/341 
f 343/396/342 339/391/338 380/452/378 348/401/347 
f 169/406/169 211/453/210 341/393/340 345/398/344 
f 343/396/342 349/402/348 350/403/349 344/397/343 
f 349/402/348 354/409/353 355/410/354 350/403/349 
f 354/409/353 353/408/352 212/454/211 174/411/174 
f 354/409/353 174/411/174 355/410/354 
s 1
f 305/346/304 358/416/356 359/417/357 225/239/224 
f 358/416/356 301/339/300 302/340/301 360/419/358 
f 360/419/358 182/418/181 178/414/178 356/413/355 
f 359/417/357 360/419/358 356/413/355 
f 358/416/356 360/419/358 359/417/357 
s 2
f 256/438/255 373/437/371 306/349/305 258/348/257 
f 316/362/315 373/437/371 309/352/308 308/351/307 
s 1
f 365/427/363 364/426/362 361/423/359 268/299/267 
f 364/426/362 369/431/367 366/428/364 361/423/359 
s 8
f 22/256/22 213/455/212 234/250/233 237/253/236 
f 16/248/16 34/266/34 242/260/241 233/249/232 
s 1
f 64/297/64 17/456/17 232/433/231 267/298/266 
f 213/457/212 214/458/213 259/286/258 234/289/233 
f 214/458/213 70/304/70 265/294/264 259/286/258 
f 215/459/214 216/460/215 283/316/282 275/308/274 
f 216/460/215 217/461/216 288/323/287 283/316/282 
f 217/461/216 218/462/217 293/329/292 288/323/287 
f 218/462/217 107/341/107 296/333/295 293/329/292 
f 83/320/83 112/347/112 278/311/277 277/310/276 
f 69/305/69 215/459/214 275/308/274 271/302/270 
s 2
f 159/394/159 219/463/218 346/399/345 342/395/341 
f 219/463/218 220/464/219 352/407/351 346/399/345 
f 198/440/197 3/234/3 221/233/220 311/356/310 
f 220/464/219 212/454/211 353/408/352 352/407/351 
# 372 polygons - 12 triangles

#
# object crosta1
#

v  -3.8381 23.5371 17.9911
v  -3.6305 22.9312 13.8452
v  -0.3896 22.9378 14.0355
v  -0.5973 23.5437 18.1815
v  -2.9456 29.3177 14.0058
v  -1.4575 29.1827 14.1961
v  -1.2499 29.0509 12.7742
v  -2.7380 29.1859 12.5839
v  -0.8009 27.6700 16.8409
v  -3.6130 27.6634 16.6506
v  -0.5933 27.0641 13.4283
v  -3.4053 27.0575 13.2380
# 12 vertices

vn -0.6157 -0.4264 0.6626
vn -0.5644 -0.6430 -0.5176
vn 0.6207 -0.6389 -0.4545
vn 0.5497 -0.4196 0.7224
vn -0.5682 0.8181 0.0889
vn 0.4422 0.8747 0.1985
vn 0.5721 0.5006 -0.6497
vn -0.3690 0.5270 -0.7656
vn 0.5911 0.5340 0.6045
vn -0.6735 0.5041 0.5407
vn 0.7809 0.0058 -0.6247
vn -0.6972 -0.0271 -0.7164
# 12 vertex normals

vt 0.2742 0.7055 0.0000
vt 0.2740 0.7418 0.0000
vt 0.2459 0.7414 0.0000
vt 0.2461 0.7051 0.0000
vt 0.9244 0.2479 0.0000
vt 0.9246 0.2610 0.0000
vt 0.9122 0.2615 0.0000
vt 0.9120 0.2484 0.0000
vt 0.8019 0.1947 0.0000
vt 0.7728 0.1945 0.0000
vt 0.7754 0.1582 0.0000
vt 0.8007 0.1582 0.0000
vt 0.3472 0.7354 0.0000
vt 0.3109 0.7332 0.0000
vt 0.3131 0.6973 0.0000
vt 0.3433 0.6982 0.0000
vt 0.3833 0.6689 0.0000
vt 0.3552 0.6689 0.0000
vt 0.3568 0.6329 0.0000
vt 0.3812 0.6329 0.0000
vt 0.3468 0.6056 0.0000
vt 0.3109 0.6003 0.0000
vt 0.3226 0.5647 0.0000
vt 0.3522 0.5700 0.0000
vt 0.7828 0.1330 0.0000
vt 0.7962 0.1315 0.0000
vt 0.3115 0.6785 0.0000
vt 0.3239 0.6797 0.0000
vt 0.3622 0.6136 0.0000
vt 0.3752 0.6149 0.0000
vt 0.3459 0.5500 0.0000
vt 0.3583 0.5510 0.0000
# 32 texture coords

o crosta1
g crosta1
usemtl wire_168183223
s 1
f 381/465/379 382/466/380 383/467/381 384/468/382 
f 385/469/383 386/470/384 387/471/385 388/472/386 
s 2
f 381/473/379 384/474/382 389/475/387 390/476/388 
s 4
f 384/477/382 383/478/381 391/479/389 389/480/387 
s 2
f 383/481/381 382/482/380 392/483/390 391/484/389 
s 4
f 382/485/380 381/486/379 390/487/388 392/488/390 
s 2
f 390/476/388 389/475/387 386/489/384 385/490/383 
s 4
f 389/480/387 391/479/389 387/491/385 386/492/384 
s 2
f 391/484/389 392/483/390 388/493/386 387/494/385 
s 4
f 392/488/390 390/487/388 385/495/383 388/496/386 
# 10 polygons

#
# object crosta002
#

v  -3.0402 23.3242 13.5203
v  -2.9630 22.2965 11.5139
v  -1.2203 22.1711 11.6624
v  -1.2975 23.1988 13.6688
v  -2.3396 24.7043 10.6979
v  -1.5447 24.6142 10.8377
v  -1.4418 24.2835 10.1411
v  -2.2368 24.3737 10.0012
v  -1.2456 24.5126 12.4008
v  -2.7578 24.6163 12.2593
v  -1.1666 23.6243 10.7651
v  -2.6788 23.7280 10.6237
# 12 vertices

vn -0.6550 -0.1125 0.7884
vn -0.6254 -0.6905 -0.2625
vn 0.5546 -0.7759 -0.1690
vn 0.5056 -0.1948 0.8772
vn -0.4847 0.8143 -0.2523
vn 0.5266 0.8069 -0.1397
vn 0.6189 0.1872 -0.8064
vn -0.3152 0.2605 -0.9558
vn 0.6412 0.6182 0.3899
vn -0.6205 0.6876 0.3034
vn 0.7778 -0.2675 -0.5817
vn -0.6966 -0.1900 -0.7001
# 12 vertex normals

vt 0.9551 0.1032 0.0000
vt 0.9558 0.1210 0.0000
vt 0.9418 0.1214 0.0000
vt 0.9412 0.1036 0.0000
vt 0.8643 0.0595 0.0000
vt 0.8664 0.0534 0.0000
vt 0.8723 0.0552 0.0000
vt 0.8702 0.0613 0.0000
vt 0.5015 0.5785 0.0000
vt 0.4855 0.5781 0.0000
vt 0.4873 0.5617 0.0000
vt 0.5012 0.5621 0.0000
vt 0.0227 0.9940 0.0000
vt 0.0030 0.9910 0.0000
vt 0.0041 0.9760 0.0000
vt 0.0204 0.9781 0.0000
vt 0.3638 0.9255 0.0000
vt 0.3480 0.9242 0.0000
vt 0.3502 0.9089 0.0000
vt 0.3639 0.9100 0.0000
vt 0.8586 0.2023 0.0000
vt 0.8397 0.2085 0.0000
vt 0.8394 0.1925 0.0000
vt 0.8551 0.1876 0.0000
vt 0.4916 0.5505 0.0000
vt 0.4990 0.5500 0.0000
vt 0.0031 0.9679 0.0000
vt 0.0099 0.9692 0.0000
vt 0.3539 0.9008 0.0000
vt 0.3612 0.9020 0.0000
vt 0.8485 0.1815 0.0000
vt 0.8549 0.1791 0.0000
# 32 texture coords

o crosta002
g crosta002
usemtl wire_168183223
s 1
f 393/497/391 394/498/392 395/499/393 396/500/394 
f 397/501/395 398/502/396 399/503/397 400/504/398 
s 2
f 393/505/391 396/506/394 401/507/399 402/508/400 
s 4
f 396/509/394 395/510/393 403/511/401 401/512/399 
s 2
f 395/513/393 394/514/392 404/515/402 403/516/401 
s 4
f 394/517/392 393/518/391 402/519/400 404/520/402 
s 2
f 402/508/400 401/507/399 398/521/396 397/522/395 
s 4
f 401/512/399 403/511/401 399/523/397 398/524/396 
s 2
f 403/516/401 404/515/402 400/525/398 399/526/397 
s 4
f 404/520/402 402/519/400 397/527/395 400/528/398 
# 10 polygons

#
# object crosta003
#

v  -3.0525 24.7194 20.4597
v  -2.9770 24.8379 18.6224
v  -1.2339 24.7378 18.5913
v  -1.3094 24.6193 20.4287
v  -2.4847 27.5463 18.9973
v  -1.6864 27.4316 19.0206
v  -1.5857 27.5013 18.3896
v  -2.3840 27.6160 18.3663
v  -1.3471 26.5200 20.0670
v  -2.8597 26.6088 20.0830
v  -1.2673 26.5706 18.5478
v  -2.7799 26.6594 18.5638
# 12 vertices

vn -0.6340 -0.5265 0.6524
vn -0.5923 -0.4925 -0.5450
vn 0.5927 -0.5575 -0.5723
vn 0.5315 -0.5872 0.6236
vn -0.5326 0.8067 0.2276
vn 0.4801 0.7914 0.2657
vn 0.5936 0.5983 -0.6276
vn -0.3462 0.6927 -0.6674
vn 0.6143 0.3666 0.6161
vn -0.6514 0.4102 0.6457
vn 0.7809 0.1001 -0.6770
vn -0.6983 0.1568 -0.6590
# 12 vertex normals

vt 0.2598 0.8986 0.0000
vt 0.2639 0.9134 0.0000
vt 0.2500 0.9181 0.0000
vt 0.2459 0.9032 0.0000
vt 0.9762 0.7389 0.0000
vt 0.9752 0.7455 0.0000
vt 0.9699 0.7452 0.0000
vt 0.9710 0.7387 0.0000
vt 0.2608 0.8906 0.0000
vt 0.2459 0.8905 0.0000
vt 0.2469 0.8747 0.0000
vt 0.2598 0.8747 0.0000
vt 0.4563 0.7712 0.0000
vt 0.4396 0.7690 0.0000
vt 0.4404 0.7523 0.0000
vt 0.4542 0.7536 0.0000
vt 0.9054 0.2379 0.0000
vt 0.8909 0.2371 0.0000
vt 0.8925 0.2219 0.0000
vt 0.9051 0.2226 0.0000
vt 0.4707 0.6396 0.0000
vt 0.4539 0.6408 0.0000
vt 0.4573 0.6235 0.0000
vt 0.4712 0.6229 0.0000
vt 0.2504 0.8638 0.0000
vt 0.2573 0.8631 0.0000
vt 0.4394 0.7434 0.0000
vt 0.4452 0.7444 0.0000
vt 0.8957 0.2139 0.0000
vt 0.9024 0.2148 0.0000
vt 0.4672 0.6144 0.0000
vt 0.4730 0.6136 0.0000
# 32 texture coords

o crosta003
g crosta003
usemtl wire_168183223
s 1
f 405/529/403 406/530/404 407/531/405 408/532/406 
f 409/533/407 410/534/408 411/535/409 412/536/410 
s 2
f 405/537/403 408/538/406 413/539/411 414/540/412 
s 4
f 408/541/406 407/542/405 415/543/413 413/544/411 
s 2
f 407/545/405 406/546/404 416/547/414 415/548/413 
s 4
f 406/549/404 405/550/403 414/551/412 416/552/414 
s 2
f 414/540/412 413/539/411 410/553/408 409/554/407 
s 4
f 413/544/411 415/543/413 411/555/409 410/556/408 
s 2
f 415/548/413 416/547/414 412/557/410 411/558/409 
s 4
f 416/552/414 414/551/412 409/559/407 412/560/410 
# 10 polygons

#
# object crosta004
#

v  -2.8213 21.0239 11.3902
v  -2.9066 20.9489 10.1115
v  -1.7002 20.8856 9.9676
v  -1.6149 20.9605 11.2463
v  -2.5760 22.8560 10.1032
v  -2.0197 22.7825 10.0689
v  -1.9976 22.7772 9.6216
v  -2.5539 22.8506 9.6559
v  -1.6945 22.2435 10.8398
v  -2.7422 22.2989 10.9569
v  -1.7523 22.1488 9.7852
v  -2.8000 22.2042 9.9024
# 12 vertices

vn -0.5504 -0.4468 0.7761
vn -0.6368 -0.5598 -0.4140
vn 0.5397 -0.6194 -0.5610
vn 0.6064 -0.5024 0.6293
vn -0.5215 0.8248 0.1841
vn 0.4896 0.8214 0.1143
vn 0.5114 0.5208 -0.7559
vn -0.4291 0.6030 -0.7053
vn 0.6687 0.4438 0.4971
vn -0.5873 0.4819 0.6576
vn 0.7024 0.0217 -0.7644
vn -0.7674 0.0698 -0.5940
# 12 vertex normals

vt 0.8491 0.3452 0.0000
vt 0.8519 0.3555 0.0000
vt 0.8422 0.3588 0.0000
vt 0.8394 0.3484 0.0000
vt 0.9941 0.6899 0.0000
vt 0.9933 0.6945 0.0000
vt 0.9896 0.6943 0.0000
vt 0.9904 0.6897 0.0000
vt 0.4875 0.8072 0.0000
vt 0.4771 0.8071 0.0000
vt 0.4778 0.7961 0.0000
vt 0.4868 0.7961 0.0000
vt 0.2837 0.9179 0.0000
vt 0.2720 0.9164 0.0000
vt 0.2726 0.9047 0.0000
vt 0.2822 0.9057 0.0000
vt 0.8200 0.4079 0.0000
vt 0.8099 0.4073 0.0000
vt 0.8110 0.3967 0.0000
vt 0.8198 0.3972 0.0000
vt 0.4868 0.7332 0.0000
vt 0.4751 0.7340 0.0000
vt 0.4775 0.7219 0.0000
vt 0.4872 0.7215 0.0000
vt 0.4802 0.7885 0.0000
vt 0.4850 0.7881 0.0000
vt 0.2719 0.8986 0.0000
vt 0.2759 0.8992 0.0000
vt 0.8133 0.3911 0.0000
vt 0.8179 0.3918 0.0000
vt 0.4844 0.7156 0.0000
vt 0.4884 0.7151 0.0000
# 32 texture coords

o crosta004
g crosta004
usemtl wire_168183223
s 1
f 417/561/415 418/562/416 419/563/417 420/564/418 
f 421/565/419 422/566/420 423/567/421 424/568/422 
s 2
f 417/569/415 420/570/418 425/571/423 426/572/424 
s 4
f 420/573/418 419/574/417 427/575/425 425/576/423 
s 2
f 419/577/417 418/578/416 428/579/426 427/580/425 
s 4
f 418/581/416 417/582/415 426/583/424 428/584/426 
s 2
f 426/572/424 425/571/423 422/585/420 421/586/419 
s 4
f 425/576/423 427/575/425 423/587/421 422/588/420 
s 2
f 427/580/425 428/579/426 424/589/422 423/590/421 
s 4
f 428/584/426 426/583/424 421/591/419 424/592/422 
# 10 polygons

#
# object crosta005
#

v  -2.8409 21.3696 9.5667
v  -2.8950 21.4353 8.2857
v  -1.6853 21.3888 8.1652
v  -1.6312 21.3231 9.4462
v  -2.5704 23.3320 8.4946
v  -2.0133 23.2630 8.4660
v  -1.9804 23.3068 8.0216
v  -2.5375 23.3757 8.0501
v  -1.7051 22.6429 9.1809
v  -2.7555 22.6845 9.2778
v  -1.7370 22.6644 8.1212
v  -2.7874 22.7060 8.2181
# 12 vertices

vn -0.5676 -0.5295 0.7088
vn -0.6248 -0.5114 -0.4883
vn 0.5551 -0.5539 -0.6122
vn 0.5927 -0.5681 0.5850
vn -0.5285 0.7994 0.2606
vn 0.4840 0.8042 0.2156
vn 0.5278 0.6008 -0.6816
vn -0.4138 0.6764 -0.6452
vn 0.6551 0.3870 0.5589
vn -0.6046 0.4066 0.6919
vn 0.7206 0.1058 -0.7400
vn -0.7530 0.1341 -0.6013
# 12 vertex normals

vt 0.3853 0.9473 0.0000
vt 0.3882 0.9577 0.0000
vt 0.3785 0.9609 0.0000
vt 0.3757 0.9505 0.0000
vt 0.2503 0.9769 0.0000
vt 0.2496 0.9814 0.0000
vt 0.2459 0.9812 0.0000
vt 0.2467 0.9767 0.0000
vt 0.4565 0.8431 0.0000
vt 0.4462 0.8430 0.0000
vt 0.4468 0.8320 0.0000
vt 0.4558 0.8320 0.0000
vt 0.8512 0.3372 0.0000
vt 0.8395 0.3357 0.0000
vt 0.8400 0.3240 0.0000
vt 0.8497 0.3249 0.0000
vt 0.5732 0.9947 0.0000
vt 0.5630 0.9941 0.0000
vt 0.5642 0.9835 0.0000
vt 0.5730 0.9840 0.0000
vt 0.5108 0.7293 0.0000
vt 0.4991 0.7302 0.0000
vt 0.5015 0.7181 0.0000
vt 0.5111 0.7177 0.0000
vt 0.4493 0.8244 0.0000
vt 0.4541 0.8240 0.0000
vt 0.8394 0.3178 0.0000
vt 0.8434 0.3185 0.0000
vt 0.5664 0.9779 0.0000
vt 0.5711 0.9786 0.0000
vt 0.5083 0.7118 0.0000
vt 0.5123 0.7112 0.0000
# 32 texture coords

o crosta005
g crosta005
usemtl wire_168183223
s 1
f 429/593/427 430/594/428 431/595/429 432/596/430 
f 433/597/431 434/598/432 435/599/433 436/600/434 
s 2
f 429/601/427 432/602/430 437/603/435 438/604/436 
s 4
f 432/605/430 431/606/429 439/607/437 437/608/435 
s 2
f 431/609/429 430/610/428 440/611/438 439/612/437 
s 4
f 430/613/428 429/614/427 438/615/436 440/616/438 
s 2
f 438/604/436 437/603/435 434/617/432 433/618/431 
s 4
f 437/608/435 439/607/437 435/619/433 434/620/432 
s 2
f 439/612/437 440/611/438 436/621/434 435/622/433 
s 4
f 440/616/438 438/615/436 433/623/431 436/624/434 
# 10 polygons

#
# object crosta006
#

v  -3.3993 21.4685 8.3515
v  -3.5097 21.9490 6.5244
v  -1.7320 21.8835 6.2976
v  -1.6216 21.4031 8.1247
v  -2.9608 24.6139 7.3829
v  -2.1430 24.5071 7.3031
v  -2.1044 24.7026 6.6738
v  -2.9222 24.8094 6.7536
v  -1.6918 23.3891 8.1392
v  -3.2356 23.4500 8.3254
v  -1.7655 23.7389 6.6175
v  -3.3093 23.7998 6.8037
# 12 vertices

vn -0.5673 -0.6515 0.5987
vn -0.6450 -0.3892 -0.5682
vn 0.5312 -0.4284 -0.7239
vn 0.5893 -0.6866 0.4444
vn -0.5050 0.7397 0.4290
vn 0.5064 0.7340 0.3637
vn 0.5297 0.7166 -0.5568
vn -0.4091 0.8014 -0.4852
vn 0.6736 0.2524 0.6114
vn -0.5827 0.2689 0.7731
vn 0.7098 0.2402 -0.7187
vn -0.7601 0.2681 -0.5450
# 12 vertex normals

vt 0.4401 0.6503 0.0000
vt 0.4443 0.6656 0.0000
vt 0.4300 0.6704 0.0000
vt 0.4258 0.6551 0.0000
vt 0.8459 0.3670 0.0000
vt 0.8448 0.3738 0.0000
vt 0.8394 0.3735 0.0000
vt 0.8405 0.3668 0.0000
vt 0.9852 0.6513 0.0000
vt 0.9699 0.6513 0.0000
vt 0.9709 0.6351 0.0000
vt 0.9842 0.6351 0.0000
vt 0.7446 0.9534 0.0000
vt 0.7274 0.9512 0.0000
vt 0.7282 0.9340 0.0000
vt 0.7424 0.9354 0.0000
vt 0.9902 0.0277 0.0000
vt 0.9753 0.0269 0.0000
vt 0.9770 0.0112 0.0000
vt 0.9899 0.0120 0.0000
vt 0.2934 0.7764 0.0000
vt 0.2761 0.7777 0.0000
vt 0.2796 0.7599 0.0000
vt 0.2939 0.7593 0.0000
vt 0.9745 0.6238 0.0000
vt 0.9815 0.6232 0.0000
vt 0.7272 0.9249 0.0000
vt 0.7331 0.9258 0.0000
vt 0.9803 0.0030 0.0000
vt 0.9871 0.0040 0.0000
vt 0.2898 0.7506 0.0000
vt 0.2957 0.7498 0.0000
# 32 texture coords

o crosta006
g crosta006
usemtl wire_168183223
s 1
f 441/625/439 442/626/440 443/627/441 444/628/442 
f 445/629/443 446/630/444 447/631/445 448/632/446 
s 2
f 441/633/439 444/634/442 449/635/447 450/636/448 
s 4
f 444/637/442 443/638/441 451/639/449 449/640/447 
s 2
f 443/641/441 442/642/440 452/643/450 451/644/449 
s 4
f 442/645/440 441/646/439 450/647/448 452/648/450 
s 2
f 450/636/448 449/635/447 446/649/444 445/650/443 
s 4
f 449/640/447 451/639/449 447/651/445 446/652/444 
s 2
f 451/644/449 452/643/450 448/653/446 447/654/445 
s 4
f 452/648/450 450/647/448 445/655/443 448/656/446 
# 10 polygons

#
# object crosta007
#

v  -3.0152 22.0144 6.2719
v  -3.0949 22.1112 4.3836
v  -1.3117 22.0426 4.2060
v  -1.2320 21.9458 6.0942
v  -2.6165 24.9070 4.6914
v  -1.7952 24.8053 4.6494
v  -1.7467 24.8698 3.9942
v  -2.5680 24.9714 4.0363
v  -1.3409 23.8912 5.7032
v  -2.8893 23.9526 5.8460
v  -1.3881 23.9229 4.1411
v  -2.9364 23.9843 4.2840
# 12 vertices

vn -0.5676 -0.5295 0.7088
vn -0.6248 -0.5114 -0.4883
vn 0.5551 -0.5539 -0.6122
vn 0.5927 -0.5681 0.5850
vn -0.5285 0.7994 0.2606
vn 0.4840 0.8042 0.2156
vn 0.5278 0.6008 -0.6816
vn -0.4138 0.6764 -0.6452
vn 0.6551 0.3870 0.5589
vn -0.6046 0.4066 0.6919
vn 0.7206 0.1058 -0.7400
vn -0.7530 0.1341 -0.6013
# 12 vertex normals

vt 0.4618 0.7126 0.0000
vt 0.4660 0.7279 0.0000
vt 0.4517 0.7327 0.0000
vt 0.4475 0.7174 0.0000
vt 0.8892 0.2978 0.0000
vt 0.8881 0.3045 0.0000
vt 0.8826 0.3042 0.0000
vt 0.8837 0.2975 0.0000
vt 0.7679 0.9530 0.0000
vt 0.7526 0.9530 0.0000
vt 0.7535 0.9368 0.0000
vt 0.7668 0.9368 0.0000
vt 0.3653 0.8929 0.0000
vt 0.3481 0.8907 0.0000
vt 0.3489 0.8734 0.0000
vt 0.3632 0.8748 0.0000
vt 0.5140 0.7032 0.0000
vt 0.4991 0.7024 0.0000
vt 0.5007 0.6868 0.0000
vt 0.5137 0.6875 0.0000
vt 0.7900 0.3806 0.0000
vt 0.7728 0.3819 0.0000
vt 0.7763 0.3641 0.0000
vt 0.7906 0.3635 0.0000
vt 0.7572 0.9255 0.0000
vt 0.7642 0.9249 0.0000
vt 0.3480 0.8643 0.0000
vt 0.3538 0.8653 0.0000
vt 0.5040 0.6785 0.0000
vt 0.5109 0.6795 0.0000
vt 0.7865 0.3548 0.0000
vt 0.7924 0.3540 0.0000
# 32 texture coords

o crosta007
g crosta007
usemtl wire_168183223
s 1
f 453/657/451 454/658/452 455/659/453 456/660/454 
f 457/661/455 458/662/456 459/663/457 460/664/458 
s 2
f 453/665/451 456/666/454 461/667/459 462/668/460 
s 4
f 456/669/454 455/670/453 463/671/461 461/672/459 
s 2
f 455/673/453 454/674/452 464/675/462 463/676/461 
s 4
f 454/677/452 453/678/451 462/679/460 464/680/462 
s 2
f 462/668/460 461/667/459 458/681/456 457/682/455 
s 4
f 461/672/459 463/671/461 459/683/457 458/684/456 
s 2
f 463/676/461 464/675/462 460/685/458 459/686/457 
s 4
f 464/680/462 462/679/460 457/687/455 460/688/458 
# 10 polygons

#
# object crosta008
#

v  -3.0305 22.7479 4.3036
v  -3.0677 22.7718 2.0484
v  -1.3170 22.6739 2.0338
v  -1.2798 22.6500 4.2890
v  -2.5438 25.3099 2.4166
v  -1.7398 25.2027 2.4584
v  -1.6773 25.2378 1.6837
v  -2.4813 25.3450 1.6420
v  -1.3360 24.4025 3.7773
v  -2.8559 24.4888 3.7764
v  -1.3494 24.3782 1.9146
v  -2.8693 24.4644 1.9137
# 12 vertices

vn -0.5992 -0.4957 0.6772
vn -0.6287 -0.5187 -0.5220
vn 0.5562 -0.5823 -0.5383
vn 0.5661 -0.5551 0.6591
vn -0.5151 0.8147 0.1803
vn 0.5014 0.8035 0.2257
vn 0.5606 0.5685 -0.6565
vn -0.3826 0.6587 -0.7075
vn 0.6542 0.3965 0.6001
vn -0.6115 0.4387 0.6193
vn 0.7423 0.0694 -0.6776
vn -0.7379 0.1235 -0.6721
# 12 vertex normals

vt 0.9653 0.0395 0.0000
vt 0.9660 0.0574 0.0000
vt 0.9520 0.0577 0.0000
vt 0.9514 0.0399 0.0000
vt 0.4409 0.8627 0.0000
vt 0.4429 0.8566 0.0000
vt 0.4488 0.8585 0.0000
vt 0.4467 0.8646 0.0000
vt 0.9673 0.0316 0.0000
vt 0.9514 0.0311 0.0000
vt 0.9532 0.0148 0.0000
vt 0.9670 0.0151 0.0000
vt 0.4672 0.7046 0.0000
vt 0.4475 0.7015 0.0000
vt 0.4486 0.6865 0.0000
vt 0.4649 0.6887 0.0000
vt 0.3915 0.8847 0.0000
vt 0.3757 0.8834 0.0000
vt 0.3778 0.8681 0.0000
vt 0.3916 0.8692 0.0000
vt 0.8950 0.1548 0.0000
vt 0.8761 0.1610 0.0000
vt 0.8758 0.1449 0.0000
vt 0.8915 0.1401 0.0000
vt 0.9575 0.0035 0.0000
vt 0.9649 0.0030 0.0000
vt 0.4476 0.6785 0.0000
vt 0.4543 0.6797 0.0000
vt 0.3816 0.8600 0.0000
vt 0.3889 0.8612 0.0000
vt 0.8848 0.1340 0.0000
vt 0.8912 0.1315 0.0000
# 32 texture coords

o crosta008
g crosta008
usemtl wire_168183223
s 1
f 465/689/463 466/690/464 467/691/465 468/692/466 
f 469/693/467 470/694/468 471/695/469 472/696/470 
s 2
f 465/697/463 468/698/466 473/699/471 474/700/472 
s 4
f 468/701/466 467/702/465 475/703/473 473/704/471 
s 2
f 467/705/465 466/706/464 476/707/474 475/708/473 
s 4
f 466/709/464 465/710/463 474/711/472 476/712/474 
s 2
f 474/700/472 473/699/471 470/713/468 469/714/467 
s 4
f 473/704/471 475/703/473 471/715/469 470/716/468 
s 2
f 475/708/473 476/707/474 472/717/470 471/718/469 
s 4
f 476/712/474 474/711/472 469/719/467 472/720/470 
# 10 polygons

#
# object crosta009
#

v  -3.8381 21.0800 1.6558
v  -3.6305 20.4741 -2.4902
v  -0.3896 20.4807 -2.2999
v  -0.5973 21.0866 1.8461
v  -2.9456 26.8606 -2.3296
v  -1.4575 26.7256 -2.1392
v  -1.2499 26.5938 -3.5611
v  -2.7380 26.7288 -3.7515
v  -0.8009 25.2129 0.5055
v  -3.6130 25.2063 0.3152
v  -0.5933 24.6070 -2.9070
v  -3.4053 24.6004 -3.0974
# 12 vertices

vn -0.6157 -0.4264 0.6626
vn -0.5644 -0.6430 -0.5176
vn 0.6207 -0.6389 -0.4545
vn 0.5497 -0.4196 0.7224
vn -0.5682 0.8181 0.0889
vn 0.4422 0.8747 0.1985
vn 0.5721 0.5006 -0.6497
vn -0.3690 0.5270 -0.7656
vn 0.5911 0.5340 0.6045
vn -0.6735 0.5041 0.5407
vn 0.7809 0.0058 -0.6247
vn -0.6972 -0.0271 -0.7164
# 12 vertex normals

vt 0.3391 0.8149 0.0000
vt 0.3389 0.8512 0.0000
vt 0.3109 0.8508 0.0000
vt 0.3111 0.8145 0.0000
vt 0.8951 0.2760 0.0000
vt 0.8953 0.2890 0.0000
vt 0.8828 0.2895 0.0000
vt 0.8826 0.2765 0.0000
vt 0.6576 0.9468 0.0000
vt 0.6284 0.9466 0.0000
vt 0.6310 0.9103 0.0000
vt 0.6563 0.9103 0.0000
vt 0.6204 0.9406 0.0000
vt 0.5841 0.9383 0.0000
vt 0.5864 0.9024 0.0000
vt 0.6165 0.9034 0.0000
vt 0.8564 0.0582 0.0000
vt 0.8283 0.0583 0.0000
vt 0.8299 0.0223 0.0000
vt 0.8543 0.0223 0.0000
vt 0.8088 0.0587 0.0000
vt 0.7728 0.0533 0.0000
vt 0.7845 0.0177 0.0000
vt 0.8142 0.0230 0.0000
vt 0.6384 0.8851 0.0000
vt 0.6518 0.8836 0.0000
vt 0.5847 0.8836 0.0000
vt 0.5971 0.8848 0.0000
vt 0.8353 0.0030 0.0000
vt 0.8482 0.0043 0.0000
vt 0.8078 0.0030 0.0000
vt 0.8203 0.0040 0.0000
# 32 texture coords

o crosta009
g crosta009
usemtl wire_168183223
s 1
f 477/721/475 478/722/476 479/723/477 480/724/478 
f 481/725/479 482/726/480 483/727/481 484/728/482 
s 2
f 477/729/475 480/730/478 485/731/483 486/732/484 
s 4
f 480/733/478 479/734/477 487/735/485 485/736/483 
s 2
f 479/737/477 478/738/476 488/739/486 487/740/485 
s 4
f 478/741/476 477/742/475 486/743/484 488/744/486 
s 2
f 486/732/484 485/731/483 482/745/480 481/746/479 
s 4
f 485/736/483 487/735/485 483/747/481 482/748/480 
s 2
f 487/740/485 488/739/486 484/749/482 483/750/481 
s 4
f 488/744/486 486/743/484 481/751/479 484/752/482 
# 10 polygons

#
# object crosta010
#

v  -3.8538 22.4857 -9.2295
v  -3.6182 21.3335 -13.2565
v  -0.3793 21.3297 -13.0361
v  -0.6149 22.4819 -9.0091
v  -2.8569 27.6771 -13.9359
v  -1.3722 27.5522 -13.7144
v  -1.1541 27.2309 -15.1042
v  -2.6387 27.3558 -15.3257
v  -0.7567 26.3962 -10.8862
v  -3.5669 26.3952 -11.1023
v  -0.5274 25.3412 -14.1862
v  -3.3376 25.3403 -14.4023
# 12 vertices

vn -0.6265 -0.3281 0.7070
vn -0.5678 -0.6997 -0.4336
vn 0.6167 -0.7003 -0.3597
vn 0.5383 -0.3262 0.7771
vn -0.5589 0.8288 -0.0259
vn 0.4511 0.8884 0.0854
vn 0.5837 0.4038 -0.7045
vn -0.3560 0.4249 -0.8323
vn 0.5924 0.6029 0.5344
vn -0.6719 0.5786 0.4624
vn 0.7862 -0.0856 -0.6120
vn -0.6913 -0.1141 -0.7135
# 12 vertex normals

vt 0.8010 0.2741 0.0000
vt 0.8009 0.3104 0.0000
vt 0.7728 0.3100 0.0000
vt 0.7730 0.2737 0.0000
vt 0.4461 0.5904 0.0000
vt 0.4463 0.6034 0.0000
vt 0.4338 0.6039 0.0000
vt 0.4336 0.5909 0.0000
vt 0.2751 0.6971 0.0000
vt 0.2459 0.6970 0.0000
vt 0.2485 0.6607 0.0000
vt 0.2738 0.6607 0.0000
vt 0.3472 0.6705 0.0000
vt 0.3109 0.6683 0.0000
vt 0.3131 0.6324 0.0000
vt 0.3433 0.6333 0.0000
vt 0.3833 0.7338 0.0000
vt 0.3552 0.7338 0.0000
vt 0.3568 0.6978 0.0000
vt 0.3812 0.6978 0.0000
vt 0.2819 0.4975 0.0000
vt 0.2459 0.4922 0.0000
vt 0.2577 0.4566 0.0000
vt 0.2873 0.4619 0.0000
vt 0.2559 0.6355 0.0000
vt 0.2693 0.6340 0.0000
vt 0.3115 0.6136 0.0000
vt 0.3239 0.6148 0.0000
vt 0.3622 0.6785 0.0000
vt 0.3752 0.6798 0.0000
vt 0.2810 0.4418 0.0000
vt 0.2934 0.4429 0.0000
# 32 texture coords

o crosta010
g crosta010
usemtl wire_168183223
s 1
f 489/753/487 490/754/488 491/755/489 492/756/490 
f 493/757/491 494/758/492 495/759/493 496/760/494 
s 2
f 489/761/487 492/762/490 497/763/495 498/764/496 
s 4
f 492/765/490 491/766/489 499/767/497 497/768/495 
s 2
f 491/769/489 490/770/488 500/771/498 499/772/497 
s 4
f 490/773/488 489/774/487 498/775/496 500/776/498 
s 2
f 498/764/496 497/763/495 494/777/492 493/778/491 
s 4
f 497/768/495 499/767/497 495/779/493 494/780/492 
s 2
f 499/772/497 500/771/498 496/781/494 495/782/493 
s 4
f 500/776/498 498/775/496 493/783/491 496/784/494 
# 10 polygons

#
# object crosta011
#

v  -3.3297 22.3374 -5.7598
v  -3.3799 22.3697 -8.8004
v  -1.0194 22.2377 -8.8201
v  -0.9693 22.2054 -5.7794
v  -2.6735 25.7919 -8.3039
v  -1.5895 25.6473 -8.2476
v  -1.5052 25.6946 -9.2921
v  -2.5892 25.8391 -9.3484
v  -1.0450 24.5684 -6.4694
v  -3.0943 24.6847 -6.4705
v  -1.0630 24.5355 -8.9809
v  -3.1123 24.6519 -8.9820
# 12 vertices

vn -0.5992 -0.4957 0.6772
vn -0.6287 -0.5187 -0.5220
vn 0.5562 -0.5823 -0.5383
vn 0.5661 -0.5551 0.6591
vn -0.5151 0.8147 0.1803
vn 0.5014 0.8035 0.2257
vn 0.5606 0.5685 -0.6565
vn -0.3826 0.6587 -0.7075
vn 0.6542 0.3965 0.6001
vn -0.6115 0.4387 0.6193
vn 0.7423 0.0694 -0.6776
vn -0.7379 0.1235 -0.6721
# 12 vertex normals

vt 0.6843 0.9692 0.0000
vt 0.6852 0.9932 0.0000
vt 0.6664 0.9938 0.0000
vt 0.6655 0.9697 0.0000
vt 0.3913 0.7313 0.0000
vt 0.3940 0.7231 0.0000
vt 0.4020 0.7256 0.0000
vt 0.3992 0.7338 0.0000
vt 0.8314 0.2176 0.0000
vt 0.8099 0.2170 0.0000
vt 0.8124 0.1949 0.0000
vt 0.8310 0.1954 0.0000
vt 0.4178 0.6488 0.0000
vt 0.3913 0.6447 0.0000
vt 0.3928 0.6244 0.0000
vt 0.4148 0.6273 0.0000
vt 0.7241 0.9169 0.0000
vt 0.7027 0.9152 0.0000
vt 0.7057 0.8945 0.0000
vt 0.7242 0.8960 0.0000
vt 0.4283 0.5813 0.0000
vt 0.4028 0.5897 0.0000
vt 0.4024 0.5680 0.0000
vt 0.4236 0.5615 0.0000
vt 0.8182 0.1797 0.0000
vt 0.8281 0.1791 0.0000
vt 0.3915 0.6136 0.0000
vt 0.4005 0.6153 0.0000
vt 0.7107 0.8836 0.0000
vt 0.7205 0.8852 0.0000
vt 0.4147 0.5533 0.0000
vt 0.4233 0.5500 0.0000
# 32 texture coords

o crosta011
g crosta011
usemtl wire_168183223
s 1
f 501/785/499 502/786/500 503/787/501 504/788/502 
f 505/789/503 506/790/504 507/791/505 508/792/506 
s 2
f 501/793/499 504/794/502 509/795/507 510/796/508 
s 4
f 504/797/502 503/798/501 511/799/509 509/800/507 
s 2
f 503/801/501 502/802/500 512/803/510 511/804/509 
s 4
f 502/805/500 501/806/499 510/807/508 512/808/510 
s 2
f 510/796/508 509/795/507 506/809/504 505/810/503 
s 4
f 509/800/507 511/799/509 507/811/505 506/812/504 
s 2
f 511/804/509 512/803/510 508/813/506 507/814/505 
s 4
f 512/808/510 510/807/508 505/815/503 508/816/506 
# 10 polygons

#
# object crosta012
#

v  -3.0476 22.6137 -3.1964
v  -3.1627 22.5127 -4.9205
v  -1.5361 22.4272 -5.1146
v  -1.4211 22.5283 -3.3904
v  -2.7169 25.0839 -4.9318
v  -1.9669 24.9849 -4.9780
v  -1.9371 24.9777 -5.5810
v  -2.6871 25.0767 -5.5348
v  -1.5284 24.2581 -3.9386
v  -2.9410 24.3328 -3.7806
v  -1.6064 24.1305 -5.3605
v  -3.0190 24.2052 -5.2025
# 12 vertices

vn -0.5504 -0.4468 0.7761
vn -0.6368 -0.5598 -0.4140
vn 0.5397 -0.6194 -0.5610
vn 0.6064 -0.5024 0.6293
vn -0.5215 0.8248 0.1841
vn 0.4896 0.8214 0.1143
vn 0.5114 0.5208 -0.7559
vn -0.4291 0.6030 -0.7053
vn 0.6687 0.4438 0.4971
vn -0.5873 0.4819 0.6576
vn 0.7024 0.0217 -0.7644
vn -0.7674 0.0698 -0.5940
# 12 vertex normals

vt 0.9293 0.1791 0.0000
vt 0.9331 0.1930 0.0000
vt 0.9200 0.1974 0.0000
vt 0.9162 0.1835 0.0000
vt 0.9596 0.2141 0.0000
vt 0.9586 0.2203 0.0000
vt 0.9537 0.2200 0.0000
vt 0.9547 0.2139 0.0000
vt 0.8534 0.3098 0.0000
vt 0.8394 0.3098 0.0000
vt 0.8403 0.2950 0.0000
vt 0.8524 0.2950 0.0000
vt 0.8829 0.2400 0.0000
vt 0.8672 0.2379 0.0000
vt 0.8679 0.2222 0.0000
vt 0.8809 0.2234 0.0000
vt 0.4382 0.8466 0.0000
vt 0.4245 0.8458 0.0000
vt 0.4260 0.8315 0.0000
vt 0.4379 0.8322 0.0000
vt 0.0464 0.9923 0.0000
vt 0.0307 0.9935 0.0000
vt 0.0339 0.9772 0.0000
vt 0.0469 0.9766 0.0000
vt 0.8436 0.2847 0.0000
vt 0.8500 0.2841 0.0000
vt 0.8670 0.2139 0.0000
vt 0.8724 0.2147 0.0000
vt 0.4291 0.8240 0.0000
vt 0.4353 0.8249 0.0000
vt 0.0431 0.9687 0.0000
vt 0.0486 0.9679 0.0000
# 32 texture coords

o crosta012
g crosta012
usemtl wire_168183223
s 1
f 513/817/511 514/818/512 515/819/513 516/820/514 
f 517/821/515 518/822/516 519/823/517 520/824/518 
s 2
f 513/825/511 516/826/514 521/827/519 522/828/520 
s 4
f 516/829/514 515/830/513 523/831/521 521/832/519 
s 2
f 515/833/513 514/834/512 524/835/522 523/836/521 
s 4
f 514/837/512 513/838/511 522/839/520 524/840/522 
s 2
f 522/828/520 521/827/519 518/841/516 517/842/515 
s 4
f 521/832/519 523/831/521 519/843/517 518/844/516 
s 2
f 523/836/521 524/835/522 520/845/518 519/846/517 
s 4
f 524/840/522 522/839/520 517/847/515 520/848/518 
# 10 polygons

#
# object crosta013
#

v  -2.7879 22.4545 -13.5795
v  -2.9249 22.6259 -14.8444
v  -1.7262 22.5839 -15.0478
v  -1.5892 22.4125 -13.7830
v  -2.5683 24.4973 -14.5025
v  -2.0150 24.4284 -14.5733
v  -2.0107 24.5086 -15.0138
v  -2.5641 24.5775 -14.9430
v  -1.6670 23.7499 -13.9336
v  -2.7083 23.7883 -13.7645
v  -1.7679 23.8590 -14.9835
v  -2.8093 23.8974 -14.8144
# 12 vertices

vn -0.5253 -0.5836 0.6988
vn -0.6605 -0.4664 -0.4864
vn 0.5083 -0.5040 -0.6909
vn 0.6239 -0.6172 0.4961
vn -0.5023 0.7776 0.3597
vn 0.5051 0.7814 0.2485
vn 0.4882 0.6526 -0.6633
vn -0.4483 0.7293 -0.5588
vn 0.6941 0.3364 0.5444
vn -0.5539 0.3508 0.7613
vn 0.6717 0.1631 -0.7748
vn -0.7893 0.1867 -0.5373
# 12 vertex normals

vt 0.2754 0.9261 0.0000
vt 0.2782 0.9364 0.0000
vt 0.2685 0.9397 0.0000
vt 0.2657 0.9293 0.0000
vt 0.3801 0.9691 0.0000
vt 0.3793 0.9737 0.0000
vt 0.3757 0.9735 0.0000
vt 0.3764 0.9689 0.0000
vt 0.4329 0.8757 0.0000
vt 0.4225 0.8757 0.0000
vt 0.4232 0.8647 0.0000
vt 0.4322 0.8647 0.0000
vt 0.9252 0.2332 0.0000
vt 0.9135 0.2317 0.0000
vt 0.9140 0.2201 0.0000
vt 0.9237 0.2210 0.0000
vt 0.5184 0.7602 0.0000
vt 0.5083 0.7596 0.0000
vt 0.5094 0.7490 0.0000
vt 0.5182 0.7495 0.0000
vt 0.0911 0.9860 0.0000
vt 0.0794 0.9869 0.0000
vt 0.0818 0.9748 0.0000
vt 0.0915 0.9744 0.0000
vt 0.4256 0.8571 0.0000
vt 0.4304 0.8566 0.0000
vt 0.9134 0.2139 0.0000
vt 0.9174 0.2145 0.0000
vt 0.5117 0.7434 0.0000
vt 0.5163 0.7441 0.0000
vt 0.0887 0.9685 0.0000
vt 0.0927 0.9679 0.0000
# 32 texture coords

o crosta013
g crosta013
usemtl wire_168183223
s 1
f 525/849/523 526/850/524 527/851/525 528/852/526 
f 529/853/527 530/854/528 531/855/529 532/856/530 
s 2
f 525/857/523 528/858/526 533/859/531 534/860/532 
s 4
f 528/861/526 527/862/525 535/863/533 533/864/531 
s 2
f 527/865/525 526/866/524 536/867/534 535/868/533 
s 4
f 526/869/524 525/870/523 534/871/532 536/872/534 
s 2
f 534/860/532 533/859/531 530/873/528 529/874/527 
s 4
f 533/864/531 535/863/533 531/875/529 530/876/528 
s 2
f 535/868/533 536/867/534 532/877/530 531/878/529 
s 4
f 536/872/534 534/871/532 529/879/527 532/880/530 
# 10 polygons

#
# object crosta014
#

v  -3.0408 22.8667 -15.3444
v  -2.9838 23.0697 -16.8495
v  -1.5448 23.0199 -16.8817
v  -1.6018 22.8169 -15.3766
v  -2.6249 25.2851 -16.3877
v  -1.9646 25.2035 -16.3755
v  -1.8839 25.2984 -16.8908
v  -2.5442 25.3800 -16.9030
v  -1.6670 24.4003 -15.5664
v  -2.9158 24.4457 -15.5474
v  -1.6047 24.5294 -16.8135
v  -2.8535 24.5748 -16.7945
# 12 vertices

vn -0.6213 -0.5836 0.6151
vn -0.5828 -0.4664 -0.5771
vn 0.6033 -0.5040 -0.6097
vn 0.5452 -0.6172 0.5814
vn -0.5492 0.7776 0.2829
vn 0.4637 0.7814 0.3192
vn 0.5794 0.6526 -0.5853
vn -0.3624 0.7293 -0.6180
vn 0.6076 0.3364 0.6394
vn -0.6586 0.3508 0.6728
vn 0.7771 0.1631 -0.6690
vn -0.7029 0.1867 -0.6462
# 12 vertex normals

vt 0.9006 0.2479 0.0000
vt 0.9040 0.2602 0.0000
vt 0.8925 0.2641 0.0000
vt 0.8892 0.2518 0.0000
vt 0.2914 0.9263 0.0000
vt 0.2905 0.9317 0.0000
vt 0.2862 0.9315 0.0000
vt 0.2871 0.9261 0.0000
vt 0.3026 0.5917 0.0000
vt 0.2903 0.5917 0.0000
vt 0.2911 0.5787 0.0000
vt 0.3017 0.5787 0.0000
vt 0.3896 0.9156 0.0000
vt 0.3758 0.9138 0.0000
vt 0.3764 0.9000 0.0000
vt 0.3878 0.9011 0.0000
vt 0.8747 0.2958 0.0000
vt 0.8627 0.2952 0.0000
vt 0.8640 0.2826 0.0000
vt 0.8744 0.2832 0.0000
vt 0.9837 0.6807 0.0000
vt 0.9699 0.6818 0.0000
vt 0.9727 0.6675 0.0000
vt 0.9842 0.6669 0.0000
vt 0.2940 0.5697 0.0000
vt 0.2996 0.5691 0.0000
vt 0.3757 0.8927 0.0000
vt 0.3804 0.8934 0.0000
vt 0.8667 0.2760 0.0000
vt 0.8722 0.2768 0.0000
vt 0.9809 0.6600 0.0000
vt 0.9856 0.6593 0.0000
# 32 texture coords

o crosta014
g crosta014
usemtl wire_168183223
s 1
f 537/881/535 538/882/536 539/883/537 540/884/538 
f 541/885/539 542/886/540 543/887/541 544/888/542 
s 2
f 537/889/535 540/890/538 545/891/543 546/892/544 
s 4
f 540/893/538 539/894/537 547/895/545 545/896/543 
s 2
f 539/897/537 538/898/536 548/899/546 547/900/545 
s 4
f 538/901/536 537/902/535 546/903/544 548/904/546 
s 2
f 546/892/544 545/891/543 542/905/540 541/906/539 
s 4
f 545/896/543 547/895/545 543/907/541 542/908/540 
s 2
f 547/900/545 548/899/546 544/909/542 543/910/541 
s 4
f 548/904/546 546/903/544 541/911/539 544/912/542 
# 10 polygons

#
# object crosta015
#

v  -3.0699 22.7592 -16.6274
v  -3.0130 22.5513 -18.1318
v  -1.5740 22.4948 -18.1494
v  -1.6310 22.7026 -16.6450
v  -2.6541 24.8095 -18.2807
v  -1.9938 24.7341 -18.2470
v  -1.9131 24.6874 -18.7689
v  -2.5734 24.7627 -18.8025
v  -1.6962 24.1772 -17.2523
v  -2.9449 24.2260 -17.2461
v  -1.6339 23.9673 -18.4884
v  -2.8826 24.0162 -18.4822
# 12 vertices

vn -0.6213 -0.3973 0.7490
vn -0.5828 -0.6041 -0.4310
vn 0.6033 -0.6490 -0.4523
vn 0.5452 -0.4387 0.7256
vn -0.5492 0.8250 0.0641
vn 0.4637 0.8384 0.0981
vn 0.5794 0.4718 -0.7389
vn -0.3624 0.5370 -0.7909
vn 0.6076 0.4955 0.5258
vn -0.6586 0.5183 0.5542
vn 0.7771 -0.0221 -0.6882
vn -0.7029 0.0067 -0.6726
# 12 vertex normals

vt 0.9876 0.1315 0.0000
vt 0.9910 0.1438 0.0000
vt 0.9795 0.1477 0.0000
vt 0.9761 0.1354 0.0000
vt 0.2709 0.9479 0.0000
vt 0.2700 0.9533 0.0000
vt 0.2657 0.9531 0.0000
vt 0.2666 0.9477 0.0000
vt 0.5753 0.9699 0.0000
vt 0.5630 0.9698 0.0000
vt 0.5638 0.9568 0.0000
vt 0.5745 0.9568 0.0000
vt 0.4145 0.8795 0.0000
vt 0.4007 0.8778 0.0000
vt 0.4013 0.8639 0.0000
vt 0.4128 0.8650 0.0000
vt 0.8219 0.3831 0.0000
vt 0.8099 0.3825 0.0000
vt 0.8112 0.3699 0.0000
vt 0.8216 0.3705 0.0000
vt 0.7664 0.9825 0.0000
vt 0.7526 0.9835 0.0000
vt 0.7554 0.9692 0.0000
vt 0.7668 0.9687 0.0000
vt 0.5667 0.9478 0.0000
vt 0.5724 0.9473 0.0000
vt 0.4006 0.8566 0.0000
vt 0.4053 0.8574 0.0000
vt 0.8139 0.3633 0.0000
vt 0.8194 0.3641 0.0000
vt 0.7635 0.9617 0.0000
vt 0.7683 0.9610 0.0000
# 32 texture coords

o crosta015
g crosta015
usemtl wire_168183223
s 1
f 549/913/547 550/914/548 551/915/549 552/916/550 
f 553/917/551 554/918/552 555/919/553 556/920/554 
s 2
f 549/921/547 552/922/550 557/923/555 558/924/556 
s 4
f 552/925/550 551/926/549 559/927/557 557/928/555 
s 2
f 551/929/549 550/930/548 560/931/558 559/932/557 
s 4
f 550/933/548 549/934/547 558/935/556 560/936/558 
s 2
f 558/924/556 557/923/555 554/937/552 553/938/551 
s 4
f 557/928/555 559/927/557 555/939/553 554/940/552 
s 2
f 559/932/557 560/931/558 556/941/554 555/942/553 
s 4
f 560/936/558 558/935/556 553/943/551 556/944/554 
# 10 polygons

#
# object crosta016
#

v  -3.0041 23.3145 -18.8102
v  -3.0481 23.3428 -21.4799
v  -0.9756 23.2269 -21.4972
v  -0.9316 23.1985 -18.8275
v  -2.4279 26.3475 -21.0440
v  -1.4761 26.2205 -20.9946
v  -1.4022 26.2620 -21.9117
v  -2.3539 26.3890 -21.9611
v  -0.9981 25.2733 -19.4332
v  -2.7974 25.3754 -19.4342
v  -1.0139 25.2444 -21.6384
v  -2.8132 25.3465 -21.6394
# 12 vertices

vn -0.5992 -0.4957 0.6772
vn -0.6287 -0.5187 -0.5220
vn 0.5562 -0.5823 -0.5383
vn 0.5661 -0.5551 0.6591
vn -0.5151 0.8147 0.1803
vn 0.5014 0.8035 0.2257
vn 0.5606 0.5685 -0.6565
vn -0.3826 0.6587 -0.7075
vn 0.6542 0.3965 0.6001
vn -0.6115 0.4387 0.6193
vn 0.7423 0.0694 -0.6776
vn -0.7379 0.1235 -0.6721
# 12 vertex normals

vt 0.9300 0.1007 0.0000
vt 0.9308 0.1218 0.0000
vt 0.9143 0.1223 0.0000
vt 0.9135 0.1012 0.0000
vt 0.9497 0.1668 0.0000
vt 0.9521 0.1596 0.0000
vt 0.9590 0.1618 0.0000
vt 0.9566 0.1690 0.0000
vt 0.3010 0.7389 0.0000
vt 0.2822 0.7384 0.0000
vt 0.2843 0.7190 0.0000
vt 0.3007 0.7194 0.0000
vt 0.6888 0.9612 0.0000
vt 0.6655 0.9576 0.0000
vt 0.6669 0.9398 0.0000
vt 0.6861 0.9424 0.0000
vt 0.2647 0.8187 0.0000
vt 0.2459 0.8171 0.0000
vt 0.2485 0.7990 0.0000
vt 0.2648 0.8003 0.0000
vt 0.8704 0.1590 0.0000
vt 0.8481 0.1664 0.0000
vt 0.8477 0.1474 0.0000
vt 0.8663 0.1417 0.0000
vt 0.2894 0.7057 0.0000
vt 0.2981 0.7051 0.0000
vt 0.6657 0.9303 0.0000
vt 0.6737 0.9318 0.0000
vt 0.2530 0.7895 0.0000
vt 0.2616 0.7909 0.0000
vt 0.8585 0.1345 0.0000
vt 0.8660 0.1315 0.0000
# 32 texture coords

o crosta016
g crosta016
usemtl wire_168183223
s 1
f 561/945/559 562/946/560 563/947/561 564/948/562 
f 565/949/563 566/950/564 567/951/565 568/952/566 
s 2
f 561/953/559 564/954/562 569/955/567 570/956/568 
s 4
f 564/957/562 563/958/561 571/959/569 569/960/567 
s 2
f 563/961/561 562/962/560 572/963/570 571/964/569 
s 4
f 562/965/560 561/966/559 570/967/568 572/968/570 
s 2
f 570/956/568 569/955/567 566/969/564 565/970/563 
s 4
f 569/960/567 571/959/569 567/971/565 566/972/564 
s 2
f 571/964/569 572/963/570 568/973/566 567/974/565 
s 4
f 572/968/570 570/967/568 565/975/563 568/976/566 
# 10 polygons

#
# object crosta017
#

v  -3.7047 21.6359 -22.7471
v  -3.6351 22.3992 -26.8716
v  -0.3898 22.3526 -26.7963
v  -0.4595 21.5893 -22.6718
v  -2.8933 28.3949 -24.6844
v  -1.4010 28.2096 -24.5969
v  -1.2402 28.5437 -25.9914
v  -2.7324 28.7290 -26.0789
v  -0.6724 25.9269 -22.6038
v  -3.4890 25.9747 -22.6932
v  -0.5792 26.4538 -26.0345
v  -3.3958 26.5016 -26.1239
# 12 vertices

vn -0.5976 -0.6188 0.5098
vn -0.5860 -0.4433 -0.6783
vn 0.6005 -0.4567 -0.6564
vn 0.5691 -0.6286 0.5301
vn -0.5583 0.7443 0.3665
vn 0.4554 0.7652 0.4550
vn 0.5550 0.6848 -0.4722
vn -0.3891 0.7447 -0.5423
vn 0.6145 0.3122 0.7245
vn -0.6517 0.3011 0.6962
vn 0.7605 0.2089 -0.6148
vn -0.7200 0.2034 -0.6635
# 12 vertex normals

vt 0.6567 0.9551 0.0000
vt 0.6565 0.9914 0.0000
vt 0.6284 0.9910 0.0000
vt 0.6286 0.9547 0.0000
vt 0.4038 0.6568 0.0000
vt 0.4039 0.6698 0.0000
vt 0.3915 0.6703 0.0000
vt 0.3913 0.6573 0.0000
vt 0.3400 0.8065 0.0000
vt 0.3109 0.8064 0.0000
vt 0.3134 0.7701 0.0000
vt 0.3387 0.7701 0.0000
vt 0.8092 0.1236 0.0000
vt 0.7728 0.1213 0.0000
vt 0.7751 0.0854 0.0000
vt 0.8052 0.0863 0.0000
vt 0.8453 0.1219 0.0000
vt 0.8171 0.1220 0.0000
vt 0.8188 0.0860 0.0000
vt 0.8432 0.0859 0.0000
vt 0.2819 0.5611 0.0000
vt 0.2459 0.5558 0.0000
vt 0.2577 0.5202 0.0000
vt 0.2873 0.5255 0.0000
vt 0.3208 0.7449 0.0000
vt 0.3343 0.7434 0.0000
vt 0.7734 0.0666 0.0000
vt 0.7858 0.0678 0.0000
vt 0.8242 0.0666 0.0000
vt 0.8371 0.0680 0.0000
vt 0.2810 0.5055 0.0000
vt 0.2934 0.5065 0.0000
# 32 texture coords

o crosta017
g crosta017
usemtl wire_168183223
s 1
f 573/977/571 574/978/572 575/979/573 576/980/574 
f 577/981/575 578/982/576 579/983/577 580/984/578 
s 2
f 573/985/571 576/986/574 581/987/579 582/988/580 
s 4
f 576/989/574 575/990/573 583/991/581 581/992/579 
s 2
f 575/993/573 574/994/572 584/995/582 583/996/581 
s 4
f 574/997/572 573/998/571 582/999/580 584/1000/582 
s 2
f 582/988/580 581/987/579 578/1001/576 577/1002/575 
s 4
f 581/992/579 583/991/581 579/1003/577 578/1004/576 
s 2
f 583/996/581 584/995/582 580/1005/578 579/1006/577 
s 4
f 584/1000/582 582/999/580 577/1007/575 580/1008/578 
# 10 polygons

#
# object crosta018
#

v  -3.4802 23.3666 -27.1123
v  -3.3657 21.8415 -30.0896
v  -0.7796 21.6554 -29.8693
v  -0.8942 23.1805 -26.8920
v  -2.4406 25.4146 -31.3006
v  -1.2609 25.2808 -31.0931
v  -1.1083 24.7901 -32.1269
v  -2.2879 24.9239 -32.3344
v  -0.8171 25.1300 -28.7737
v  -3.0611 25.2839 -28.9836
v  -0.6999 23.8119 -31.2008
v  -2.9439 23.9657 -31.4107
# 12 vertices

vn -0.6550 -0.1125 0.7884
vn -0.6254 -0.6905 -0.2625
vn 0.5546 -0.7759 -0.1690
vn 0.5056 -0.1948 0.8772
vn -0.4847 0.8143 -0.2523
vn 0.5266 0.8069 -0.1397
vn 0.6189 0.1872 -0.8064
vn -0.3152 0.2605 -0.9558
vn 0.6412 0.6182 0.3899
vn -0.6205 0.6876 0.3034
vn 0.7778 -0.2675 -0.5817
vn -0.6966 -0.1900 -0.7001
# 12 vertex normals

vt 0.9166 0.0030 0.0000
vt 0.9176 0.0294 0.0000
vt 0.8970 0.0300 0.0000
vt 0.8960 0.0036 0.0000
vt 0.8532 0.1211 0.0000
vt 0.8563 0.1120 0.0000
vt 0.8650 0.1147 0.0000
vt 0.8620 0.1238 0.0000
vt 0.8880 0.0454 0.0000
vt 0.8643 0.0447 0.0000
vt 0.8670 0.0204 0.0000
vt 0.8876 0.0209 0.0000
vt 0.6947 0.9224 0.0000
vt 0.6655 0.9178 0.0000
vt 0.6672 0.8956 0.0000
vt 0.6914 0.8987 0.0000
vt 0.4148 0.7151 0.0000
vt 0.3913 0.7132 0.0000
vt 0.3946 0.6904 0.0000
vt 0.4150 0.6921 0.0000
vt 0.6126 0.9830 0.0000
vt 0.5845 0.9923 0.0000
vt 0.5841 0.9684 0.0000
vt 0.6074 0.9612 0.0000
vt 0.8734 0.0037 0.0000
vt 0.8844 0.0030 0.0000
vt 0.6657 0.8836 0.0000
vt 0.6757 0.8855 0.0000
vt 0.4001 0.6785 0.0000
vt 0.4109 0.6803 0.0000
vt 0.5976 0.9522 0.0000
vt 0.6070 0.9486 0.0000
# 32 texture coords

o crosta018
g crosta018
usemtl wire_168183223
s 1
f 585/1009/583 586/1010/584 587/1011/585 588/1012/586 
f 589/1013/587 590/1014/588 591/1015/589 592/1016/590 
s 2
f 585/1017/583 588/1018/586 593/1019/591 594/1020/592 
s 4
f 588/1021/586 587/1022/585 595/1023/593 593/1024/591 
s 2
f 587/1025/585 586/1026/584 596/1027/594 595/1028/593 
s 4
f 586/1029/584 585/1030/583 594/1031/592 596/1032/594 
s 2
f 594/1020/592 593/1019/591 590/1033/588 589/1034/587 
s 4
f 593/1024/591 595/1023/593 591/1035/589 590/1036/588 
s 2
f 595/1028/593 596/1027/594 592/1037/590 591/1038/589 
s 4
f 596/1032/594 594/1031/592 589/1039/587 592/1040/590 
# 10 polygons

#
# object crosta019
#

v  -2.8324 21.4367 -31.2331
v  -2.8696 21.4606 -33.4883
v  -1.1189 21.3627 -33.5029
v  -1.0817 21.3387 -31.2477
v  -2.3456 23.9987 -33.1200
v  -1.5417 23.8915 -33.0783
v  -1.4792 23.9265 -33.8530
v  -2.2832 24.0338 -33.8947
v  -1.1379 23.0913 -31.7594
v  -2.6578 23.1776 -31.7603
v  -1.1512 23.0669 -33.6221
v  -2.6711 23.1532 -33.6230
# 12 vertices

vn -0.5992 -0.4957 0.6772
vn -0.6287 -0.5187 -0.5220
vn 0.5562 -0.5823 -0.5383
vn 0.5661 -0.5551 0.6591
vn -0.5151 0.8147 0.1803
vn 0.5014 0.8035 0.2257
vn 0.5606 0.5685 -0.6565
vn -0.3826 0.6587 -0.7075
vn 0.6542 0.3965 0.6001
vn -0.6115 0.4387 0.6193
vn 0.7423 0.0694 -0.6776
vn -0.7379 0.1235 -0.6721
# 12 vertex normals

vt 0.4949 0.6502 0.0000
vt 0.4955 0.6680 0.0000
vt 0.4816 0.6684 0.0000
vt 0.4810 0.6505 0.0000
vt 0.7965 0.3960 0.0000
vt 0.7986 0.3899 0.0000
vt 0.8044 0.3917 0.0000
vt 0.8024 0.3978 0.0000
vt 0.4969 0.6422 0.0000
vt 0.4810 0.6417 0.0000
vt 0.4828 0.6254 0.0000
vt 0.4966 0.6257 0.0000
vt 0.9332 0.0927 0.0000
vt 0.9135 0.0897 0.0000
vt 0.9146 0.0747 0.0000
vt 0.9309 0.0768 0.0000
vt 0.3267 0.9938 0.0000
vt 0.3109 0.9926 0.0000
vt 0.3131 0.9772 0.0000
vt 0.3268 0.9783 0.0000
vt 0.7219 0.9481 0.0000
vt 0.7030 0.9544 0.0000
vt 0.7027 0.9383 0.0000
vt 0.7184 0.9334 0.0000
vt 0.4871 0.6141 0.0000
vt 0.4945 0.6136 0.0000
vt 0.9137 0.0666 0.0000
vt 0.9204 0.0679 0.0000
vt 0.3168 0.9692 0.0000
vt 0.3241 0.9704 0.0000
vt 0.7118 0.9274 0.0000
vt 0.7182 0.9249 0.0000
# 32 texture coords

o crosta019
g crosta019
usemtl wire_168183223
s 1
f 597/1041/595 598/1042/596 599/1043/597 600/1044/598 
f 601/1045/599 602/1046/600 603/1047/601 604/1048/602 
s 2
f 597/1049/595 600/1050/598 605/1051/603 606/1052/604 
s 4
f 600/1053/598 599/1054/597 607/1055/605 605/1056/603 
s 2
f 599/1057/597 598/1058/596 608/1059/606 607/1060/605 
s 4
f 598/1061/596 597/1062/595 606/1063/604 608/1064/606 
s 2
f 606/1052/604 605/1051/603 602/1065/600 601/1066/599 
s 4
f 605/1056/603 607/1055/605 603/1067/601 602/1068/600 
s 2
f 607/1060/605 608/1059/606 604/1069/602 603/1070/601 
s 4
f 608/1064/606 606/1063/604 601/1071/599 604/1072/602 
# 10 polygons

#
# object crosta020
#

v  -3.3993 19.8438 -37.0022
v  -3.5097 20.3243 -38.8292
v  -1.7320 20.2588 -39.0560
v  -1.6216 19.7784 -37.2290
v  -2.9608 22.9892 -37.9707
v  -2.1430 22.8824 -38.0505
v  -2.1044 23.0779 -38.6798
v  -2.9222 23.1847 -38.6000
v  -1.6918 21.7644 -37.2145
v  -3.2356 21.8254 -37.0283
v  -1.7655 22.1142 -38.7362
v  -3.3093 22.1751 -38.5500
# 12 vertices

vn -0.5673 -0.6515 0.5987
vn -0.6450 -0.3892 -0.5682
vn 0.5312 -0.4284 -0.7239
vn 0.5893 -0.6866 0.4444
vn -0.5050 0.7397 0.4290
vn 0.5064 0.7340 0.3637
vn 0.5297 0.7166 -0.5568
vn -0.4091 0.8014 -0.4852
vn 0.6736 0.2524 0.6114
vn -0.5827 0.2689 0.7731
vn 0.7098 0.2402 -0.7187
vn -0.7601 0.2681 -0.5450
# 12 vertex normals

vt 0.7871 0.4268 0.0000
vt 0.7913 0.4421 0.0000
vt 0.7770 0.4469 0.0000
vt 0.7728 0.4316 0.0000
vt 0.9391 0.2482 0.0000
vt 0.9380 0.2550 0.0000
vt 0.9326 0.2547 0.0000
vt 0.9337 0.2479 0.0000
vt 0.8547 0.2761 0.0000
vt 0.8394 0.2760 0.0000
vt 0.8404 0.2598 0.0000
vt 0.8537 0.2598 0.0000
vt 0.3282 0.9612 0.0000
vt 0.3110 0.9590 0.0000
vt 0.3118 0.9418 0.0000
vt 0.3260 0.9431 0.0000
vt 0.5198 0.6383 0.0000
vt 0.5049 0.6375 0.0000
vt 0.5066 0.6219 0.0000
vt 0.5195 0.6226 0.0000
vt 0.3929 0.8147 0.0000
vt 0.3757 0.8160 0.0000
vt 0.3792 0.7982 0.0000
vt 0.3934 0.7976 0.0000
vt 0.8440 0.2486 0.0000
vt 0.8510 0.2479 0.0000
vt 0.3109 0.9327 0.0000
vt 0.3167 0.9336 0.0000
vt 0.5099 0.6136 0.0000
vt 0.5167 0.6146 0.0000
vt 0.3893 0.7889 0.0000
vt 0.3952 0.7881 0.0000
# 32 texture coords

o crosta020
g crosta020
usemtl wire_168183223
s 1
f 609/1073/607 610/1074/608 611/1075/609 612/1076/610 
f 613/1077/611 614/1078/612 615/1079/613 616/1080/614 
s 2
f 609/1081/607 612/1082/610 617/1083/615 618/1084/616 
s 4
f 612/1085/610 611/1086/609 619/1087/617 617/1088/615 
s 2
f 611/1089/609 610/1090/608 620/1091/618 619/1092/617 
s 4
f 610/1093/608 609/1094/607 618/1095/616 620/1096/618 
s 2
f 618/1084/616 617/1083/615 614/1097/612 613/1098/611 
s 4
f 617/1088/615 619/1087/617 615/1099/613 614/1100/612 
s 2
f 619/1092/617 620/1091/618 616/1101/614 615/1102/613 
s 4
f 620/1096/618 618/1095/616 613/1103/611 616/1104/614 
# 10 polygons

#
# object crosta021
#

v  -3.0305 21.1232 -41.0501
v  -3.0677 21.1471 -43.3052
v  -1.3170 21.0492 -43.3198
v  -1.2798 21.0253 -41.0647
v  -2.5438 23.6852 -42.9370
v  -1.7398 23.5780 -42.8953
v  -1.6773 23.6131 -43.6699
v  -2.4813 23.7203 -43.7117
v  -1.3360 22.7778 -41.5764
v  -2.8559 22.8641 -41.5772
v  -1.3494 22.7535 -43.4391
v  -2.8693 22.8397 -43.4399
# 12 vertices

vn -0.5992 -0.4957 0.6772
vn -0.6287 -0.5187 -0.5220
vn 0.5562 -0.5823 -0.5383
vn 0.5661 -0.5551 0.6591
vn -0.5151 0.8147 0.1803
vn 0.5014 0.8035 0.2257
vn 0.5606 0.5685 -0.6565
vn -0.3826 0.6587 -0.7075
vn 0.6542 0.3965 0.6001
vn -0.6115 0.4387 0.6193
vn 0.7423 0.0694 -0.6776
vn -0.7379 0.1235 -0.6721
# 12 vertex normals

vt 0.4994 0.5865 0.0000
vt 0.5001 0.6043 0.0000
vt 0.4862 0.6047 0.0000
vt 0.4855 0.5869 0.0000
vt 0.4645 0.8301 0.0000
vt 0.4666 0.8240 0.0000
vt 0.4724 0.8258 0.0000
vt 0.4704 0.8319 0.0000
vt 0.9571 0.0952 0.0000
vt 0.9412 0.0948 0.0000
vt 0.9430 0.0784 0.0000
vt 0.9568 0.0787 0.0000
vt 0.8296 0.2864 0.0000
vt 0.8099 0.2834 0.0000
vt 0.8110 0.2684 0.0000
vt 0.8273 0.2705 0.0000
vt 0.2871 0.8513 0.0000
vt 0.2713 0.8500 0.0000
vt 0.2734 0.8347 0.0000
vt 0.2872 0.8358 0.0000
vt 0.4422 0.7017 0.0000
vt 0.4233 0.7080 0.0000
vt 0.4230 0.6919 0.0000
vt 0.4387 0.6871 0.0000
vt 0.9473 0.0671 0.0000
vt 0.9547 0.0666 0.0000
vt 0.8101 0.2604 0.0000
vt 0.8168 0.2616 0.0000
vt 0.2772 0.8267 0.0000
vt 0.2845 0.8278 0.0000
vt 0.4321 0.6810 0.0000
vt 0.4384 0.6785 0.0000
# 32 texture coords

o crosta021
g crosta021
usemtl wire_168183223
s 1
f 621/1105/619 622/1106/620 623/1107/621 624/1108/622 
f 625/1109/623 626/1110/624 627/1111/625 628/1112/626 
s 2
f 621/1113/619 624/1114/622 629/1115/627 630/1116/628 
s 4
f 624/1117/622 623/1118/621 631/1119/629 629/1120/627 
s 2
f 623/1121/621 622/1122/620 632/1123/630 631/1124/629 
s 4
f 622/1125/620 621/1126/619 630/1127/628 632/1128/630 
s 2
f 630/1116/628 629/1115/627 626/1129/624 625/1130/623 
s 4
f 629/1120/627 631/1119/629 627/1131/625 626/1132/624 
s 2
f 631/1124/629 632/1123/630 628/1133/626 627/1134/625 
s 4
f 632/1128/630 630/1127/628 625/1135/623 628/1136/626 
# 10 polygons

#
# object crosta022
#

v  -3.0152 20.3897 -39.0818
v  -3.0949 20.4865 -40.9700
v  -1.3117 20.4179 -41.1476
v  -1.2320 20.3211 -39.2594
v  -2.6165 23.2823 -40.6622
v  -1.7952 23.1807 -40.7043
v  -1.7467 23.2451 -41.3594
v  -2.5680 23.3467 -41.3174
v  -1.3409 22.2665 -39.6505
v  -2.8893 22.3279 -39.5076
v  -1.3881 22.2982 -41.2126
v  -2.9364 22.3596 -41.0697
# 12 vertices

vn -0.5676 -0.5295 0.7088
vn -0.6248 -0.5114 -0.4883
vn 0.5551 -0.5539 -0.6122
vn 0.5927 -0.5681 0.5850
vn -0.5285 0.7994 0.2606
vn 0.4840 0.8042 0.2156
vn 0.5278 0.6008 -0.6816
vn -0.4138 0.6764 -0.6452
vn 0.6551 0.3870 0.5589
vn -0.6046 0.4066 0.6919
vn 0.7206 0.1058 -0.7400
vn -0.7530 0.1341 -0.6013
# 12 vertex normals

vt 0.9640 0.1315 0.0000
vt 0.9682 0.1468 0.0000
vt 0.9539 0.1516 0.0000
vt 0.9497 0.1363 0.0000
vt 0.8692 0.3289 0.0000
vt 0.8681 0.3356 0.0000
vt 0.8627 0.3353 0.0000
vt 0.8638 0.3286 0.0000
vt 0.7425 0.9895 0.0000
vt 0.7272 0.9895 0.0000
vt 0.7282 0.9733 0.0000
vt 0.7415 0.9733 0.0000
vt 0.9872 0.6152 0.0000
vt 0.9701 0.6130 0.0000
vt 0.9708 0.5958 0.0000
vt 0.9851 0.5971 0.0000
vt 0.8248 0.3553 0.0000
vt 0.8099 0.3545 0.0000
vt 0.8116 0.3388 0.0000
vt 0.8245 0.3396 0.0000
vt 0.3652 0.8551 0.0000
vt 0.3480 0.8564 0.0000
vt 0.3515 0.8385 0.0000
vt 0.3658 0.8379 0.0000
vt 0.7318 0.9620 0.0000
vt 0.7389 0.9614 0.0000
vt 0.9699 0.5867 0.0000
vt 0.9758 0.5876 0.0000
vt 0.8149 0.3306 0.0000
vt 0.8217 0.3316 0.0000
vt 0.3616 0.8292 0.0000
vt 0.3676 0.8284 0.0000
# 32 texture coords

o crosta022
g crosta022
usemtl wire_168183223
s 1
f 633/1137/631 634/1138/632 635/1139/633 636/1140/634 
f 637/1141/635 638/1142/636 639/1143/637 640/1144/638 
s 2
f 633/1145/631 636/1146/634 641/1147/639 642/1148/640 
s 4
f 636/1149/634 635/1150/633 643/1151/641 641/1152/639 
s 2
f 635/1153/633 634/1154/632 644/1155/642 643/1156/641 
s 4
f 634/1157/632 633/1158/631 642/1159/640 644/1160/642 
s 2
f 642/1148/640 641/1147/639 638/1161/636 637/1162/635 
s 4
f 641/1152/639 643/1151/641 639/1163/637 638/1164/636 
s 2
f 643/1156/641 644/1155/642 640/1165/638 639/1166/637 
s 4
f 644/1160/642 642/1159/640 637/1167/635 640/1168/638 
# 10 polygons

#
# object crosta023
#

v  -2.8213 20.5812 -33.4000
v  -2.9066 20.5062 -34.6788
v  -1.7002 20.4428 -34.8227
v  -1.6149 20.5178 -33.5439
v  -2.5760 22.4132 -34.6871
v  -2.0197 22.3398 -34.7214
v  -1.9976 22.3344 -35.1686
v  -2.5539 22.4079 -35.1343
v  -1.6945 21.8007 -33.9505
v  -2.7422 21.8562 -33.8333
v  -1.7523 21.7061 -35.0051
v  -2.8000 21.7615 -34.8879
# 12 vertices

vn -0.5504 -0.4468 0.7761
vn -0.6368 -0.5598 -0.4140
vn 0.5397 -0.6194 -0.5610
vn 0.6064 -0.5024 0.6293
vn -0.5215 0.8248 0.1841
vn 0.4896 0.8214 0.1143
vn 0.5114 0.5208 -0.7559
vn -0.4291 0.6030 -0.7053
vn 0.6687 0.4438 0.4971
vn -0.5873 0.4819 0.6576
vn 0.7024 0.0217 -0.7644
vn -0.7674 0.0698 -0.5940
# 12 vertex normals

vt 0.9428 0.2139 0.0000
vt 0.9457 0.2242 0.0000
vt 0.9360 0.2275 0.0000
vt 0.9332 0.2171 0.0000
vt 0.3025 0.7897 0.0000
vt 0.3018 0.7942 0.0000
vt 0.2981 0.7940 0.0000
vt 0.2989 0.7895 0.0000
vt 0.9515 0.1982 0.0000
vt 0.9411 0.1981 0.0000
vt 0.9418 0.1871 0.0000
vt 0.9508 0.1871 0.0000
vt 0.2577 0.9454 0.0000
vt 0.2460 0.9439 0.0000
vt 0.2466 0.9323 0.0000
vt 0.2562 0.9332 0.0000
vt 0.1108 0.9847 0.0000
vt 0.1007 0.9841 0.0000
vt 0.1018 0.9735 0.0000
vt 0.1106 0.9740 0.0000
vt 0.9768 0.1174 0.0000
vt 0.9651 0.1183 0.0000
vt 0.9675 0.1062 0.0000
vt 0.9772 0.1058 0.0000
vt 0.9442 0.1795 0.0000
vt 0.9490 0.1791 0.0000
vt 0.2459 0.9261 0.0000
vt 0.2499 0.9267 0.0000
vt 0.1041 0.9679 0.0000
vt 0.1087 0.9686 0.0000
vt 0.9744 0.0999 0.0000
vt 0.9784 0.0993 0.0000
# 32 texture coords

o crosta023
g crosta023
usemtl wire_168183223
s 1
f 645/1169/643 646/1170/644 647/1171/645 648/1172/646 
f 649/1173/647 650/1174/648 651/1175/649 652/1176/650 
s 2
f 645/1177/643 648/1178/646 653/1179/651 654/1180/652 
s 4
f 648/1181/646 647/1182/645 655/1183/653 653/1184/651 
s 2
f 647/1185/645 646/1186/644 656/1187/654 655/1188/653 
s 4
f 646/1189/644 645/1190/643 654/1191/652 656/1192/654 
s 2
f 654/1180/652 653/1179/651 650/1193/648 649/1194/647 
s 4
f 653/1184/651 655/1183/653 651/1195/649 650/1196/648 
s 2
f 655/1188/653 656/1187/654 652/1197/650 651/1198/649 
s 4
f 656/1192/654 654/1191/652 649/1199/647 652/1200/650 
# 10 polygons

#
# object crosta024
#

v  -2.8213 19.6369 -34.5466
v  -2.9066 19.5620 -35.8253
v  -1.7002 19.4986 -35.9692
v  -1.6149 19.5736 -34.6905
v  -2.5760 21.4690 -35.8337
v  -2.0197 21.3956 -35.8680
v  -1.9976 21.3902 -36.3152
v  -2.5539 21.4637 -36.2809
v  -1.6945 20.8565 -35.0971
v  -2.7422 20.9119 -34.9799
v  -1.7523 20.7619 -36.1517
v  -2.8000 20.8173 -36.0345
# 12 vertices

vn -0.5504 -0.4468 0.7761
vn -0.6368 -0.5598 -0.4140
vn 0.5397 -0.6194 -0.5610
vn 0.6064 -0.5024 0.6293
vn -0.5215 0.8248 0.1841
vn 0.4896 0.8214 0.1143
vn 0.5114 0.5208 -0.7559
vn -0.4291 0.6030 -0.7053
vn 0.6687 0.4438 0.4971
vn -0.5873 0.4819 0.6576
vn 0.7024 0.0217 -0.7644
vn -0.7674 0.0698 -0.5940
# 12 vertex normals

vt 0.9796 0.7171 0.0000
vt 0.9824 0.7274 0.0000
vt 0.9727 0.7307 0.0000
vt 0.9699 0.7203 0.0000
vt 0.4241 0.5952 0.0000
vt 0.4234 0.5998 0.0000
vt 0.4197 0.5996 0.0000
vt 0.4205 0.5950 0.0000
vt 0.5198 0.5691 0.0000
vt 0.5094 0.5690 0.0000
vt 0.5101 0.5580 0.0000
vt 0.5191 0.5580 0.0000
vt 0.9817 0.7091 0.0000
vt 0.9700 0.7076 0.0000
vt 0.9705 0.6959 0.0000
vt 0.9802 0.6968 0.0000
vt 0.8728 0.3206 0.0000
vt 0.8627 0.3200 0.0000
vt 0.8638 0.3094 0.0000
vt 0.8726 0.3099 0.0000
vt 0.5166 0.6644 0.0000
vt 0.5049 0.6653 0.0000
vt 0.5073 0.6532 0.0000
vt 0.5170 0.6528 0.0000
vt 0.5126 0.5504 0.0000
vt 0.5173 0.5500 0.0000
vt 0.9699 0.6897 0.0000
vt 0.9739 0.6904 0.0000
vt 0.8660 0.3038 0.0000
vt 0.8707 0.3045 0.0000
vt 0.5142 0.6469 0.0000
vt 0.5182 0.6463 0.0000
# 32 texture coords

o crosta024
g crosta024
usemtl wire_168183223
s 1
f 657/1201/655 658/1202/656 659/1203/657 660/1204/658 
f 661/1205/659 662/1206/660 663/1207/661 664/1208/662 
s 2
f 657/1209/655 660/1210/658 665/1211/663 666/1212/664 
s 4
f 660/1213/658 659/1214/657 667/1215/665 665/1216/663 
s 2
f 659/1217/657 658/1218/656 668/1219/666 667/1220/665 
s 4
f 658/1221/656 657/1222/655 666/1223/664 668/1224/666 
s 2
f 666/1212/664 665/1211/663 662/1225/660 661/1226/659 
s 4
f 665/1216/663 667/1215/665 663/1227/661 662/1228/660 
s 2
f 667/1220/665 668/1219/666 664/1229/662 663/1230/661 
s 4
f 668/1224/666 666/1223/664 661/1231/659 664/1232/662 
# 10 polygons

#
# object crosta025
#

v  -3.7437 19.0531 -43.2194
v  -3.6035 18.6246 -47.3903
v  -0.3600 18.6571 -47.2558
v  -0.5002 19.0856 -43.0849
v  -2.9780 25.0055 -46.9715
v  -1.4855 24.8781 -46.8127
v  -1.3017 24.8085 -48.2423
v  -2.7942 24.9359 -48.4011
v  -0.7676 23.2623 -44.2460
v  -3.5824 23.2343 -44.3880
v  -0.6144 22.8029 -47.6843
v  -3.4292 22.7749 -47.8262
# 12 vertices

vn -0.5998 -0.4604 0.6545
vn -0.5672 -0.6265 -0.5346
vn 0.6187 -0.6127 -0.4918
vn 0.5664 -0.4439 0.6944
vn -0.5745 0.8076 0.1332
vn 0.4371 0.8701 0.2276
vn 0.5556 0.5335 -0.6377
vn -0.3876 0.5549 -0.7361
vn 0.5965 0.5142 0.6163
vn -0.6687 0.4738 0.5730
vn 0.7696 0.0403 -0.6372
vn -0.7094 -0.0042 -0.7048
# 12 vertex normals

vt 0.3762 0.7438 0.0000
vt 0.3760 0.7801 0.0000
vt 0.3480 0.7797 0.0000
vt 0.3482 0.7434 0.0000
vt 0.9886 0.1557 0.0000
vt 0.9888 0.1687 0.0000
vt 0.9763 0.1692 0.0000
vt 0.9761 0.1562 0.0000
vt 0.8019 0.2658 0.0000
vt 0.7728 0.2656 0.0000
vt 0.7754 0.2293 0.0000
vt 0.8007 0.2293 0.0000
vt 0.2823 0.6260 0.0000
vt 0.2459 0.6238 0.0000
vt 0.2482 0.5879 0.0000
vt 0.2783 0.5888 0.0000
vt 0.3944 0.6052 0.0000
vt 0.3663 0.6053 0.0000
vt 0.3679 0.5693 0.0000
vt 0.3923 0.5693 0.0000
vt 0.5646 0.9393 0.0000
vt 0.5286 0.9340 0.0000
vt 0.5404 0.8984 0.0000
vt 0.5700 0.9037 0.0000
vt 0.7828 0.2041 0.0000
vt 0.7962 0.2026 0.0000
vt 0.2465 0.5691 0.0000
vt 0.2589 0.5703 0.0000
vt 0.3733 0.5500 0.0000
vt 0.3863 0.5513 0.0000
vt 0.5637 0.8836 0.0000
vt 0.5761 0.8847 0.0000
# 32 texture coords

o crosta025
g crosta025
usemtl wire_168183223
s 1
f 669/1233/667 670/1234/668 671/1235/669 672/1236/670 
f 673/1237/671 674/1238/672 675/1239/673 676/1240/674 
s 2
f 669/1241/667 672/1242/670 677/1243/675 678/1244/676 
s 4
f 672/1245/670 671/1246/669 679/1247/677 677/1248/675 
s 2
f 671/1249/669 670/1250/668 680/1251/678 679/1252/677 
s 4
f 670/1253/668 669/1254/667 678/1255/676 680/1256/678 
s 2
f 678/1244/676 677/1243/675 674/1257/672 673/1258/671 
s 4
f 677/1248/675 679/1247/677 675/1259/673 674/1260/672 
s 2
f 679/1252/677 680/1251/678 676/1261/674 675/1262/673 
s 4
f 680/1256/678 678/1255/676 673/1263/671 676/1264/674 
# 10 polygons

#
# object crosta026
#

v  -2.5838 20.6058 -47.5135
v  -2.6984 20.2805 -49.1209
v  -1.1590 20.1039 -49.2825
v  -1.0444 20.4291 -47.6751
v  -2.1639 22.6741 -49.4796
v  -1.4566 22.5425 -49.5054
v  -1.4291 22.4522 -50.0710
v  -2.1363 22.5837 -50.0452
v  -1.0715 21.9831 -48.4268
v  -2.4084 22.1356 -48.2965
v  -1.1519 21.6725 -49.7463
v  -2.4888 21.8250 -49.6160
# 12 vertices

vn -0.5697 -0.3052 0.8289
vn -0.6620 -0.5841 -0.3331
vn 0.5105 -0.7174 -0.4630
vn 0.5833 -0.4337 0.6985
vn -0.4832 0.8655 0.0607
vn 0.5266 0.8063 -0.0019
vn 0.5342 0.3831 -0.8198
vn -0.4015 0.5142 -0.7871
vn 0.6886 0.4798 0.4322
vn -0.5642 0.5975 0.5781
vn 0.7022 -0.1202 -0.7554
vn -0.7638 0.0184 -0.6024
# 12 vertex normals

vt 0.4721 0.5873 0.0000
vt 0.4758 0.6006 0.0000
vt 0.4633 0.6047 0.0000
vt 0.4597 0.5914 0.0000
vt 0.4176 0.6570 0.0000
vt 0.4166 0.6629 0.0000
vt 0.4119 0.6626 0.0000
vt 0.4129 0.6568 0.0000
vt 0.3613 0.9580 0.0000
vt 0.3480 0.9579 0.0000
vt 0.3488 0.9438 0.0000
vt 0.3604 0.9438 0.0000
vt 0.4794 0.7682 0.0000
vt 0.4645 0.7663 0.0000
vt 0.4651 0.7513 0.0000
vt 0.4775 0.7525 0.0000
vt 0.5003 0.7649 0.0000
vt 0.4874 0.7642 0.0000
vt 0.4888 0.7506 0.0000
vt 0.5001 0.7512 0.0000
vt 0.2980 0.6960 0.0000
vt 0.2830 0.6971 0.0000
vt 0.2861 0.6816 0.0000
vt 0.2985 0.6811 0.0000
vt 0.3520 0.9341 0.0000
vt 0.3581 0.9335 0.0000
vt 0.4643 0.7434 0.0000
vt 0.4694 0.7443 0.0000
vt 0.4917 0.7434 0.0000
vt 0.4976 0.7443 0.0000
vt 0.2949 0.6735 0.0000
vt 0.3000 0.6728 0.0000
# 32 texture coords

o crosta026
g crosta026
usemtl wire_168183223
s 1
f 681/1265/679 682/1266/680 683/1267/681 684/1268/682 
f 685/1269/683 686/1270/684 687/1271/685 688/1272/686 
s 2
f 681/1273/679 684/1274/682 689/1275/687 690/1276/688 
s 4
f 684/1277/682 683/1278/681 691/1279/689 689/1280/687 
s 2
f 683/1281/681 682/1282/680 692/1283/690 691/1284/689 
s 4
f 682/1285/680 681/1286/679 690/1287/688 692/1288/690 
s 2
f 690/1276/688 689/1275/687 686/1289/684 685/1290/683 
s 4
f 689/1280/687 691/1279/689 687/1291/685 686/1292/684 
s 2
f 691/1284/689 692/1283/690 688/1293/686 687/1294/685 
s 4
f 692/1288/690 690/1287/688 685/1295/683 688/1296/686 
# 10 polygons

#
# object crosta027
#

v  -3.0426 20.3629 -49.8330
v  -2.8975 19.9673 -51.7330
v  -1.0583 19.8461 -51.6712
v  -1.2033 20.2416 -49.7711
v  -2.3481 22.8272 -52.0923
v  -1.5081 22.7120 -52.0065
v  -1.3789 22.6052 -52.6643
v  -2.2189 22.7204 -52.7501
v  -1.2006 22.0755 -50.6734
v  -2.7962 22.1797 -50.7388
v  -1.0631 21.7001 -52.2305
v  -2.6587 21.8042 -52.2958
# 12 vertices

vn -0.6628 -0.3305 0.7458
vn -0.5815 -0.6162 -0.4154
vn 0.6027 -0.6929 -0.3824
vn 0.5019 -0.4034 0.7756
vn -0.5276 0.8413 -0.0137
vn 0.4830 0.8308 0.0630
vn 0.6227 0.4066 -0.7424
vn -0.3138 0.4923 -0.8392
vn 0.5992 0.5136 0.5181
vn -0.6660 0.5709 0.4901
vn 0.8040 -0.0879 -0.6511
vn -0.6740 -0.0200 -0.7014
# 12 vertex normals

vt 0.9107 0.0380 0.0000
vt 0.9150 0.0537 0.0000
vt 0.9003 0.0586 0.0000
vt 0.8960 0.0429 0.0000
vt 0.5150 0.7685 0.0000
vt 0.5139 0.7754 0.0000
vt 0.5083 0.7751 0.0000
vt 0.5094 0.7682 0.0000
vt 0.7185 0.9886 0.0000
vt 0.7027 0.9886 0.0000
vt 0.7037 0.9719 0.0000
vt 0.7174 0.9719 0.0000
vt 0.9434 0.0323 0.0000
vt 0.9257 0.0301 0.0000
vt 0.9265 0.0124 0.0000
vt 0.9412 0.0138 0.0000
vt 0.9082 0.2045 0.0000
vt 0.8929 0.2036 0.0000
vt 0.8946 0.1876 0.0000
vt 0.9079 0.1883 0.0000
vt 0.4435 0.6410 0.0000
vt 0.4258 0.6423 0.0000
vt 0.4294 0.6240 0.0000
vt 0.4441 0.6234 0.0000
vt 0.7074 0.9604 0.0000
vt 0.7147 0.9597 0.0000
vt 0.9256 0.0030 0.0000
vt 0.9316 0.0040 0.0000
vt 0.8980 0.1791 0.0000
vt 0.9050 0.1801 0.0000
vt 0.4399 0.6145 0.0000
vt 0.4459 0.6136 0.0000
# 32 texture coords

o crosta027
g crosta027
usemtl wire_168183223
s 1
f 693/1297/691 694/1298/692 695/1299/693 696/1300/694 
f 697/1301/695 698/1302/696 699/1303/697 700/1304/698 
s 2
f 693/1305/691 696/1306/694 701/1307/699 702/1308/700 
s 4
f 696/1309/694 695/1310/693 703/1311/701 701/1312/699 
s 2
f 695/1313/693 694/1314/692 704/1315/702 703/1316/701 
s 4
f 694/1317/692 693/1318/691 702/1319/700 704/1320/702 
s 2
f 702/1308/700 701/1307/699 698/1321/696 697/1322/695 
s 4
f 701/1312/699 703/1311/701 699/1323/697 698/1324/696 
s 2
f 703/1316/701 704/1315/702 700/1325/698 699/1326/697 
s 4
f 704/1320/702 702/1319/700 697/1327/695 700/1328/698 
# 10 polygons

#
# object crosta028
#

v  -3.0377 19.6895 -51.3382
v  -2.9130 18.7980 -53.0637
v  -1.0746 18.6747 -52.9815
v  -1.1993 19.5662 -51.2560
v  -2.3362 21.4502 -54.1785
v  -1.4968 21.3517 -54.0695
v  -1.3743 21.0711 -54.6754
v  -2.2137 21.1696 -54.7844
v  -1.1847 21.0915 -52.6164
v  -2.7797 21.1943 -52.6987
v  -1.0644 20.3113 -54.0167
v  -2.6594 20.4141 -54.0991
# 12 vertices

vn -0.6600 -0.1105 0.8106
vn -0.5915 -0.6975 -0.2321
vn 0.5920 -0.7775 -0.1861
vn 0.5042 -0.1874 0.8526
vn -0.5187 0.8134 -0.2357
vn 0.4923 0.8112 -0.1643
vn 0.6207 0.1852 -0.8274
vn -0.3157 0.2537 -0.9387
vn 0.6090 0.6259 0.3585
vn -0.6557 0.6895 0.3229
vn 0.7975 -0.2690 -0.6081
vn -0.6801 -0.1985 -0.6668
# 12 vertex normals

vt 0.4686 0.6488 0.0000
vt 0.4729 0.6645 0.0000
vt 0.4582 0.6694 0.0000
vt 0.4539 0.6537 0.0000
vt 0.1255 0.9682 0.0000
vt 0.1244 0.9752 0.0000
vt 0.1188 0.9749 0.0000
vt 0.1199 0.9679 0.0000
vt 0.7885 0.4188 0.0000
vt 0.7728 0.4188 0.0000
vt 0.7738 0.4021 0.0000
vt 0.7875 0.4021 0.0000
vt 0.4775 0.5793 0.0000
vt 0.4599 0.5770 0.0000
vt 0.4607 0.5593 0.0000
vt 0.4753 0.5607 0.0000
vt 0.4475 0.8135 0.0000
vt 0.4322 0.8126 0.0000
vt 0.4339 0.7965 0.0000
vt 0.4472 0.7973 0.0000
vt 0.9032 0.0941 0.0000
vt 0.8854 0.0954 0.0000
vt 0.8890 0.0771 0.0000
vt 0.9037 0.0764 0.0000
vt 0.7775 0.3906 0.0000
vt 0.7848 0.3899 0.0000
vt 0.4597 0.5500 0.0000
vt 0.4657 0.5510 0.0000
vt 0.4373 0.7881 0.0000
vt 0.4443 0.7891 0.0000
vt 0.8995 0.0675 0.0000
vt 0.9056 0.0666 0.0000
# 32 texture coords

o crosta028
g crosta028
usemtl wire_168183223
s 1
f 705/1329/703 706/1330/704 707/1331/705 708/1332/706 
f 709/1333/707 710/1334/708 711/1335/709 712/1336/710 
s 2
f 705/1337/703 708/1338/706 713/1339/711 714/1340/712 
s 4
f 708/1341/706 707/1342/705 715/1343/713 713/1344/711 
s 2
f 707/1345/705 706/1346/704 716/1347/714 715/1348/713 
s 4
f 706/1349/704 705/1350/703 714/1351/712 716/1352/714 
s 2
f 714/1340/712 713/1339/711 710/1353/708 709/1354/707 
s 4
f 713/1344/711 715/1343/713 711/1355/709 710/1356/708 
s 2
f 715/1348/713 716/1347/714 712/1357/710 711/1358/709 
s 4
f 716/1352/714 714/1351/712 709/1359/707 712/1360/710 
# 10 polygons

#
# object crosta029
#

v  -3.5706 19.4315 -54.2051
v  -3.5152 18.3340 -57.4432
v  -0.8696 18.1183 -57.3003
v  -0.9249 19.2157 -54.0623
v  -2.5914 22.1275 -58.1530
v  -1.3824 21.9637 -57.9869
v  -1.2479 21.6222 -59.1078
v  -2.4569 21.7859 -59.2738
v  -0.8824 21.4666 -55.6747
v  -3.1785 21.6489 -55.8186
v  -0.8130 20.4963 -58.3260
v  -3.1091 20.6786 -58.4700
# 12 vertices

vn -0.6394 -0.2276 0.7763
vn -0.6311 -0.6460 -0.3481
vn 0.5504 -0.7419 -0.2912
vn 0.5227 -0.3197 0.8292
vn -0.4888 0.8414 -0.1213
vn 0.5245 0.8197 -0.0309
vn 0.6030 0.3041 -0.7825
vn -0.3339 0.3966 -0.9011
vn 0.6493 0.5560 0.4632
vn -0.6138 0.6348 0.4127
vn 0.7659 -0.1783 -0.6297
vn -0.7105 -0.0872 -0.7065
# 12 vertex normals

vt 0.7939 0.3184 0.0000
vt 0.7949 0.3454 0.0000
vt 0.7738 0.3460 0.0000
vt 0.7728 0.3190 0.0000
vt 0.4024 0.6043 0.0000
vt 0.4055 0.5950 0.0000
vt 0.4144 0.5978 0.0000
vt 0.4113 0.6070 0.0000
vt 0.9941 0.4990 0.0000
vt 0.9699 0.4984 0.0000
vt 0.9726 0.4736 0.0000
vt 0.9936 0.4741 0.0000
vt 0.8397 0.1711 0.0000
vt 0.8099 0.1665 0.0000
vt 0.8116 0.1437 0.0000
vt 0.8363 0.1469 0.0000
vt 0.8773 0.1040 0.0000
vt 0.8532 0.1021 0.0000
vt 0.8566 0.0788 0.0000
vt 0.8774 0.0805 0.0000
vt 0.5577 0.9825 0.0000
vt 0.5291 0.9920 0.0000
vt 0.5286 0.9676 0.0000
vt 0.5524 0.9603 0.0000
vt 0.9792 0.4565 0.0000
vt 0.9904 0.4557 0.0000
vt 0.8101 0.1315 0.0000
vt 0.8203 0.1334 0.0000
vt 0.8622 0.0666 0.0000
vt 0.8733 0.0684 0.0000
vt 0.5424 0.9510 0.0000
vt 0.5521 0.9473 0.0000
# 32 texture coords

o crosta029
g crosta029
usemtl wire_168183223
s 1
f 717/1361/715 718/1362/716 719/1363/717 720/1364/718 
f 721/1365/719 722/1366/720 723/1367/721 724/1368/722 
s 2
f 717/1369/715 720/1370/718 725/1371/723 726/1372/724 
s 4
f 720/1373/718 719/1374/717 727/1375/725 725/1376/723 
s 2
f 719/1377/717 718/1378/716 728/1379/726 727/1380/725 
s 4
f 718/1381/716 717/1382/715 726/1383/724 728/1384/726 
s 2
f 726/1372/724 725/1371/723 722/1385/720 721/1386/719 
s 4
f 725/1376/723 727/1375/725 723/1387/721 722/1388/720 
s 2
f 727/1380/725 728/1379/726 724/1389/722 723/1390/721 
s 4
f 728/1384/726 726/1383/724 721/1391/719 724/1392/722 
# 10 polygons

#
# object crosta030
#

v  -2.7730 17.3031 -58.2463
v  -2.8882 16.7219 -60.0435
v  -1.1069 16.6480 -60.2376
v  -0.9917 17.2292 -58.4403
v  -2.5119 19.4582 -60.7585
v  -1.6882 19.3728 -60.7859
v  -1.6532 19.2023 -61.4227
v  -2.4770 19.2877 -61.3952
v  -1.1816 18.9055 -59.4908
v  -2.7285 18.9674 -59.3335
v  -1.2562 18.3801 -60.9610
v  -2.8031 18.4419 -60.8038
# 12 vertices

vn -0.5349 -0.2605 0.8665
vn -0.6129 -0.6697 -0.2574
vn 0.5655 -0.7181 -0.3927
vn 0.6237 -0.3059 0.7305
vn -0.5542 0.8237 -0.0235
vn 0.4564 0.8425 -0.0970
vn 0.4929 0.3357 -0.8652
vn -0.4502 0.3912 -0.8303
vn 0.6491 0.5793 0.3665
vn -0.6079 0.6072 0.5209
vn 0.7035 -0.1420 -0.7504
vn -0.7676 -0.1103 -0.5875
# 12 vertex normals

vt 0.8770 0.2479 0.0000
vt 0.8812 0.2632 0.0000
vt 0.8669 0.2680 0.0000
vt 0.8627 0.2527 0.0000
vt 0.8164 0.4161 0.0000
vt 0.8153 0.4229 0.0000
vt 0.8099 0.4226 0.0000
vt 0.8110 0.4159 0.0000
vt 0.8252 0.3226 0.0000
vt 0.8099 0.3225 0.0000
vt 0.8109 0.3063 0.0000
vt 0.8242 0.3063 0.0000
vt 0.2901 0.8180 0.0000
vt 0.2730 0.8158 0.0000
vt 0.2738 0.7986 0.0000
vt 0.2880 0.7999 0.0000
vt 0.9800 0.0914 0.0000
vt 0.9651 0.0905 0.0000
vt 0.9668 0.0749 0.0000
vt 0.9797 0.0756 0.0000
vt 0.3281 0.9234 0.0000
vt 0.3109 0.9247 0.0000
vt 0.3144 0.9069 0.0000
vt 0.3286 0.9062 0.0000
vt 0.8145 0.2951 0.0000
vt 0.8216 0.2944 0.0000
vt 0.2728 0.7895 0.0000
vt 0.2787 0.7904 0.0000
vt 0.9701 0.0666 0.0000
vt 0.9769 0.0676 0.0000
vt 0.3245 0.8976 0.0000
vt 0.3304 0.8968 0.0000
# 32 texture coords

o crosta030
g crosta030
usemtl wire_168183223
s 1
f 729/1393/727 730/1394/728 731/1395/729 732/1396/730 
f 733/1397/731 734/1398/732 735/1399/733 736/1400/734 
s 2
f 729/1401/727 732/1402/730 737/1403/735 738/1404/736 
s 4
f 732/1405/730 731/1406/729 739/1407/737 737/1408/735 
s 2
f 731/1409/729 730/1410/728 740/1411/738 739/1412/737 
s 4
f 730/1413/728 729/1414/727 738/1415/736 740/1416/738 
s 2
f 738/1404/736 737/1403/735 734/1417/732 733/1418/731 
s 4
f 737/1408/735 739/1407/737 735/1419/733 734/1420/732 
s 2
f 739/1412/737 740/1411/738 736/1421/734 735/1422/733 
s 4
f 740/1416/738 738/1415/736 733/1423/731 736/1424/734 
# 10 polygons

#
# object crosta031
#

v  -2.6519 16.2319 -62.3563
v  -2.6609 15.0409 -64.2718
v  -0.9074 15.0519 -64.2688
v  -0.8985 16.2428 -62.3533
v  -2.2955 17.4062 -65.3321
v  -1.4872 17.3847 -65.2565
v  -1.4168 17.0026 -65.9305
v  -2.2251 17.0240 -66.0061
v  -1.0533 17.4412 -63.7231
v  -2.5755 17.4255 -63.7378
v  -1.0407 16.4214 -65.2820
v  -2.5629 16.4057 -65.2967
# 12 vertices

vn -0.5771 -0.0891 0.8499
vn -0.5895 -0.7531 -0.1493
vn 0.5973 -0.7468 -0.1541
vn 0.5898 -0.0814 0.8417
vn -0.5655 0.7530 -0.2734
vn 0.4491 0.8267 -0.2507
vn 0.5339 0.1592 -0.8706
vn -0.4122 0.1533 -0.9420
vn 0.6212 0.6935 0.2802
vn -0.6449 0.6661 0.3006
vn 0.7456 -0.2619 -0.6248
vn -0.7351 -0.2989 -0.6179
# 12 vertex normals

vt 0.9395 0.0403 0.0000
vt 0.9401 0.0581 0.0000
vt 0.9262 0.0585 0.0000
vt 0.9256 0.0407 0.0000
vt 0.4874 0.7790 0.0000
vt 0.4894 0.7729 0.0000
vt 0.4953 0.7747 0.0000
vt 0.4932 0.7808 0.0000
vt 0.4911 0.7071 0.0000
vt 0.4751 0.7066 0.0000
vt 0.4770 0.6903 0.0000
vt 0.4908 0.6906 0.0000
vt 0.8591 0.2400 0.0000
vt 0.8394 0.2369 0.0000
vt 0.8405 0.2219 0.0000
vt 0.8568 0.2240 0.0000
vt 0.4164 0.8486 0.0000
vt 0.4006 0.8474 0.0000
vt 0.4028 0.8320 0.0000
vt 0.4165 0.8331 0.0000
vt 0.8291 0.2488 0.0000
vt 0.8102 0.2550 0.0000
vt 0.8099 0.2389 0.0000
vt 0.8256 0.2341 0.0000
vt 0.4813 0.6790 0.0000
vt 0.4886 0.6785 0.0000
vt 0.8395 0.2139 0.0000
vt 0.8462 0.2151 0.0000
vt 0.4065 0.8240 0.0000
vt 0.4138 0.8252 0.0000
vt 0.8190 0.2280 0.0000
vt 0.8254 0.2256 0.0000
# 32 texture coords

o crosta031
g crosta031
usemtl wire_168183223
s 1
f 741/1425/739 742/1426/740 743/1427/741 744/1428/742 
f 745/1429/743 746/1430/744 747/1431/745 748/1432/746 
s 2
f 741/1433/739 744/1434/742 749/1435/747 750/1436/748 
s 4
f 744/1437/742 743/1438/741 751/1439/749 749/1440/747 
s 2
f 743/1441/741 742/1442/740 752/1443/750 751/1444/749 
s 4
f 742/1445/740 741/1446/739 750/1447/748 752/1448/750 
s 2
f 750/1436/748 749/1435/747 746/1449/744 745/1450/743 
s 4
f 749/1440/747 751/1439/749 747/1451/745 746/1452/744 
s 2
f 751/1444/749 752/1443/750 748/1453/746 747/1454/745 
s 4
f 752/1448/750 750/1447/748 745/1455/743 748/1456/746 
# 10 polygons

#
# object crosta032
#

v  -2.6983 16.6702 -60.3022
v  -2.7589 15.7348 -61.9462
v  -0.9726 15.6850 -62.0972
v  -0.9120 16.6203 -60.4532
v  -2.4537 18.2821 -63.1945
v  -1.6273 18.2214 -63.1931
v  -1.5742 17.9273 -63.7816
v  -2.4006 17.9880 -63.7831
v  -1.1327 18.0428 -61.8234
v  -2.6837 18.0815 -61.7028
v  -1.1611 17.2293 -63.1579
v  -2.7121 17.2681 -63.0373
# 12 vertices

vn -0.5439 -0.0988 0.8940
vn -0.5864 -0.7286 -0.1249
vn 0.5954 -0.7625 -0.2317
vn 0.6180 -0.1305 0.7856
vn -0.5790 0.7824 -0.1971
vn 0.4318 0.8209 -0.2592
vn 0.4996 0.1712 -0.9084
vn -0.4453 0.1999 -0.8983
vn 0.6232 0.6634 0.2505
vn -0.6370 0.6784 0.3790
vn 0.7226 -0.2660 -0.6966
vn -0.7518 -0.2530 -0.5634
# 12 vertex normals

vt 0.8997 0.1034 0.0000
vt 0.9039 0.1186 0.0000
vt 0.8896 0.1234 0.0000
vt 0.8854 0.1082 0.0000
vt 0.9098 0.2763 0.0000
vt 0.9087 0.2830 0.0000
vt 0.9033 0.2827 0.0000
vt 0.9044 0.2760 0.0000
vt 0.9417 0.1597 0.0000
vt 0.9264 0.1596 0.0000
vt 0.9274 0.1434 0.0000
vt 0.9407 0.1434 0.0000
vt 0.2633 0.8552 0.0000
vt 0.2461 0.8530 0.0000
vt 0.2469 0.8358 0.0000
vt 0.2611 0.8371 0.0000
vt 0.0715 0.9926 0.0000
vt 0.0565 0.9918 0.0000
vt 0.0582 0.9762 0.0000
vt 0.0712 0.9769 0.0000
vt 0.4291 0.7701 0.0000
vt 0.4119 0.7714 0.0000
vt 0.4154 0.7535 0.0000
vt 0.4297 0.7529 0.0000
vt 0.9310 0.1322 0.0000
vt 0.9380 0.1315 0.0000
vt 0.2459 0.8267 0.0000
vt 0.2518 0.8276 0.0000
vt 0.0615 0.9679 0.0000
vt 0.0684 0.9689 0.0000
vt 0.4255 0.7442 0.0000
vt 0.4315 0.7434 0.0000
# 32 texture coords

o crosta032
g crosta032
usemtl wire_168183223
s 1
f 753/1457/751 754/1458/752 755/1459/753 756/1460/754 
f 757/1461/755 758/1462/756 759/1463/757 760/1464/758 
s 2
f 753/1465/751 756/1466/754 761/1467/759 762/1468/760 
s 4
f 756/1469/754 755/1470/753 763/1471/761 761/1472/759 
s 2
f 755/1473/753 754/1474/752 764/1475/762 763/1476/761 
s 4
f 754/1477/752 753/1478/751 762/1479/760 764/1480/762 
s 2
f 762/1468/760 761/1467/759 758/1481/756 757/1482/755 
s 4
f 761/1472/759 763/1471/761 759/1483/757 758/1484/756 
s 2
f 763/1476/761 764/1475/762 760/1485/758 759/1486/757 
s 4
f 764/1480/762 762/1479/760 757/1487/755 760/1488/758 
# 10 polygons

#
# object crosta033
#

v  -3.0079 14.0940 -65.9989
v  -3.1098 13.7051 -68.1096
v  -1.0874 13.5559 -68.2937
v  -0.9856 13.9448 -66.1829
v  -2.5260 16.8667 -68.5074
v  -1.5953 16.7310 -68.5298
v  -1.5437 16.6291 -69.2706
v  -2.4744 16.7647 -69.2481
v  -1.0850 15.9921 -67.1267
v  -2.8411 16.1206 -66.9799
v  -1.1486 15.6166 -68.8603
v  -2.9047 15.7452 -68.7134
# 12 vertices

vn -0.5698 -0.3432 0.8139
vn -0.6338 -0.6024 -0.3546
vn 0.5447 -0.6880 -0.4687
vn 0.5892 -0.4247 0.6991
vn -0.5172 0.8449 0.0697
vn 0.4950 0.8258 0.0218
vn 0.5311 0.4194 -0.8039
vn -0.4094 0.5138 -0.7833
vn 0.6630 0.4973 0.4520
vn -0.5955 0.5638 0.5806
vn 0.7174 -0.0782 -0.7465
vn -0.7549 0.0009 -0.6138
# 12 vertex normals

vt 0.4194 0.7881 0.0000
vt 0.4242 0.8054 0.0000
vt 0.4080 0.8108 0.0000
vt 0.4032 0.7935 0.0000
vt 0.9669 0.1794 0.0000
vt 0.9656 0.1871 0.0000
vt 0.9595 0.1867 0.0000
vt 0.9607 0.1791 0.0000
vt 0.7496 0.9156 0.0000
vt 0.7322 0.9155 0.0000
vt 0.7333 0.8971 0.0000
vt 0.7484 0.8972 0.0000
vt 0.4039 0.7758 0.0000
vt 0.3844 0.7733 0.0000
vt 0.3853 0.7538 0.0000
vt 0.4014 0.7553 0.0000
vt 0.7745 0.9117 0.0000
vt 0.7576 0.9108 0.0000
vt 0.7595 0.8930 0.0000
vt 0.7742 0.8939 0.0000
vt 0.9895 0.5373 0.0000
vt 0.9699 0.5387 0.0000
vt 0.9739 0.5185 0.0000
vt 0.9901 0.5178 0.0000
vt 0.7374 0.8844 0.0000
vt 0.7454 0.8836 0.0000
vt 0.3842 0.7434 0.0000
vt 0.3909 0.7445 0.0000
vt 0.7632 0.8836 0.0000
vt 0.7710 0.8848 0.0000
vt 0.9854 0.5079 0.0000
vt 0.9921 0.5070 0.0000
# 32 texture coords

o crosta033
g crosta033
usemtl wire_168183223
s 1
f 765/1489/763 766/1490/764 767/1491/765 768/1492/766 
f 769/1493/767 770/1494/768 771/1495/769 772/1496/770 
s 2
f 765/1497/763 768/1498/766 773/1499/771 774/1500/772 
s 4
f 768/1501/766 767/1502/765 775/1503/773 773/1504/771 
s 2
f 767/1505/765 766/1506/764 776/1507/774 775/1508/773 
s 4
f 766/1509/764 765/1510/763 774/1511/772 776/1512/774 
s 2
f 774/1500/772 773/1499/771 770/1513/768 769/1514/767 
s 4
f 773/1504/771 775/1503/773 771/1515/769 770/1516/768 
s 2
f 775/1508/773 776/1507/774 772/1517/770 771/1518/769 
s 4
f 776/1512/774 774/1511/772 769/1519/767 772/1520/770 
# 10 polygons

#
# object crosta034
#

v  -3.2105 13.4626 -70.7730
v  -3.2181 12.3991 -73.1028
v  -1.2293 12.3184 -73.0534
v  -1.2217 13.3819 -70.7235
v  -2.6538 15.1935 -73.9436
v  -1.7407 15.1159 -73.8410
v  -1.6581 14.7793 -74.6536
v  -2.5713 14.8570 -74.7561
v  -1.2948 14.9357 -72.0955
v  -3.0212 15.0005 -72.1529
v  -1.2809 14.0121 -73.9984
v  -3.0073 14.0769 -74.0558
# 12 vertices

vn -0.6040 -0.1693 0.8184
vn -0.6170 -0.6998 -0.2576
vn 0.5685 -0.7481 -0.2351
vn 0.5619 -0.2149 0.8374
vn -0.5245 0.8071 -0.1874
vn 0.4913 0.8300 -0.1327
vn 0.5645 0.2434 -0.8310
vn -0.3786 0.2905 -0.9236
vn 0.6425 0.6227 0.3804
vn -0.6236 0.6519 0.3689
vn 0.7508 -0.2149 -0.6364
vn -0.7297 -0.1837 -0.6673
# 12 vertex normals

vt 0.2846 0.8631 0.0000
vt 0.2853 0.8834 0.0000
vt 0.2696 0.8838 0.0000
vt 0.2688 0.8636 0.0000
vt 0.9880 0.0736 0.0000
vt 0.9903 0.0666 0.0000
vt 0.9970 0.0687 0.0000
vt 0.9947 0.0756 0.0000
vt 0.4517 0.5824 0.0000
vt 0.4336 0.5819 0.0000
vt 0.4357 0.5633 0.0000
vt 0.4514 0.5637 0.0000
vt 0.3332 0.8888 0.0000
vt 0.3109 0.8853 0.0000
vt 0.3121 0.8683 0.0000
vt 0.3306 0.8707 0.0000
vt 0.9183 0.1595 0.0000
vt 0.9003 0.1581 0.0000
vt 0.9028 0.1407 0.0000
vt 0.9184 0.1419 0.0000
vt 0.3048 0.6604 0.0000
vt 0.2834 0.6675 0.0000
vt 0.2830 0.6492 0.0000
vt 0.3009 0.6437 0.0000
vt 0.4406 0.5505 0.0000
vt 0.4489 0.5500 0.0000
vt 0.3110 0.8592 0.0000
vt 0.3186 0.8605 0.0000
vt 0.9070 0.1315 0.0000
vt 0.9153 0.1329 0.0000
vt 0.2934 0.6368 0.0000
vt 0.3006 0.6340 0.0000
# 32 texture coords

o crosta034
g crosta034
usemtl wire_168183223
s 1
f 777/1521/775 778/1522/776 779/1523/777 780/1524/778 
f 781/1525/779 782/1526/780 783/1527/781 784/1528/782 
s 2
f 777/1529/775 780/1530/778 785/1531/783 786/1532/784 
s 4
f 780/1533/778 779/1534/777 787/1535/785 785/1536/783 
s 2
f 779/1537/777 778/1538/776 788/1539/786 787/1540/785 
s 4
f 778/1541/776 777/1542/775 786/1543/784 788/1544/786 
s 2
f 786/1532/784 785/1531/783 782/1545/780 781/1546/779 
s 4
f 785/1536/783 787/1535/785 783/1547/781 782/1548/780 
s 2
f 787/1540/785 788/1539/786 784/1549/782 783/1550/781 
s 4
f 788/1544/786 786/1543/784 781/1551/779 784/1552/782 
# 10 polygons

#
# object crosta035
#

v  -3.1447 13.6581 -68.3959
v  -3.2070 12.8458 -70.3842
v  -1.1791 12.7172 -70.5161
v  -1.1168 13.5295 -68.5279
v  -2.6960 15.8752 -71.4117
v  -1.7620 15.7632 -71.3979
v  -1.6974 15.5143 -72.1019
v  -2.6315 15.6263 -72.1158
v  -1.2535 15.3388 -69.8694
v  -3.0142 15.4468 -69.7673
v  -1.2832 14.6174 -71.4907
v  -3.0439 14.7254 -71.3886
# 12 vertices

vn -0.5726 -0.1860 0.8616
vn -0.6136 -0.6788 -0.2302
vn 0.5682 -0.7538 -0.3141
vn 0.5895 -0.2577 0.7760
vn -0.5389 0.8271 -0.1083
vn 0.4740 0.8261 -0.1423
vn 0.5319 0.2616 -0.8677
vn -0.4108 0.3327 -0.8750
vn 0.6440 0.5966 0.3472
vn -0.6174 0.6537 0.4484
vn 0.7297 -0.2088 -0.7086
vn -0.7459 -0.1443 -0.6078
# 12 vertex normals

vt 0.8801 0.1791 0.0000
vt 0.8849 0.1964 0.0000
vt 0.8687 0.2019 0.0000
vt 0.8639 0.1845 0.0000
vt 0.5029 0.7884 0.0000
vt 0.5016 0.7960 0.0000
vt 0.4955 0.7957 0.0000
vt 0.4967 0.7881 0.0000
vt 0.9873 0.5787 0.0000
vt 0.9699 0.5786 0.0000
vt 0.9710 0.5602 0.0000
vt 0.9861 0.5602 0.0000
vt 0.3677 0.8204 0.0000
vt 0.3482 0.8179 0.0000
vt 0.3491 0.7984 0.0000
vt 0.3652 0.7999 0.0000
vt 0.3926 0.8520 0.0000
vt 0.3757 0.8511 0.0000
vt 0.3775 0.8333 0.0000
vt 0.3922 0.8342 0.0000
vt 0.2655 0.7801 0.0000
vt 0.2459 0.7815 0.0000
vt 0.2499 0.7613 0.0000
vt 0.2661 0.7605 0.0000
vt 0.9751 0.5475 0.0000
vt 0.9831 0.5467 0.0000
vt 0.3480 0.7881 0.0000
vt 0.3546 0.7891 0.0000
vt 0.3813 0.8240 0.0000
vt 0.3891 0.8251 0.0000
vt 0.2614 0.7507 0.0000
vt 0.2681 0.7498 0.0000
# 32 texture coords

o crosta035
g crosta035
usemtl wire_168183223
s 1
f 789/1553/787 790/1554/788 791/1555/789 792/1556/790 
f 793/1557/791 794/1558/792 795/1559/793 796/1560/794 
s 2
f 789/1561/787 792/1562/790 797/1563/795 798/1564/796 
s 4
f 792/1565/790 791/1566/789 799/1567/797 797/1568/795 
s 2
f 791/1569/789 790/1570/788 800/1571/798 799/1572/797 
s 4
f 790/1573/788 789/1574/787 798/1575/796 800/1576/798 
s 2
f 798/1564/796 797/1563/795 794/1577/792 793/1578/791 
s 4
f 797/1568/795 799/1567/797 795/1579/793 794/1580/792 
s 2
f 799/1572/797 800/1571/798 796/1581/794 795/1582/793 
s 4
f 800/1576/798 798/1575/796 793/1583/791 796/1584/794 
# 10 polygons

#
# object diente
#

v  3.1337 14.3991 34.8939
v  3.7354 14.2435 33.2059
v  3.1657 13.7266 32.7632
v  2.5641 13.8822 34.4512
v  4.1782 11.6068 33.8821
v  3.8868 11.4333 33.7026
v  4.0774 11.3273 33.1105
v  4.3688 11.5008 33.2901
v  3.1984 12.1582 34.4384
v  3.6968 12.6049 34.8128
v  3.6778 12.0667 33.0310
v  4.1761 12.5134 33.4054
# 12 vertices

vn 0.0236 0.8898 0.8110
vn 0.4207 0.8344 -0.3146
vn -0.3382 0.1401 -0.9121
vn -0.7213 0.2041 0.2222
vn 0.4913 -0.4085 0.6083
vn -0.1669 -1.0392 0.1621
vn 0.0142 -0.9306 -0.7559
vn 0.6497 -0.4196 -0.3315
vn -0.4955 -0.7319 0.3476
vn 0.3075 0.0334 0.9815
vn -0.2312 -0.5884 -0.9799
vn 0.7147 0.3008 -0.2536
# 12 vertex normals

vt 0.3869 0.9236 0.0000
vt 0.3901 0.9355 0.0000
vt 0.3789 0.9393 0.0000
vt 0.3757 0.9273 0.0000
vt 0.3399 0.9694 0.0000
vt 0.3391 0.9747 0.0000
vt 0.3348 0.9745 0.0000
vt 0.3357 0.9692 0.0000
vt 0.9873 0.0578 0.0000
vt 0.9753 0.0577 0.0000
vt 0.9761 0.0450 0.0000
vt 0.9865 0.0450 0.0000
vt 0.4691 0.8104 0.0000
vt 0.4556 0.8087 0.0000
vt 0.4563 0.7952 0.0000
vt 0.4674 0.7963 0.0000
vt 0.3597 0.9853 0.0000
vt 0.3480 0.9847 0.0000
vt 0.3493 0.9724 0.0000
vt 0.3594 0.9730 0.0000
vt 0.4365 0.7342 0.0000
vt 0.4230 0.7352 0.0000
vt 0.4257 0.7213 0.0000
vt 0.4369 0.7208 0.0000
vt 0.9789 0.0362 0.0000
vt 0.9845 0.0357 0.0000
vt 0.4555 0.7881 0.0000
vt 0.4601 0.7888 0.0000
vt 0.3519 0.9659 0.0000
vt 0.3572 0.9667 0.0000
vt 0.4337 0.7140 0.0000
vt 0.4383 0.7133 0.0000
# 32 texture coords

o diente
g diente
usemtl wire_168183223
s 1
f 801/1585/799 802/1586/800 803/1587/801 804/1588/802 
f 805/1589/803 806/1590/804 807/1591/805 808/1592/806 
s 2
f 801/1593/799 804/1594/802 809/1595/807 810/1596/808 
s 4
f 804/1597/802 803/1598/801 811/1599/809 809/1600/807 
s 2
f 803/1601/801 802/1602/800 812/1603/810 811/1604/809 
s 4
f 802/1605/800 801/1606/799 810/1607/808 812/1608/810 
s 2
f 810/1596/808 809/1595/807 806/1609/804 805/1610/803 
s 4
f 809/1600/807 811/1599/809 807/1611/805 806/1612/804 
s 2
f 811/1604/809 812/1603/810 808/1613/806 807/1614/805 
s 4
f 812/1608/810 810/1607/808 805/1615/803 808/1616/806 
# 10 polygons

#
# object diente001
#

v  3.7726 14.3516 32.7547
v  4.0950 14.2537 31.3965
v  3.5478 13.8992 31.0960
v  3.2254 13.9971 32.4542
v  4.3662 12.1713 31.8075
v  4.0965 12.0586 31.6921
v  4.1895 11.9857 31.2164
v  4.4592 12.0983 31.3317
v  3.6435 12.6318 32.3409
v  4.1206 12.9380 32.5937
v  3.8961 12.5809 31.2115
v  4.3733 12.8871 31.4643
# 12 vertices

vn 0.1806 0.8370 0.8188
vn 0.4560 0.8009 -0.3440
vn -0.4465 0.2119 -0.8466
vn -0.7057 0.2547 0.3230
vn 0.5508 -0.4757 0.5196
vn -0.2255 -1.0182 0.1536
vn -0.1380 -0.8832 -0.7709
vn 0.6041 -0.4557 -0.4266
vn -0.5224 -0.6948 0.3895
vn 0.4348 -0.0413 0.9239
vn -0.3941 -0.5132 -0.9481
vn 0.7302 0.2455 -0.3390
# 12 vertex normals

vt 0.4094 0.9127 0.0000
vt 0.4120 0.9222 0.0000
vt 0.4032 0.9251 0.0000
vt 0.4006 0.9157 0.0000
vt 0.8798 0.1665 0.0000
vt 0.8791 0.1707 0.0000
vt 0.8758 0.1705 0.0000
vt 0.8764 0.1663 0.0000
vt 0.3028 0.8805 0.0000
vt 0.2933 0.8805 0.0000
vt 0.2939 0.8705 0.0000
vt 0.3021 0.8705 0.0000
vt 0.3010 0.6173 0.0000
vt 0.2904 0.6160 0.0000
vt 0.2909 0.6054 0.0000
vt 0.2996 0.6062 0.0000
vt 0.2551 0.9687 0.0000
vt 0.2459 0.9682 0.0000
vt 0.2470 0.9585 0.0000
vt 0.2549 0.9590 0.0000
vt 0.4112 0.9040 0.0000
vt 0.4006 0.9048 0.0000
vt 0.4027 0.8938 0.0000
vt 0.4116 0.8934 0.0000
vt 0.2962 0.8636 0.0000
vt 0.3005 0.8631 0.0000
vt 0.2903 0.5997 0.0000
vt 0.2939 0.6003 0.0000
vt 0.2490 0.9534 0.0000
vt 0.2532 0.9540 0.0000
vt 0.4090 0.8880 0.0000
vt 0.4127 0.8875 0.0000
# 32 texture coords

o diente001
g diente001
usemtl wire_168183223
s 1
f 813/1617/811 814/1618/812 815/1619/813 816/1620/814 
f 817/1621/815 818/1622/816 819/1623/817 820/1624/818 
s 2
f 813/1625/811 816/1626/814 821/1627/819 822/1628/820 
s 4
f 816/1629/814 815/1630/813 823/1631/821 821/1632/819 
s 2
f 815/1633/813 814/1634/812 824/1635/822 823/1636/821 
s 4
f 814/1637/812 813/1638/811 822/1639/820 824/1640/822 
s 2
f 822/1628/820 821/1627/819 818/1641/816 817/1642/815 
s 4
f 821/1632/819 823/1631/821 819/1643/817 818/1644/816 
s 2
f 823/1636/821 824/1635/822 820/1645/818 819/1646/817 
s 4
f 824/1640/822 822/1639/820 817/1647/815 820/1648/818 
# 10 polygons

#
# object diente002
#

v  2.7318 14.0972 37.7006
v  2.6116 14.0131 36.6880
v  2.1445 13.7829 36.6218
v  2.2647 13.8670 37.6345
v  2.7989 12.4793 36.9340
v  2.5799 12.4111 36.9231
v  2.5222 12.3544 36.5738
v  2.7413 12.4227 36.5848
v  2.4575 12.8503 37.4730
v  2.8624 13.0490 37.5244
v  2.3485 12.8034 36.6344
v  2.7533 13.0020 36.6857
# 12 vertices

vn 0.5024 0.8196 0.6924
vn 0.3643 0.7688 -0.4940
vn -0.6921 0.2452 -0.6496
vn -0.5360 0.3016 0.5376
vn 0.6616 -0.5144 0.3119
vn -0.2269 -1.0008 0.2412
vn -0.4492 -0.8688 -0.6608
vn 0.3921 -0.4947 -0.5967
vn -0.4042 -0.6585 0.5572
vn 0.7185 -0.0745 0.7228
vn -0.7252 -0.4813 -0.7483
vn 0.5866 0.1958 -0.5710
# 12 vertex normals

vt 0.4289 0.8837 0.0000
vt 0.4308 0.8906 0.0000
vt 0.4244 0.8928 0.0000
vt 0.4225 0.8859 0.0000
vt 0.9032 0.1677 0.0000
vt 0.9027 0.1707 0.0000
vt 0.9003 0.1706 0.0000
vt 0.9008 0.1675 0.0000
vt 0.3021 0.8394 0.0000
vt 0.2952 0.8393 0.0000
vt 0.2956 0.8320 0.0000
vt 0.3016 0.8320 0.0000
vt 0.9942 0.1122 0.0000
vt 0.9865 0.1112 0.0000
vt 0.9868 0.1035 0.0000
vt 0.9932 0.1041 0.0000
vt 0.5162 0.5882 0.0000
vt 0.5094 0.5878 0.0000
vt 0.5102 0.5808 0.0000
vt 0.5160 0.5811 0.0000
vt 0.2994 0.9106 0.0000
vt 0.2917 0.9112 0.0000
vt 0.2932 0.9031 0.0000
vt 0.2997 0.9028 0.0000
vt 0.2973 0.8269 0.0000
vt 0.3005 0.8267 0.0000
vt 0.9864 0.0993 0.0000
vt 0.9890 0.0998 0.0000
vt 0.5117 0.5771 0.0000
vt 0.5148 0.5775 0.0000
vt 0.2978 0.8989 0.0000
vt 0.3005 0.8986 0.0000
# 32 texture coords

o diente002
g diente002
usemtl wire_168183223
s 1
f 825/1649/823 826/1650/824 827/1651/825 828/1652/826 
f 829/1653/827 830/1654/828 831/1655/829 832/1656/830 
s 2
f 825/1657/823 828/1658/826 833/1659/831 834/1660/832 
s 4
f 828/1661/826 827/1662/825 835/1663/833 833/1664/831 
s 2
f 827/1665/825 826/1666/824 836/1667/834 835/1668/833 
s 4
f 826/1669/824 825/1670/823 834/1671/832 836/1672/834 
s 2
f 834/1660/832 833/1659/831 830/1673/828 829/1674/827 
s 4
f 833/1664/831 835/1663/833 831/1675/829 830/1676/828 
s 2
f 835/1668/833 836/1667/834 832/1677/830 831/1678/829 
s 4
f 836/1672/834 834/1671/832 829/1679/827 832/1680/830 
# 10 polygons

