# This file uses centimeters as units for non-parametric coordinates.

mtllib SM_DeskLamp_Antique_01.mtl
g default
v 18.612043 27.773621 -11.287155
v 18.556318 27.773621 -11.327644
v 18.487448 27.773621 -11.327644
v 18.431719 27.773621 -11.287155
v 18.410429 27.773621 -11.221649
v 18.431719 27.773621 -11.156143
v 18.487448 27.773621 -11.115658
v 18.556318 27.773621 -11.115658
v 18.612043 27.773621 -11.156143
v 18.633329 27.773621 -11.221649
v 18.699991 27.819839 -11.351051
v 18.589911 27.819839 -11.431026
v 18.453852 27.819839 -11.431026
v 18.343771 27.819839 -11.351051
v 18.301725 27.819839 -11.221649
v 18.343771 27.819839 -11.092247
v 18.453852 27.819839 -11.012272
v 18.589911 27.819839 -11.012272
v 18.699991 27.819839 -11.092247
v 18.742041 27.819839 -11.221649
v 18.860662 27.999043 -11.467787
v 18.651289 27.999043 -11.619905
v 18.392477 27.999043 -11.619905
v 18.183104 27.999043 -11.467787
v 18.103125 27.999044 -11.221651
v 18.183104 27.999044 -10.975515
v 18.392477 27.999043 -10.823393
v 18.651289 27.999043 -10.823393
v 18.860662 27.999044 -10.975515
v 18.940638 27.999044 -11.221651
v 18.988165 28.278160 -11.560427
v 18.699991 28.278162 -11.769804
v 18.343771 28.278162 -11.769804
v 18.055597 28.278160 -11.560427
v 17.945517 28.278162 -11.221651
v 18.055597 28.278160 -10.882872
v 18.343771 28.278162 -10.673498
v 18.699991 28.278162 -10.673498
v 18.988165 28.278160 -10.882872
v 19.098246 28.278162 -11.221651
v 19.070040 28.629871 -11.619907
v 18.731260 28.629871 -11.866043
v 18.312506 28.629871 -11.866043
v 17.973722 28.629871 -11.619907
v 17.844320 28.629871 -11.221649
v 17.973722 28.629871 -10.823391
v 18.312506 28.629871 -10.577255
v 18.731260 28.629871 -10.577255
v 19.070040 28.629871 -10.823391
v 19.199438 28.629871 -11.221649
v 19.098246 29.019745 -11.640402
v 18.742041 29.019745 -11.899206
v 18.301725 29.019745 -11.899206
v 17.945517 29.019745 -11.640402
v 17.809454 29.019747 -11.221651
v 17.945517 29.019745 -10.802896
v 18.301725 29.019745 -10.544096
v 18.742041 29.019745 -10.544096
v 19.098246 29.019745 -10.802896
v 19.234304 29.019747 -11.221651
v 19.070040 29.409622 -11.619907
v 18.731260 29.409622 -11.866043
v 18.312506 29.409622 -11.866043
v 17.973722 29.409622 -11.619907
v 17.844320 29.409622 -11.221649
v 17.973722 29.409622 -10.823391
v 18.312506 29.409622 -10.577255
v 18.731260 29.409622 -10.577255
v 19.070040 29.409622 -10.823391
v 19.199438 29.409622 -11.221649
v 18.988165 29.761333 -11.560429
v 18.699991 29.761333 -11.769806
v 18.343771 29.761333 -11.769806
v 18.055597 29.761333 -11.560429
v 17.945517 29.761333 -11.221649
v 18.055597 29.761333 -10.882874
v 18.343771 29.761333 -10.673496
v 18.699991 29.761333 -10.673496
v 18.988165 29.761333 -10.882874
v 19.098246 29.761333 -11.221649
v 18.521879 27.758087 -11.221649
v 18.583815 30.192562 -11.266647
v 18.545538 30.192562 -11.294456
v 18.498228 30.192562 -11.294456
v 18.459951 30.192562 -11.266647
v 18.445326 30.192562 -11.221649
v 18.459951 30.192562 -11.176655
v 18.498228 30.192562 -11.148846
v 18.545538 30.192562 -11.148846
v 18.583815 30.192562 -11.176655
v 18.598436 30.192562 -11.221649
v 18.521879 30.204227 -11.221649
v 18.860662 30.066593 -11.467785
v 18.940638 30.066593 -11.221649
v 18.860662 30.066593 -10.975513
v 18.651289 30.066593 -10.823391
v 18.392477 30.066593 -10.823391
v 18.183104 30.066593 -10.975513
v 18.103125 30.066593 -11.221649
v 18.183104 30.066593 -11.467785
v 18.392477 30.066593 -11.619907
v 18.651289 30.066593 -11.619907
v 22.002131 50.927567 -11.624458
v 22.002131 51.112541 -11.987503
v 22.002131 51.400658 -12.275612
v 22.002131 51.763702 -12.460594
v 22.002131 52.166138 -12.524330
v 22.002131 52.568573 -12.460594
v 22.002131 52.931618 -12.275612
v 22.002131 53.219727 -11.987503
v 22.002131 53.404709 -11.624458
v 22.002131 53.468449 -11.222019
v 22.002131 53.404709 -10.819588
v 22.002131 53.219727 -10.456543
v 22.002131 52.931618 -10.168430
v 22.002131 52.568573 -9.983452
v 22.002131 52.166138 -9.919712
v 22.002131 51.763702 -9.983452
v 22.002131 51.400658 -10.168430
v 22.002131 51.112549 -10.456543
v 22.002131 50.927567 -10.819588
v 22.002131 50.863827 -11.222023
v 23.756624 50.927567 -11.624458
v 23.756624 51.112541 -11.987503
v 23.756624 51.400658 -12.275612
v 23.756624 51.763702 -12.460594
v 23.756624 52.166138 -12.524330
v 23.756624 52.568573 -12.460594
v 23.756624 52.931618 -12.275612
v 23.756624 53.219727 -11.987503
v 23.756624 53.404709 -11.624458
v 23.756624 53.468449 -11.222019
v 23.756624 53.404709 -10.819588
v 23.756624 53.219727 -10.456543
v 23.756624 52.931618 -10.168430
v 23.756624 52.568573 -9.983452
v 23.756624 52.166138 -9.919712
v 23.756624 51.763702 -9.983452
v 23.756624 51.400658 -10.168430
v 23.756624 51.112549 -10.456543
v 23.756624 50.927567 -10.819588
v 23.756624 50.863827 -11.222023
v 24.103952 51.615662 -11.400883
v 24.103952 51.697876 -11.562237
v 24.103952 51.825924 -11.690285
v 24.103952 51.987278 -11.772499
v 24.103952 52.166138 -11.800827
v 24.103952 52.344997 -11.772495
v 24.103952 52.506351 -11.690289
v 24.103952 52.634399 -11.562233
v 24.103952 52.716614 -11.400887
v 24.103952 52.744942 -11.222023
v 24.103952 52.716614 -11.043163
v 24.103952 52.634399 -10.881809
v 24.103952 52.506348 -10.753761
v 24.103952 52.344997 -10.671547
v 24.103952 52.166138 -10.643219
v 24.103952 51.987278 -10.671547
v 24.103952 51.825920 -10.753761
v 24.103952 51.697876 -10.881809
v 24.103952 51.615662 -11.043163
v 24.103952 51.587334 -11.222023
v 25.892817 51.615662 -11.400883
v 25.892817 51.697876 -11.562237
v 25.892817 51.825924 -11.690285
v 25.892817 51.987278 -11.772499
v 25.892817 52.166138 -11.800827
v 25.892817 52.344997 -11.772495
v 25.892817 52.506351 -11.690289
v 25.892817 52.634399 -11.562233
v 25.892817 52.716614 -11.400887
v 25.892817 52.744942 -11.222023
v 25.892817 52.716614 -11.043163
v 25.892817 52.634399 -10.881809
v 25.892817 52.506348 -10.753761
v 25.892817 52.344997 -10.671547
v 25.892817 52.166138 -10.643219
v 25.892817 51.987278 -10.671547
v 25.892817 51.825920 -10.753761
v 25.892817 51.697876 -10.881809
v 25.892817 51.615662 -11.043163
v 25.892817 51.587334 -11.222023
v 21.647776 51.829128 -11.331524
v 21.647776 51.879463 -11.430305
v 21.647776 51.957855 -11.508701
v 21.647776 52.056633 -11.559032
v 21.647776 52.166138 -11.576374
v 21.647776 52.275635 -11.559032
v 21.647776 52.374420 -11.508701
v 21.647776 52.452812 -11.430305
v 21.647776 52.503147 -11.331524
v 21.647776 52.520489 -11.222023
v 21.647776 52.503147 -11.112522
v 21.647776 52.452812 -11.013741
v 21.647776 52.374420 -10.935345
v 21.647776 52.275639 -10.885014
v 21.647776 52.166138 -10.867672
v 21.647776 52.056637 -10.885014
v 21.647776 51.957855 -10.935345
v 21.647776 51.879463 -11.013741
v 21.647776 51.829128 -11.112522
v 21.647776 51.811787 -11.222023
v 21.647776 52.477585 -11.650696
v 21.647776 52.594803 -11.533466
v 21.647776 52.670067 -11.385761
v 21.647776 52.696003 -11.222023
v 21.647776 52.670071 -11.058285
v 21.647776 52.594807 -10.910576
v 21.647776 52.477585 -10.793354
v 21.647776 52.329876 -10.718090
v 21.647776 52.166138 -10.692158
v 21.647776 52.002399 -10.718090
v 21.647776 51.854691 -10.793354
v 21.647776 51.737469 -10.910576
v 21.647776 51.662205 -11.058285
v 21.647776 51.636272 -11.222023
v 21.647776 51.662201 -11.385761
v 21.647776 51.737469 -11.533470
v 21.647776 51.854691 -11.650692
v 21.647776 52.002396 -11.725956
v 21.647776 52.166138 -11.751888
v 21.647776 52.329872 -11.725956
v 21.670527 51.851048 -11.324402
v 21.670527 51.898109 -11.416759
v 21.670527 52.166138 -11.222023
v 21.670527 51.971401 -11.490055
v 21.670527 52.063759 -11.537113
v 21.670527 52.166138 -11.553326
v 21.670527 52.268517 -11.537113
v 21.670527 52.360874 -11.490055
v 21.670527 52.434166 -11.416759
v 21.670527 52.481228 -11.324402
v 21.670527 52.497440 -11.222023
v 21.670527 52.481228 -11.119644
v 21.670527 52.434166 -11.027287
v 21.670527 52.360874 -10.953991
v 21.670527 52.268517 -10.906933
v 21.670527 52.166138 -10.890720
v 21.670527 52.063759 -10.906933
v 21.670527 51.971401 -10.953991
v 21.670527 51.898109 -11.027287
v 21.670527 51.851048 -11.119644
v 21.670527 51.834835 -11.222023
v 26.829798 51.004059 -11.360626
v 26.737093 51.004059 -11.427982
v 26.622499 51.004059 -11.427982
v 26.529787 51.004059 -11.360626
v 26.494379 51.004059 -11.251640
v 26.529787 51.004059 -11.142654
v 26.622499 51.004059 -11.075298
v 26.737093 51.004059 -11.075298
v 26.829798 51.004059 -11.142654
v 26.865213 51.004059 -11.251640
v 27.115129 51.118652 -11.567928
v 26.846079 51.118652 -11.763405
v 26.513514 51.118652 -11.763405
v 26.244463 51.118652 -11.567928
v 26.141695 51.118652 -11.251640
v 26.244463 51.118652 -10.935352
v 26.513514 51.118652 -10.739872
v 26.846079 51.118652 -10.739872
v 27.115129 51.118652 -10.935352
v 27.217897 51.118652 -11.251640
v 27.357843 51.336624 -11.744270
v 26.938784 51.336624 -12.048733
v 26.420801 51.336624 -12.048733
v 26.001749 51.336624 -11.744270
v 25.841681 51.336624 -11.251640
v 26.001749 51.336624 -10.759010
v 26.420801 51.336624 -10.454548
v 26.938784 51.336624 -10.454548
v 27.357843 51.336624 -10.759010
v 27.517908 51.336624 -11.251640
v 27.534185 51.636635 -11.872391
v 27.006144 51.636635 -12.256035
v 26.353449 51.636635 -12.256035
v 25.825403 51.636635 -11.872391
v 25.623713 51.636635 -11.251640
v 25.825403 51.636635 -10.630890
v 26.353449 51.636635 -10.247242
v 27.006144 51.636635 -10.247242
v 27.534182 51.636635 -10.630890
v 27.735880 51.636635 -11.251640
v 27.626894 51.989319 -11.939747
v 27.041552 51.989319 -12.365021
v 26.318033 51.989319 -12.365021
v 25.732698 51.989319 -11.939747
v 25.509115 51.989319 -11.251640
v 25.732698 51.989319 -10.563530
v 26.318033 51.989319 -10.138256
v 27.041552 51.989319 -10.138260
v 27.626894 51.989319 -10.563530
v 27.850473 51.989319 -11.251640
v 27.626894 52.360153 -11.939743
v 27.041552 52.360153 -12.365021
v 26.318033 52.360153 -12.365021
v 25.732698 52.360153 -11.939743
v 25.509115 52.360153 -11.251640
v 25.732698 52.360153 -10.563530
v 26.318033 52.360153 -10.138256
v 27.041552 52.360153 -10.138260
v 27.626894 52.360153 -10.563530
v 27.850473 52.360153 -11.251640
v 27.534185 52.712837 -11.872391
v 27.006144 52.712837 -12.256035
v 26.353449 52.712837 -12.256035
v 25.825403 52.712837 -11.872391
v 25.623713 52.712837 -11.251640
v 25.825403 52.712837 -10.630890
v 26.353449 52.712837 -10.247242
v 27.006144 52.712837 -10.247242
v 27.534182 52.712837 -10.630890
v 27.735880 52.712837 -11.251640
v 27.357843 53.012848 -11.744270
v 26.938784 53.012848 -12.048729
v 26.420801 53.012848 -12.048729
v 26.001749 53.012848 -11.744270
v 25.841681 53.012848 -11.251640
v 26.001749 53.012848 -10.759010
v 26.420801 53.012848 -10.454548
v 26.938784 53.012848 -10.454548
v 27.357843 53.012848 -10.759010
v 27.517908 53.012848 -11.251640
v 27.115129 53.230820 -11.567924
v 26.846079 53.230820 -11.763405
v 26.513514 53.230820 -11.763405
v 26.244463 53.230820 -11.567924
v 26.141695 53.230820 -11.251640
v 26.244463 53.230820 -10.935349
v 26.513514 53.230820 -10.739872
v 26.846079 53.230820 -10.739872
v 27.115129 53.230820 -10.935349
v 27.217897 53.230820 -11.251640
v 26.829798 53.345413 -11.360626
v 26.737093 53.345413 -11.427979
v 26.622499 53.345413 -11.427979
v 26.529787 53.345413 -11.360626
v 26.494379 53.345413 -11.251640
v 26.529787 53.345413 -11.142654
v 26.622499 53.345413 -11.075294
v 26.737093 53.345413 -11.075294
v 26.829798 53.345413 -11.142654
v 26.865213 53.345413 -11.251640
v 26.679796 50.989464 -11.251640
v 26.679796 53.360008 -11.251640
v -21.705147 53.404713 -11.624462
v -21.705147 53.219734 -11.987503
v -21.705147 52.931622 -12.275616
v -21.705147 52.568573 -12.460590
v -21.705147 52.166138 -12.524334
v -21.705147 51.763702 -12.460590
v -21.705147 51.400661 -12.275612
v -21.705147 51.112553 -11.987499
v -21.705147 50.927570 -11.624458
v -21.705147 50.863831 -11.222023
v -21.705147 50.927567 -10.819588
v -21.705147 51.112553 -10.456543
v -21.705147 51.400661 -10.168430
v -21.705147 51.763706 -9.983452
v -21.705147 52.166142 -9.919712
v -21.705147 52.568577 -9.983452
v -21.705147 52.931622 -10.168430
v -21.705147 53.219730 -10.456543
v -21.705147 53.404713 -10.819584
v -21.705147 53.468452 -11.222023
v -23.459641 53.404713 -11.624462
v -23.459641 53.219734 -11.987503
v -23.459641 52.931622 -12.275616
v -23.459641 52.568573 -12.460590
v -23.459641 52.166138 -12.524334
v -23.459641 51.763702 -12.460590
v -23.459641 51.400661 -12.275612
v -23.459641 51.112553 -11.987499
v -23.459641 50.927570 -11.624458
v -23.459641 50.863831 -11.222023
v -23.459641 50.927567 -10.819588
v -23.459641 51.112553 -10.456543
v -23.459641 51.400661 -10.168430
v -23.459641 51.763706 -9.983452
v -23.459641 52.166142 -9.919712
v -23.459641 52.568577 -9.983452
v -23.459641 52.931622 -10.168430
v -23.459641 53.219730 -10.456543
v -23.459641 53.404713 -10.819584
v -23.459641 53.468452 -11.222023
v -23.806969 52.716618 -11.400883
v -23.806969 52.634399 -11.562237
v -23.806969 52.506355 -11.690285
v -23.806969 52.345001 -11.772499
v -23.806969 52.166142 -11.800827
v -23.806969 51.987282 -11.772499
v -23.806969 51.825928 -11.690285
v -23.806969 51.697876 -11.562237
v -23.806969 51.615665 -11.400883
v -23.806969 51.587337 -11.222023
v -23.806969 51.615662 -11.043163
v -23.806969 51.697880 -10.881809
v -23.806969 51.825928 -10.753761
v -23.806969 51.987282 -10.671547
v -23.806969 52.166142 -10.643219
v -23.806969 52.345001 -10.671547
v -23.806969 52.506355 -10.753761
v -23.806969 52.634403 -10.881809
v -23.806969 52.716618 -11.043163
v -23.806969 52.744946 -11.222023
v -25.595833 52.716618 -11.400883
v -25.595833 52.634399 -11.562237
v -25.595833 52.506355 -11.690285
v -25.595833 52.345001 -11.772499
v -25.595833 52.166142 -11.800827
v -25.595833 51.987282 -11.772499
v -25.595833 51.825928 -11.690285
v -25.595833 51.697876 -11.562237
v -25.595833 51.615665 -11.400883
v -25.595833 51.587337 -11.222023
v -25.595833 51.615662 -11.043163
v -25.595833 51.697880 -10.881809
v -25.595833 51.825928 -10.753761
v -25.595833 51.987282 -10.671547
v -25.595833 52.166142 -10.643219
v -25.595833 52.345001 -10.671547
v -25.595833 52.506355 -10.753761
v -25.595833 52.634403 -10.881809
v -25.595833 52.716618 -11.043163
v -25.595833 52.744946 -11.222023
v -21.350792 52.503151 -11.331524
v -21.350792 52.452816 -11.430305
v -21.350792 52.374420 -11.508701
v -21.350792 52.275642 -11.559032
v -21.350792 52.166142 -11.576374
v -21.350792 52.056641 -11.559032
v -21.350792 51.957855 -11.508701
v -21.350792 51.879467 -11.430305
v -21.350792 51.829132 -11.331524
v -21.350792 51.811790 -11.222023
v -21.350792 51.829132 -11.112522
v -21.350792 51.879467 -11.013741
v -21.350792 51.957859 -10.935345
v -21.350792 52.056641 -10.885014
v -21.350792 52.166142 -10.867672
v -21.350792 52.275642 -10.885014
v -21.350792 52.374424 -10.935345
v -21.350792 52.452816 -11.013741
v -21.350792 52.503151 -11.112522
v -21.350792 52.520493 -11.222023
v -21.350792 51.854694 -11.650692
v -21.350792 51.737473 -11.533470
v -21.350792 51.662209 -11.385761
v -21.350792 51.636276 -11.222023
v -21.350792 51.662209 -11.058285
v -21.350792 51.737473 -10.910576
v -21.350792 51.854691 -10.793354
v -21.350792 52.002403 -10.718090
v -21.350792 52.166142 -10.692158
v -21.350792 52.329880 -10.718090
v -21.350792 52.477585 -10.793354
v -21.350792 52.594810 -10.910576
v -21.350792 52.670074 -11.058285
v -21.350792 52.696007 -11.222023
v -21.350792 52.670074 -11.385757
v -21.350792 52.594810 -11.533470
v -21.350792 52.477589 -11.650692
v -21.350792 52.329880 -11.725952
v -21.350792 52.166142 -11.751888
v -21.350792 52.002403 -11.725956
v -21.373543 52.481232 -11.324402
v -21.373543 52.434170 -11.416759
v -21.373543 52.166142 -11.222023
v -21.373543 52.360878 -11.490055
v -21.373543 52.268520 -11.537113
v -21.373543 52.166142 -11.553326
v -21.373543 52.063763 -11.537113
v -21.373543 51.971405 -11.490055
v -21.373543 51.898109 -11.416759
v -21.373543 51.851051 -11.324402
v -21.373543 51.834839 -11.222023
v -21.373543 51.851051 -11.119644
v -21.373543 51.898113 -11.027287
v -21.373543 51.971405 -10.953991
v -21.373543 52.063763 -10.906933
v -21.373543 52.166138 -10.890720
v -21.373543 52.268520 -10.906933
v -21.373543 52.360878 -10.953991
v -21.373543 52.434170 -11.027287
v -21.373543 52.481232 -11.119644
v -21.373543 52.497444 -11.222023
v -26.039459 51.004059 -11.360626
v -26.132164 51.004059 -11.427982
v -26.246758 51.004059 -11.427982
v -26.339470 51.004059 -11.360626
v -26.374878 51.004059 -11.251640
v -26.339470 51.004059 -11.142654
v -26.246758 51.004059 -11.075298
v -26.132164 51.004059 -11.075298
v -26.039459 51.004059 -11.142654
v -26.004044 51.004059 -11.251640
v -25.754128 51.118652 -11.567928
v -26.023178 51.118652 -11.763405
v -26.355743 51.118652 -11.763405
v -26.624794 51.118652 -11.567928
v -26.727562 51.118652 -11.251640
v -26.624794 51.118652 -10.935352
v -26.355743 51.118652 -10.739872
v -26.023178 51.118652 -10.739872
v -25.754128 51.118652 -10.935352
v -25.651360 51.118652 -11.251640
v -25.511414 51.336624 -11.744270
v -25.930473 51.336624 -12.048733
v -26.448456 51.336624 -12.048733
v -26.867508 51.336624 -11.744270
v -27.027576 51.336624 -11.251640
v -26.867508 51.336624 -10.759010
v -26.448456 51.336624 -10.454548
v -25.930473 51.336624 -10.454548
v -25.511414 51.336624 -10.759010
v -25.351349 51.336624 -11.251640
v -25.335072 51.636635 -11.872391
v -25.863113 51.636635 -12.256035
v -26.515808 51.636635 -12.256035
v -27.043854 51.636635 -11.872391
v -27.245544 51.636635 -11.251640
v -27.043854 51.636635 -10.630890
v -26.515808 51.636635 -10.247242
v -25.863113 51.636635 -10.247242
v -25.335075 51.636635 -10.630890
v -25.133377 51.636635 -11.251640
v -25.242363 51.989319 -11.939747
v -25.827705 51.989319 -12.365021
v -26.551224 51.989319 -12.365021
v -27.136559 51.989319 -11.939747
v -27.360142 51.989319 -11.251640
v -27.136559 51.989319 -10.563530
v -26.551224 51.989319 -10.138256
v -25.827705 51.989319 -10.138260
v -25.242363 51.989319 -10.563530
v -25.018784 51.989319 -11.251640
v -25.242363 52.360153 -11.939743
v -25.827705 52.360153 -12.365021
v -26.551224 52.360153 -12.365021
v -27.136559 52.360153 -11.939743
v -27.360142 52.360153 -11.251640
v -27.136559 52.360153 -10.563530
v -26.551224 52.360153 -10.138256
v -25.827705 52.360153 -10.138260
v -25.242363 52.360153 -10.563530
v -25.018784 52.360153 -11.251640
v -25.335072 52.712837 -11.872391
v -25.863113 52.712837 -12.256035
v -26.515808 52.712837 -12.256035
v -27.043854 52.712837 -11.872391
v -27.245544 52.712837 -11.251640
v -27.043854 52.712837 -10.630890
v -26.515808 52.712837 -10.247242
v -25.863113 52.712837 -10.247242
v -25.335075 52.712837 -10.630890
v -25.133377 52.712837 -11.251640
v -25.511414 53.012848 -11.744270
v -25.930473 53.012848 -12.048729
v -26.448456 53.012848 -12.048729
v -26.867508 53.012848 -11.744270
v -27.027576 53.012848 -11.251640
v -26.867508 53.012848 -10.759010
v -26.448456 53.012848 -10.454548
v -25.930473 53.012848 -10.454548
v -25.511414 53.012848 -10.759010
v -25.351349 53.012848 -11.251640
v -25.754128 53.230820 -11.567924
v -26.023178 53.230820 -11.763405
v -26.355743 53.230820 -11.763405
v -26.624794 53.230820 -11.567924
v -26.727562 53.230820 -11.251640
v -26.624794 53.230820 -10.935349
v -26.355743 53.230820 -10.739872
v -26.023178 53.230820 -10.739872
v -25.754128 53.230820 -10.935349
v -25.651360 53.230820 -11.251640
v -26.039459 53.345413 -11.360626
v -26.132164 53.345413 -11.427979
v -26.246758 53.345413 -11.427979
v -26.339470 53.345413 -11.360626
v -26.374878 53.345413 -11.251640
v -26.339470 53.345413 -11.142654
v -26.246758 53.345413 -11.075294
v -26.132164 53.345413 -11.075294
v -26.039459 53.345413 -11.142654
v -26.004044 53.345413 -11.251640
v -26.189461 50.989464 -11.251640
v -26.189461 53.360008 -11.251640
v 20.033495 51.696083 -11.370285
v 20.033495 51.865875 -11.604000
v 20.033495 52.140629 -11.693264
v 20.033495 52.415371 -11.604000
v 20.033495 52.585167 -11.370285
v 20.033495 52.585167 -11.081409
v 20.033495 52.415371 -10.847694
v 20.033495 52.140629 -10.758423
v 20.033495 51.865875 -10.847694
v 20.033495 51.696083 -11.081409
v 21.812576 51.696083 -11.370285
v 21.812576 51.865875 -11.604000
v 21.812576 52.140629 -11.693264
v 21.812576 52.415371 -11.604000
v 21.812576 52.585167 -11.370285
v 21.812576 52.585167 -11.081409
v 21.812576 52.415371 -10.847694
v 21.812576 52.140629 -10.758423
v 21.812576 51.865875 -10.847694
v 21.812576 51.696083 -11.081409
v 17.350521 51.091328 -11.566788
v 17.350521 51.492134 -12.118427
v 17.350521 52.140640 -12.329147
v 17.350521 52.789104 -12.118427
v 17.350521 53.189919 -11.566788
v 17.350521 53.189919 -10.884918
v 17.350521 52.789104 -10.333271
v 17.350521 52.140640 -10.122555
v 17.350521 51.492134 -10.333271
v 17.350521 51.091328 -10.884914
v 19.381392 52.928802 -12.310707
v 19.381392 53.415913 -11.640232
v 19.381392 53.415913 -10.811474
v 19.381392 52.928802 -10.140987
v 19.381392 52.140640 -9.884895
v 19.381392 51.352440 -10.140987
v 19.381392 50.865292 -10.811470
v 19.381392 50.865292 -11.640228
v 19.381392 51.352440 -12.310703
v 19.381392 52.140640 -12.566803
v 17.820299 52.928802 -12.310707
v 17.820299 53.415913 -11.640232
v 17.820299 53.415913 -10.811474
v 17.820299 52.928802 -10.140987
v 17.820299 52.140640 -9.884895
v 17.820299 51.352440 -10.140987
v 17.820299 50.865292 -10.811470
v 17.820299 50.865292 -11.640228
v 17.820299 51.352440 -12.310703
v 17.820299 52.140640 -12.566803
v 16.615814 51.091328 -11.566788
v 16.615814 51.492134 -12.118427
v 16.615814 52.140640 -12.329147
v 16.615814 52.789104 -12.118427
v 16.615814 53.189919 -11.566788
v 16.615814 53.189919 -10.884918
v 16.615814 52.789104 -10.333271
v 16.615814 52.140640 -10.122555
v 16.615814 51.492134 -10.333271
v 16.615814 51.091328 -10.884914
v 16.490490 50.974361 -11.604786
v 16.490490 51.419861 -12.217903
v 16.490490 52.140640 -12.452103
v 16.490490 52.861385 -12.217899
v 16.490490 53.306877 -11.604790
v 16.490490 53.306877 -10.846916
v 16.490490 52.861385 -10.233788
v 16.490490 52.140640 -9.999596
v 16.490490 51.419861 -10.233788
v 16.490490 50.974361 -10.846916
v 16.014624 50.729313 -11.684391
v 16.014624 51.268402 -12.426342
v 16.014624 52.140640 -12.709755
v 16.014624 53.012806 -12.426342
v 16.014624 53.551891 -11.684391
v 16.014624 53.551891 -10.767300
v 16.014624 53.012806 -10.025333
v 16.014624 52.140640 -9.741932
v 16.014624 51.268402 -10.025333
v 16.014624 50.729313 -10.767296
v 15.860157 50.266937 -11.834629
v 15.860157 50.982655 -12.819641
v 15.860157 52.140640 -13.195900
v 15.860157 53.298527 -12.819645
v 15.860157 54.014217 -11.834629
v 15.860157 54.014217 -10.617062
v 15.860157 53.298527 -9.632034
v 15.860157 52.140640 -9.255787
v 15.860157 50.982655 -9.632034
v 15.860157 50.266937 -10.617062
v 15.504068 50.266937 -11.834629
v 15.504068 50.982655 -12.819641
v 15.504068 52.140640 -13.195900
v 15.504068 53.298527 -12.819645
v 15.504068 54.014217 -11.834629
v 15.504068 54.014217 -10.617062
v 15.504068 53.298527 -9.632034
v 15.504068 52.140640 -9.255787
v 15.504068 50.982655 -9.632034
v 15.504068 50.266937 -10.617062
v 14.816593 50.704639 -11.692406
v 14.816593 51.253139 -12.447323
v 14.816593 52.140640 -12.735687
v 14.816593 53.028049 -12.447323
v 14.816593 53.576546 -11.692406
v 14.816593 53.576546 -10.759277
v 14.816593 53.028049 -10.004356
v 14.816593 52.140640 -9.715996
v 14.816593 51.253139 -10.004356
v 14.816593 50.704639 -10.759277
v 13.050770 50.601490 -11.725922
v 13.050770 51.189392 -12.535065
v 13.050770 52.140640 -12.844147
v 13.050770 53.091793 -12.535069
v 13.050770 53.679688 -11.725922
v 13.050770 53.679688 -10.725769
v 13.050770 53.091793 -9.916618
v 13.050770 52.140640 -9.607544
v 13.050770 51.189392 -9.916618
v 13.050770 50.601490 -10.725765
v 10.655715 49.279545 -12.155430
v 10.655715 50.372425 -13.659534
v 10.655715 52.140659 -14.234074
v 10.655715 53.908749 -13.659534
v 10.655715 55.001572 -12.155434
v 10.655715 55.001572 -10.296257
v 10.655715 53.908749 -8.792141
v 10.655715 52.140659 -8.217602
v 10.655715 50.372425 -8.792141
v 10.655715 49.279545 -10.296253
v 7.752213 47.542747 -12.719734
v 7.752213 49.299046 -15.136898
v 7.752213 52.140678 -16.060204
v 7.752213 54.982056 -15.136902
v 7.752213 56.738297 -12.719734
v 7.752213 56.738297 -9.731956
v 7.752213 54.982056 -7.314781
v 7.752213 52.140678 -6.391476
v 7.752213 49.299046 -7.314781
v 7.752213 47.542747 -9.731956
v 4.165565 47.575642 -12.709045
v 4.165565 49.319374 -15.108925
v 4.165565 52.140678 -16.025627
v 4.165565 54.961731 -15.108925
v 4.165565 56.705406 -12.709045
v 4.165565 56.705406 -9.742645
v 4.165565 54.961731 -7.342758
v 4.165565 52.140678 -6.426060
v 4.165565 49.319374 -7.342758
v 4.165565 47.575642 -9.742641
v 1.033058 49.488911 -12.087402
v 1.033058 50.501812 -13.481441
v 1.033058 52.140652 -14.013935
v 1.033058 53.779346 -13.481441
v 1.033058 54.792206 -12.087402
v 1.033058 54.792206 -10.364281
v 1.033058 53.779346 -8.970234
v 1.033058 52.140652 -8.437744
v 1.033058 50.501812 -8.970234
v 1.033058 49.488911 -10.364281
v 0.448465 52.140606 -11.225842
v 11.866825 53.436245 -13.009174
v 11.866825 54.237034 -11.907017
v 11.866825 54.237034 -10.544674
v 11.866825 53.436245 -9.442509
v 11.866825 52.140648 -9.021507
v 11.866825 50.844933 -9.442509
v 11.866825 50.044125 -10.544670
v 11.866825 50.044125 -11.907013
v 11.866825 50.844933 -13.009171
v 11.866825 52.140648 -13.430176
v 2.450237 54.625160 -14.645653
v 2.450237 56.160805 -12.532097
v 2.450237 56.160805 -9.919594
v 2.450237 54.625160 -7.806026
v 2.450237 52.140671 -6.998692
v 2.450237 49.655960 -7.806026
v 2.450237 48.120258 -9.919594
v 2.450237 48.120258 -12.532093
v 2.450237 49.655960 -14.645653
v 2.450237 52.140671 -15.452988
v 6.099745 55.088711 -15.283710
v 6.099745 56.910877 -12.775806
v 6.099745 56.910877 -9.675884
v 6.099745 55.088711 -7.167973
v 6.099745 52.140678 -6.210011
v 6.099745 49.192383 -7.167973
v 6.099745 47.370159 -9.675880
v 6.099745 47.370159 -12.775806
v 6.099745 49.192383 -15.283707
v 6.099745 52.140678 -16.241676
v 9.381476 54.585571 -14.591156
v 9.381476 56.096737 -12.511280
v 9.381476 56.096737 -9.940411
v 9.381476 54.585571 -7.860527
v 9.381476 52.140671 -7.066059
v 9.381476 49.695560 -7.860527
v 9.381476 48.184338 -9.940411
v 9.381476 48.184338 -12.511276
v 9.381476 49.695560 -14.591152
v 9.381476 52.140671 -15.385620
v 18.886642 50.155323 -11.448456
v 18.670372 50.155323 -11.605587
v 18.403038 50.155323 -11.605587
v 18.186768 50.155323 -11.448456
v 18.104156 50.155323 -11.194214
v 18.186768 50.155323 -10.939968
v 18.403038 50.155323 -10.782837
v 18.670372 50.155323 -10.782837
v 18.886642 50.155323 -10.939968
v 18.969254 50.155323 -11.194214
v 18.886642 50.937748 -11.448456
v 18.670372 50.937748 -11.605587
v 18.403038 50.937748 -11.605587
v 18.186768 50.937748 -11.448456
v 18.104156 50.937748 -11.194214
v 18.186768 50.937748 -10.939968
v 18.403038 50.937748 -10.782837
v 18.670372 50.937748 -10.782837
v 18.886642 50.937748 -10.939968
v 18.969254 50.937748 -11.194214
v 18.815956 50.088833 -11.397099
v 18.643372 50.088833 -11.522491
v 18.430038 50.088833 -11.522491
v 18.257454 50.088833 -11.397099
v 18.191528 50.088833 -11.194214
v 18.257454 50.088833 -10.991325
v 18.430038 50.088833 -10.865936
v 18.643372 50.088833 -10.865936
v 18.815956 50.088833 -10.991325
v 18.881882 50.088833 -11.194214
v 18.536705 50.088833 -11.194214
v 19.167997 45.862499 -2.235260
v 19.167997 56.863491 -3.305786
v 19.167997 59.406483 -12.796360
v 19.167997 50.561573 -19.184582
v 19.167997 53.993481 -18.265003
v 19.167997 49.441372 -1.276306
v 19.167997 57.297417 -16.168350
v 19.167997 53.350994 -1.440094
v 22.206291 54.506321 -5.751839
v 19.167997 58.795727 -5.637814
v 23.094603 46.449806 -6.375580
v 22.816795 50.715523 -6.031494
v 22.206291 56.148914 -11.882084
v 19.167997 59.918228 -9.827057
v 23.094603 48.860947 -15.374069
v 22.816795 52.727215 -13.539234
v 14.298306 45.787319 -1.454910
v 14.298306 49.353172 -0.499443
v 14.298306 53.606548 -0.677635
v 14.298306 57.474850 -2.694786
v 14.298306 59.530022 -5.244461
v 14.298306 60.751221 -9.802040
v 14.298306 60.241432 -13.019814
v 14.298306 57.899963 -16.700867
v 14.298306 54.305523 -18.981876
v 14.298306 50.972672 -19.874908
v 19.485580 53.472336 -0.707870
v 22.824966 54.717350 -5.440758
v 19.508209 60.221931 -5.435638
v 19.473719 56.887825 -1.981544
v 23.693352 46.429783 -6.067360
v 19.460825 45.705803 -1.524803
v 23.468082 50.737583 -5.709251
v 19.479258 49.348003 -0.517181
v 22.824581 56.487751 -12.046917
v 19.507938 61.254700 -9.290031
v 23.692505 48.998020 -15.651981
v 23.467649 52.907967 -13.808449
v 19.484741 57.768848 -16.742283
v 19.473049 60.247387 -13.715290
v 19.459970 50.781395 -19.879150
v 19.478304 54.292393 -18.969616
v 14.346798 45.566948 -0.632492
v 14.346876 49.228470 0.342514
v 14.350859 53.724194 0.145081
v 14.358313 57.556423 -1.321625
v 14.357737 61.056850 -5.055592
v 14.357750 62.168007 -9.203201
v 14.358297 61.156109 -13.952259
v 14.350859 58.413204 -17.354549
v 14.346876 54.618507 -19.773376
v 14.346798 51.193039 -20.697327
v 22.075441 50.162865 -18.365433
v 21.640369 49.850075 -17.863838
v 21.482922 53.401176 -16.054489
v 20.589176 56.760201 -14.163422
v 19.167997 59.645851 -11.407448
v 14.298306 60.479885 -11.514683
v 14.358027 61.851151 -11.338387
v 19.489355 60.940285 -11.252876
v 21.452549 57.169609 -14.545990
v 21.952534 53.644825 -16.555470
v 22.016935 45.970528 -3.081627
v 21.585306 46.074596 -3.644630
v 21.431755 50.019493 -3.433876
v 20.546587 53.875202 -3.396469
v 19.167997 57.740208 -4.363892
v 14.298306 58.407345 -3.851646
v 14.358042 59.677029 -3.310410
v 19.489363 58.932972 -3.843353
v 21.406353 54.037239 -2.855324
v 21.897299 49.978500 -2.872986
v 0.174638 59.520302 -5.216728
v 0.174638 60.756725 -9.831127
v 0.174638 57.869938 -16.815922
v 0.174638 54.230705 -19.125343
v 0.174638 45.756458 -1.339752
v 0.174638 49.216640 -0.412598
v 0.174638 53.523018 -0.593002
v 0.174638 57.901413 -2.511543
v 0.174638 60.702473 -12.965237
v 0.174638 51.003525 -19.990067
v 0.174638 45.535297 -0.514374
v 0.174638 49.090794 0.430977
v 0.174638 53.632465 0.233818
v 0.174638 57.992489 -1.143112
v 0.174638 61.056549 -5.043709
v 0.174638 62.173748 -9.213779
v 0.174638 61.623039 -13.888771
v 0.174638 58.378132 -17.477253
v 0.174638 54.543503 -19.918816
v 0.174638 51.224682 -20.815449
v 0.174638 60.727844 -11.499237
v 0.174638 62.102360 -11.309536
v 0.174638 58.635952 -3.738976
v 0.174638 59.915100 -3.207504
v -18.818722 45.862499 -2.235260
v -18.818722 56.863491 -3.305786
v -18.818722 59.406483 -12.796360
v -18.818722 50.561573 -19.184582
v -18.818722 53.993481 -18.265003
v -18.818722 49.441372 -1.276306
v -18.818722 57.297417 -16.168350
v -18.818722 53.350994 -1.440094
v -21.857014 54.506321 -5.751839
v -18.818722 58.795727 -5.637814
v -22.745327 46.449806 -6.375580
v -22.467516 50.715523 -6.031494
v -21.857014 56.148914 -11.882084
v -18.818722 59.918228 -9.827057
v -22.745327 48.860947 -15.374069
v -22.467516 52.727215 -13.539234
v -13.949034 45.787319 -1.454910
v -13.949034 49.353172 -0.499443
v -13.949034 53.606548 -0.677635
v -13.949034 57.474850 -2.694786
v -13.949034 59.530022 -5.244461
v -13.949034 60.751221 -9.802040
v -13.949034 60.241432 -13.019814
v -13.949034 57.899963 -16.700867
v -13.949034 54.305523 -18.981876
v -13.949034 50.972672 -19.874908
v -19.136305 53.472336 -0.707870
v -22.475689 54.717350 -5.440758
v -19.158934 60.221931 -5.435638
v -19.124443 56.887825 -1.981544
v -23.344076 46.429783 -6.067360
v -19.111553 45.705803 -1.524803
v -23.118807 50.737583 -5.709251
v -19.129982 49.348003 -0.517181
v -22.475304 56.487751 -12.046917
v -19.158663 61.254700 -9.290031
v -23.343231 48.998020 -15.651981
v -23.118370 52.907967 -13.808449
v -19.135466 57.768848 -16.742283
v -19.123762 60.247387 -13.715290
v -19.110699 50.781395 -19.879150
v -19.129028 54.292393 -18.969616
v -13.997522 45.566948 -0.632492
v -13.997598 49.228470 0.342514
v -14.001583 53.724194 0.145081
v -14.009026 57.556423 -1.321625
v -14.008453 61.056850 -5.055592
v -14.008468 62.168007 -9.203201
v -14.009011 61.156109 -13.952259
v -14.001583 58.413204 -17.354549
v -13.997598 54.618507 -19.773376
v -13.997522 51.193039 -20.697327
v -21.726166 50.162865 -18.365433
v -21.291094 49.850075 -17.863838
v -21.133642 53.401176 -16.054489
v -20.239895 56.760201 -14.163422
v -18.818722 59.645851 -11.407448
v -13.949034 60.479885 -11.514683
v -14.008744 61.851151 -11.338387
v -19.140079 60.940285 -11.252876
v -21.103266 57.169609 -14.545990
v -21.603254 53.644825 -16.555470
v -21.667660 45.970528 -3.081627
v -21.236034 46.074596 -3.644630
v -21.082479 50.019493 -3.433876
v -20.197300 53.875202 -3.396469
v -18.818722 57.740208 -4.363892
v -13.949034 58.407345 -3.851646
v -14.008759 59.677029 -3.310410
v -19.140087 58.932972 -3.843353
v -21.057074 54.037239 -2.855324
v -21.548023 49.978500 -2.872986
v 0.432775 49.466427 1.260574
v 0.432775 49.362671 0.990334
v 0.432775 49.119930 0.832691
v 0.432775 48.830868 0.847839
v 0.432775 48.605911 1.029999
v 0.432775 48.530994 1.309593
v 0.432775 48.634731 1.579834
v 0.432775 48.877491 1.737484
v 0.432775 49.166534 1.722328
v 0.432775 49.391510 1.540169
v -23.833181 49.491268 1.167862
v -23.772570 49.385448 0.905334
v -23.749422 49.141918 0.750633
v -23.772570 48.853645 0.762840
v -23.833181 48.630753 0.937290
v -23.908098 48.558388 1.207363
v -23.968706 48.664192 1.469887
v -23.991858 48.907742 1.624592
v -23.968706 49.195995 1.612381
v -23.908098 49.418903 1.437935
v -25.140375 49.621605 0.681427
v -25.023287 49.509731 0.441494
v -24.978563 49.263889 0.295429
v -25.023287 48.977928 0.299000
v -25.140375 48.761093 0.450855
v -25.285105 48.696213 0.692993
v -25.402193 48.808067 0.932926
v -25.446917 49.053932 1.078999
v -25.402193 49.339874 1.075420
v -25.285105 49.556725 0.923569
v -25.866823 49.825405 -0.079155
v -25.664026 49.691345 -0.236298
v -25.586557 49.437031 -0.350742
v -25.664026 49.159542 -0.378792
v -25.866823 48.964890 -0.309731
v -26.117502 48.927429 -0.169933
v -26.320307 49.061474 -0.012798
v -26.397772 49.315811 0.101654
v -26.320307 49.593277 0.129696
v -26.117502 49.787949 0.060638
v -26.139723 50.145947 -1.275436
v -25.905546 49.981583 -1.319481
v -25.816099 49.715691 -1.390724
v -25.905546 49.449780 -1.461975
v -26.139723 49.285431 -1.506012
v -26.429182 49.285431 -1.506012
v -26.663359 49.449780 -1.461975
v -26.752806 49.715691 -1.390724
v -26.663359 49.981583 -1.319481
v -26.429182 50.145947 -1.275436
v -26.188660 52.645878 -10.605305
v -25.954483 52.481514 -10.649349
v -25.865036 52.215622 -10.720592
v -25.954483 51.949711 -10.791843
v -26.188660 51.785362 -10.835876
v -26.478119 51.785362 -10.835876
v -26.712296 51.949711 -10.791843
v -26.801743 52.215622 -10.720592
v -26.712296 52.481514 -10.649349
v -26.478119 52.645878 -10.605305
v -22.259872 49.166534 1.722328
v -22.259872 48.877491 1.737484
v -22.259872 48.634731 1.579834
v -22.259872 48.530994 1.309593
v -22.259872 48.605911 1.029999
v -22.259872 48.830868 0.847839
v -22.259872 49.119930 0.832691
v -22.259872 49.362671 0.990334
v -22.259872 49.466427 1.260574
v -22.259872 49.391510 1.540169
v 24.243851 49.491432 1.167252
v 24.183247 49.385612 0.904716
v 24.160095 49.142082 0.750015
v 24.183247 48.853809 0.762222
v 24.243851 48.630917 0.936676
v 24.318771 48.558552 1.206745
v 24.379383 48.664356 1.469273
v 24.402542 48.907906 1.623978
v 24.379383 49.196159 1.611767
v 24.318771 49.419067 1.437317
v 25.549774 49.621933 0.680222
v 25.432697 49.510056 0.440285
v 25.387970 49.264214 0.294216
v 25.432697 48.978252 0.297791
v 25.549774 48.761417 0.449646
v 25.694511 48.696537 0.691780
v 25.811604 48.808395 0.931713
v 25.856323 49.054256 1.077789
v 25.811604 49.340199 1.074207
v 25.694511 49.557053 0.922356
v 26.255243 49.820103 -0.059372
v 26.052454 49.686043 -0.216511
v 25.974989 49.431728 -0.330956
v 26.052454 49.154243 -0.359005
v 26.255243 48.959587 -0.289944
v 26.505922 48.922131 -0.150146
v 26.708723 49.056175 0.006989
v 26.786184 49.310509 0.121441
v 26.708723 49.587975 0.149483
v 26.505922 49.782646 0.080429
v 26.546841 50.145947 -1.275436
v 26.312672 49.981583 -1.319481
v 26.223232 49.715691 -1.390724
v 26.312672 49.449780 -1.461975
v 26.546841 49.285431 -1.506012
v 26.836315 49.285431 -1.506012
v 27.070484 49.449780 -1.461975
v 27.159931 49.715691 -1.390724
v 27.070484 49.981583 -1.319481
v 26.836315 50.145947 -1.275436
v 26.596096 52.645878 -10.605305
v 26.361927 52.481514 -10.649349
v 26.272488 52.215622 -10.720592
v 26.361927 51.949711 -10.791843
v 26.596096 51.785362 -10.835876
v 26.885571 51.785362 -10.835876
v 27.119740 51.949711 -10.791843
v 27.209187 52.215622 -10.720592
v 27.119740 52.481514 -10.649349
v 26.885571 52.645878 -10.605305
v 22.667324 49.172237 1.701046
v 22.667324 48.883194 1.716202
v 22.667324 48.640434 1.558552
v 22.667324 48.536697 1.288315
v 22.667324 48.611610 1.008720
v 22.667324 48.836571 0.826557
v 22.667324 49.125633 0.811409
v 22.667324 49.368374 0.969051
v 22.667324 49.472130 1.239296
v 22.667324 49.397209 1.518890
v 13.308516 -0.108706 -3.831793
v 11.329650 -0.108706 -7.715534
v 8.247494 -0.108706 -10.797688
v 4.363749 -0.108706 -12.776554
v 0.058591 -0.108706 -13.458424
v -4.246567 -0.108706 -12.776554
v -8.130308 -0.108706 -10.797688
v -11.212460 -0.108706 -7.715531
v -13.191325 -0.108706 -3.831791
v -13.873195 -0.108706 0.473368
v -13.191325 -0.108706 4.778526
v -11.212460 -0.108706 8.662266
v -8.130308 -0.108706 11.744419
v -4.246567 -0.108706 13.723282
v 0.058591 -0.108706 14.405153
v 4.363749 -0.108706 13.723282
v 8.247494 -0.108706 11.744417
v 11.329641 -0.108706 8.662266
v 13.308507 -0.108706 4.778525
v 13.990376 -0.108706 0.473368
v 12.931141 1.555456 -3.709175
v 11.008636 1.555456 -7.482302
v 8.014260 1.555456 -10.476671
v 4.241129 1.555456 -12.399174
v 0.058591 1.555456 -13.061625
v -4.123947 1.555456 -12.399173
v -7.897079 1.555456 -10.476669
v -10.891445 1.555456 -7.482302
v -12.813951 1.555456 -3.709173
v -13.476400 1.555456 0.473368
v -12.813951 1.555456 4.655909
v -10.891445 1.555456 8.429033
v -7.897074 1.555456 11.423402
v -4.123947 1.555456 13.345904
v 0.058591 1.555456 14.008353
v 4.241129 1.555456 13.345904
v 8.014256 1.555456 11.423401
v 11.008618 1.555456 8.429032
v 12.931129 1.555456 4.655909
v 13.593574 1.555456 0.473368
v 0.058591 -0.108706 0.473368
v 11.427315 1.596887 -3.220553
v 9.729398 1.596887 -6.552888
v 7.084846 1.596887 -9.197442
v 3.752509 1.596887 -10.895350
v 0.058591 1.596887 -11.480408
v -3.635322 1.596887 -10.895349
v -6.967655 1.596887 -9.197439
v -9.612216 1.596887 -6.552884
v -11.310120 1.596887 -3.220551
v -11.895184 1.596887 0.473367
v -11.310120 1.596887 4.167286
v -9.612216 1.596887 7.499618
v -6.967655 1.596887 10.144173
v -3.635322 1.596887 11.842080
v 0.058591 1.596887 12.427139
v 3.752509 1.596887 11.842080
v 7.084841 1.596887 10.144172
v 9.729394 1.596887 7.499618
v 11.427298 1.596887 4.167285
v 12.012357 1.596887 0.473367
v 3.392128 4.765252 -0.609768
v 2.894257 4.765252 -1.586877
v 2.118836 4.765252 -2.362306
v 1.141723 4.765252 -2.860164
v 0.058591 4.765252 -3.031731
v -1.024545 4.765252 -2.860164
v -2.001654 4.765252 -2.362306
v -2.777079 4.765252 -1.586880
v -3.274929 4.765252 -0.609768
v -3.446502 4.765252 0.473366
v -3.274929 4.765252 1.556502
v -2.777079 4.765252 2.533607
v -2.001654 4.765252 3.309037
v -1.024545 4.765252 3.806895
v 0.058591 4.765252 3.978462
v 1.141723 4.765252 3.806895
v 2.118836 4.765252 3.309037
v 2.894257 4.765252 2.533607
v 3.392115 4.765252 1.556502
v 3.563685 4.765252 0.473366
v 2.788375 6.717827 -0.413598
v 2.380681 6.717827 -1.213739
v 1.745694 6.717827 -1.848728
v 0.945557 6.717827 -2.256417
v 0.058591 6.717827 -2.396911
v -0.828375 6.717827 -2.256417
v -1.628516 6.717827 -1.848728
v -2.263503 6.717827 -1.213742
v -2.671184 6.717827 -0.413598
v -2.811686 6.717827 0.473366
v -2.671184 6.717826 1.360331
v -2.263503 6.717827 2.160470
v -1.628516 6.717827 2.795459
v -0.828375 6.717827 3.203148
v 0.058591 6.717827 3.343642
v 0.945557 6.717827 3.203148
v 1.745694 6.717827 2.795459
v 2.380681 6.717827 2.160470
v 2.788371 6.717826 1.360331
v 2.928864 6.717827 0.473366
v 1.650408 14.286384 -0.043849
v 1.412665 14.286384 -0.510435
v 1.042397 14.286384 -0.880715
v 0.575806 14.286384 -1.118451
v 0.058591 14.286383 -1.200377
v -0.458628 14.286384 -1.118451
v -0.925215 14.286384 -0.880715
v -1.295483 14.286384 -0.510437
v -1.533222 14.286384 -0.043849
v -1.615156 14.286384 0.473366
v -1.533222 14.286384 0.990581
v -1.295483 14.286384 1.457166
v -0.925215 14.286384 1.827447
v -0.458628 14.286385 2.065182
v 0.058591 14.286383 2.147108
v 0.575806 14.286385 2.065182
v 1.042397 14.286384 1.827447
v 1.412665 14.286384 1.457166
v 1.650404 14.286384 0.990581
v 1.732338 14.286384 0.473366
v 0.058591 11.678549 -1.170368
v 0.566529 11.678549 -1.089911
v 1.024758 11.678549 -0.856438
v 1.388388 11.678549 -0.492796
v 1.621870 11.678549 -0.034576
v 1.702326 11.678549 0.473366
v 1.621861 11.678549 0.981308
v 1.388388 11.678549 1.439527
v 1.024758 11.678549 1.803169
v 0.566529 11.678549 2.036643
v 0.058591 11.678549 2.117100
v -0.449352 11.678549 2.036643
v -0.907576 11.678549 1.803169
v -1.271211 11.678549 1.439527
v -1.504683 11.678549 0.981308
v -1.585140 11.678549 0.473366
v -1.504683 11.678549 -0.034576
v -1.271211 11.678549 -0.492798
v -0.907576 11.678549 -0.856438
v -0.449352 11.678549 -1.089911
v 0.058591 10.373046 -1.152030
v 0.560862 10.373046 -1.072471
v 1.013974 10.373046 -0.841602
v 1.373555 10.373046 -0.482017
v 1.604431 10.373046 -0.028909
v 1.683987 10.373046 0.473366
v 1.604423 10.373046 0.975641
v 1.373555 10.373046 1.428748
v 1.013974 10.373046 1.788334
v 0.560862 10.373046 2.019202
v 0.058591 10.373047 2.098761
v -0.443680 10.373046 2.019202
v -0.896796 10.373046 1.788334
v -1.256378 10.373046 1.428748
v -1.487245 10.373046 0.975641
v -1.566809 10.373046 0.473366
v -1.487245 10.373046 -0.028909
v -1.256378 10.373046 -0.482019
v -0.896796 10.373046 -0.841602
v -0.443680 10.373046 -1.072471
v 1.252106 9.851350 -1.169357
v 1.701310 9.851350 -0.720146
v 1.989724 9.851350 -0.154101
v 2.089127 9.851350 0.473366
v 1.989720 9.851350 1.100833
v 1.701310 9.851350 1.666877
v 1.252106 9.851350 2.116088
v 0.686057 9.851350 2.404500
v 0.058591 9.851350 2.503890
v -0.568879 9.851350 2.404500
v -1.134924 9.851350 2.116088
v -1.584132 9.851350 1.666877
v -1.872542 9.851350 1.100833
v -1.971941 9.851350 0.473366
v -1.872542 9.851350 -0.154101
v -1.584132 9.851350 -0.720148
v -1.134924 9.851350 -1.169357
v -0.568879 9.851350 -1.457769
v 0.058591 9.851351 -1.557159
v 0.686057 9.851350 -1.457769
v 7.016625 2.365905 -9.103547
v 9.635505 2.365905 -6.484670
v 11.316940 2.365905 -3.184688
v 11.896301 2.365905 0.473367
v 11.316923 2.365905 4.131421
v 9.635496 2.365905 7.431398
v 7.016621 2.365905 10.050276
v 3.716645 2.365905 11.731698
v 0.058591 2.365905 12.311079
v -3.599463 2.365905 11.731698
v -6.899439 2.365905 10.050278
v -9.518319 2.365905 7.431398
v -11.199745 2.365905 4.131423
v -11.779124 2.365905 0.473367
v -11.199745 2.365905 -3.184687
v -9.518319 2.365905 -6.484670
v -6.899448 2.365905 -9.103545
v -3.599463 2.365905 -10.784967
v 0.058591 2.365905 -11.364348
v 3.716645 2.365905 -10.784969
v 6.059112 3.258829 -7.785645
v 8.317597 3.258829 -5.527155
v 9.767644 3.258829 -2.681295
v 10.267288 3.258829 0.473367
v 9.767632 3.258829 3.628027
v 8.317594 3.258830 6.473887
v 6.059112 3.258829 8.732373
v 3.213251 3.258829 10.182410
v 0.058591 3.258829 10.682063
v -3.096069 3.258829 10.182410
v -5.941921 3.258829 8.732374
v -8.200416 3.258830 6.473887
v -9.650455 3.258829 3.628028
v -10.150106 3.258829 0.473367
v -9.650455 3.258829 -2.681294
v -8.200416 3.258829 -5.527155
v -5.941934 3.258829 -7.785643
v -3.096069 3.258829 -9.235682
v 0.058591 3.258829 -9.735332
v 3.213251 3.258829 -9.235682
v 8.114560 1.259640 -10.614724
v 11.146682 1.259640 -7.582603
v 13.093430 1.259640 -3.761907
v 13.764212 1.259640 0.473368
v 13.093412 1.259640 4.708639
v 11.146673 1.259640 8.529334
v 8.114555 1.259640 11.561453
v 4.293863 1.259640 13.508194
v 0.058591 1.259640 14.178996
v -4.176681 1.259640 13.508194
v -7.997374 1.259640 11.561455
v -11.029496 1.259640 8.529334
v -12.976235 1.259640 4.708641
v -13.647030 1.259640 0.473368
v -12.976235 1.259640 -3.761905
v -11.029496 1.259640 -7.582602
v -7.997378 1.259640 -10.614723
v -4.176681 1.259640 -12.561463
v 0.058591 1.259640 -13.232265
v 4.293863 1.259640 -12.561463
v 3.724282 4.356458 -4.572007
v 5.103960 4.356458 -3.192312
v 5.989781 4.356458 -1.453795
v 6.295014 4.356458 0.473367
v 5.989777 4.356458 2.400528
v 5.103955 4.356459 4.139044
v 3.724282 4.356459 5.518734
v 1.985752 4.356458 6.404550
v 0.058591 4.356459 6.709791
v -1.868570 4.356458 6.404550
v -3.607087 4.356459 5.518735
v -4.986778 4.356459 4.139044
v -5.872595 4.356458 2.400529
v -6.177833 4.356458 0.473367
v -5.872595 4.356458 -1.453794
v -4.986778 4.356458 -3.192314
v -3.607091 4.356458 -4.572002
v -1.868570 4.356458 -5.457819
v 0.058591 4.356458 -5.763061
v 1.985752 4.356458 -5.457819
v 0.590413 11.128617 -1.163402
v 1.070175 11.128617 -0.918953
v 1.450907 11.128617 -0.538216
v 1.695360 11.128617 -0.058455
v 1.779597 11.128617 0.473366
v 1.695352 11.128617 1.005187
v 1.450907 11.128617 1.484947
v 1.070175 11.128618 1.865685
v 0.590413 11.128617 2.110133
v 0.058591 11.128617 2.194373
v -0.473231 11.128617 2.110133
v -0.952993 11.128618 1.865685
v -1.333725 11.128617 1.484947
v -1.578174 11.128617 1.005187
v -1.662415 11.128617 0.473366
v -1.578174 11.128617 -0.058455
v -1.333725 11.128616 -0.538218
v -0.952993 11.128617 -0.918953
v -0.473231 11.128617 -1.163402
v 0.058591 11.128617 -1.247641
v 1.539038 9.103938 -1.564294
v 2.096247 9.103938 -1.007085
v 2.454000 9.103938 -0.304954
v 2.577286 9.103938 0.473366
v 2.453996 9.103938 1.251687
v 2.096247 9.103938 1.953817
v 1.539038 9.103939 2.511024
v 0.836903 9.103938 2.868777
v 0.058591 9.103938 2.992061
v -0.719725 9.103938 2.868777
v -1.421861 9.103939 2.511024
v -1.979069 9.103938 1.953817
v -2.336818 9.103938 1.251687
v -2.460109 9.103938 0.473366
v -2.336818 9.103938 -0.304954
v -1.979069 9.103938 -1.007088
v -1.421861 9.103938 -1.564294
v -0.719725 9.103938 -1.922045
v 0.058591 9.103938 -2.045330
v 0.836903 9.103938 -1.922045
v 1.094016 6.985057 -2.713339
v 2.028086 6.985057 -2.237411
v 2.769361 6.985057 -1.496133
v 3.245301 6.985057 -0.562062
v 3.409302 6.985057 0.473366
v 3.245301 6.985057 1.508795
v 2.769361 6.985056 2.442865
v 2.028086 6.985057 3.184140
v 1.094016 6.985057 3.660070
v 0.058591 6.985057 3.824080
v -0.976838 6.985057 3.660070
v -1.910900 6.985057 3.184140
v -2.652183 6.985056 2.442865
v -3.128114 6.985057 1.508795
v -3.292124 6.985057 0.473366
v -3.128114 6.985057 -0.562062
v -2.652183 6.985057 -1.496137
v -1.910900 6.985057 -2.237411
v -0.976838 6.985057 -2.713339
v 0.058591 6.985057 -2.877349
v 3.478842 6.716239 -0.637946
v 2.968029 6.716239 -1.640474
v 2.947998 6.985057 -1.625924
v 3.455300 6.985057 -0.630296
v 2.172432 6.716239 -2.436077
v 2.157877 6.985057 -2.416049
v 1.169898 6.716239 -2.946887
v 1.162249 6.985057 -2.923343
v 0.058591 6.716239 -3.122916
v 0.058591 6.985057 -3.098161
v -1.052725 6.716239 -2.946887
v -1.045067 6.985057 -2.923343
v -2.055250 6.716239 -2.436077
v -2.040699 6.985057 -2.416049
v -2.850856 6.716239 -1.640477
v -2.830820 6.985057 -1.625927
v -3.361660 6.716239 -0.637946
v -3.338118 6.985057 -0.630296
v -3.537688 6.716239 0.473366
v -3.512938 6.985057 0.473366
v -3.361660 6.716238 1.584679
v -3.338118 6.985057 1.577030
v -2.850856 6.716239 2.587205
v -2.830820 6.985057 2.572655
v -2.055250 6.716239 3.382808
v -2.040699 6.985057 3.362781
v -1.052725 6.716239 3.893618
v -1.045067 6.985057 3.870074
v 0.058591 6.716239 4.069648
v 0.058591 6.985057 4.044892
v 1.169898 6.716239 3.893618
v 1.162249 6.985057 3.870074
v 2.172432 6.716239 3.382808
v 2.157877 6.985057 3.362781
v 2.968029 6.716239 2.587205
v 2.947998 6.985057 2.572655
v 3.478837 6.716238 1.584679
v 3.455296 6.985057 1.577030
v 3.654866 6.716239 0.473366
v 3.630120 6.985057 0.473366
v 2.553147 13.749870 -0.337167
v 2.180573 13.749870 -1.068354
v 2.180573 14.261656 -1.068354
v 2.553147 14.261656 -0.337167
v 1.600310 13.749870 -1.648624
v 1.600310 14.261656 -1.648624
v 0.869119 13.749870 -2.021181
v 0.869119 14.261656 -2.021181
v 0.058591 13.749870 -2.149567
v 0.058591 14.261656 -2.149567
v -0.751941 13.749870 -2.021181
v -0.751941 14.261656 -2.021181
v -1.483123 13.749870 -1.648624
v -1.483123 14.261656 -1.648624
v -2.063399 13.749870 -1.068357
v -2.063399 14.261656 -1.068357
v -2.435943 13.749870 -0.337166
v -2.435943 14.261656 -0.337166
v -2.564342 13.749870 0.473366
v -2.564342 14.261656 0.473366
v -2.435943 13.749870 1.283899
v -2.435943 14.261656 1.283899
v -2.063399 13.749870 2.015085
v -2.063399 14.261656 2.015085
v -1.483123 13.749871 2.595355
v -1.483123 14.261655 2.595355
v -0.751941 13.749871 2.967912
v -0.751941 14.261657 2.967912
v 0.058591 13.749870 3.096298
v 0.058591 14.261656 3.096298
v 0.869119 13.749871 2.967912
v 0.869119 14.261657 2.967912
v 1.600310 13.749871 2.595355
v 1.600310 14.261655 2.595355
v 2.180573 13.749870 2.015085
v 2.180573 14.261656 2.015085
v 2.553130 13.749870 1.283900
v 2.553130 14.261656 1.283900
v 2.681524 13.749870 0.473367
v 2.681524 14.261656 0.473367
v 1.156859 25.621145 -1.038263
v 1.570212 25.621145 -0.624901
v 1.835615 25.621145 -0.104027
v 1.927086 25.621145 0.473366
v 1.835611 25.621145 1.050760
v 1.570212 25.621145 1.571630
v 1.156859 25.621145 1.984995
v 0.635984 25.621147 2.250389
v 0.058591 25.621145 2.341848
v -0.518806 25.621147 2.250389
v -1.039673 25.621145 1.984995
v -1.453039 25.621145 1.571630
v -1.718433 25.621145 1.050760
v -1.809900 25.621145 0.473366
v -1.718433 25.621145 -0.104027
v -1.453039 25.621145 -0.624903
v -1.039673 25.621145 -1.038263
v -0.518806 25.621145 -1.303659
v 0.058591 25.621145 -1.395117
v 0.635984 25.621145 -1.303659
v -1.813406 26.649097 -0.886726
v -1.301505 26.649097 -1.398630
v -0.656455 26.649097 -1.727297
v 0.058591 26.649097 -1.840559
v 0.773633 26.649097 -1.727297
v 1.418682 26.649097 -1.398630
v 1.930584 26.649097 -0.886724
v 2.259257 26.649097 -0.241676
v 2.372515 26.649097 0.473366
v 2.259248 26.649097 1.188410
v 1.930584 26.649097 1.833454
v 1.418682 26.649097 2.345364
v 0.773633 26.649097 2.674026
v 0.058591 26.649097 2.787291
v -0.656455 26.649097 2.674026
v -1.301505 26.649097 2.345364
v -1.813406 26.649097 1.833454
v -2.142071 26.649097 1.188410
v -2.255337 26.649097 0.473366
v -2.142071 26.649097 -0.241676
v 2.019549 24.584202 -0.951365
v 2.363845 24.584202 -0.275660
v 1.483324 24.584202 -1.487602
v 0.807617 24.584202 -1.831888
v 0.058591 24.584202 -1.950533
v -0.690439 24.584202 -1.831888
v -1.366146 24.584202 -1.487602
v -1.902367 24.584202 -0.951368
v -2.246658 24.584202 -0.275660
v -2.365314 24.584202 0.473366
v -2.246658 24.584202 1.222393
v -1.902367 24.584202 1.898096
v -1.366146 24.584202 2.434334
v -0.690439 24.584202 2.778620
v 0.058591 24.584202 2.897264
v 0.807617 24.584202 2.778620
v 1.483324 24.584202 2.434334
v 2.019549 24.584202 1.898096
v 2.363840 24.584202 1.222393
v 2.482492 24.584202 0.473366
v 1.864743 27.081623 -2.012577
v 2.544524 27.081621 -1.332783
v 1.864743 27.391922 -2.012577
v 2.544524 27.391920 -1.332783
v 2.980992 27.081621 -0.476183
v 2.980992 27.391920 -0.476183
v 3.131398 27.081621 0.473366
v 3.131398 27.391920 0.473366
v 2.980992 27.081621 1.422916
v 2.980992 27.391920 1.422916
v 2.544524 27.081621 2.279512
v 2.544524 27.391920 2.279512
v 1.864743 27.081621 2.959307
v 1.864743 27.391920 2.959307
v 1.008139 27.081621 3.395763
v 1.008139 27.391920 3.395763
v 0.058591 27.081621 3.546169
v 0.058591 27.391920 3.546169
v -0.890962 27.081621 3.395763
v -0.890962 27.391920 3.395763
v -1.747565 27.081621 2.959307
v -1.747565 27.391920 2.959307
v -2.427350 27.081621 2.279512
v -2.427350 27.391920 2.279512
v -2.863805 27.081621 1.422916
v -2.863805 27.391920 1.422916
v -3.014220 27.081621 0.473366
v -3.014220 27.391920 0.473366
v -2.863805 27.081621 -0.476183
v -2.863805 27.391920 -0.476183
v -2.427350 27.081621 -1.332785
v -2.427350 27.391920 -1.332785
v -1.747565 27.081623 -2.012577
v -1.747565 27.391922 -2.012577
v -0.890962 27.081621 -2.449032
v -0.890962 27.391920 -2.449032
v 0.058591 27.081621 -2.599438
v 0.058591 27.391920 -2.599440
v 1.008139 27.081621 -2.449032
v 1.008139 27.391920 -2.449032
v 1.550087 28.145338 -0.011253
v 1.327330 28.145338 -0.448435
v 0.980391 28.145338 -0.795380
v 0.543210 28.145338 -1.018129
v 0.058591 28.145338 -1.094894
v -0.426032 28.145338 -1.018129
v -0.863209 28.145338 -0.795380
v -1.210153 28.145338 -0.448435
v -1.432910 28.145338 -0.011253
v -1.509676 28.145338 0.473366
v -1.432910 28.145338 0.957987
v -1.210153 28.145338 1.395166
v -0.863209 28.145338 1.742111
v -0.426032 28.145338 1.964863
v 0.058591 28.145338 2.041626
v 0.543210 28.145338 1.964863
v 0.980391 28.145338 1.742111
v 1.327330 28.145338 1.395166
v 1.550087 28.145338 0.957987
v 1.626858 28.145338 0.473366
v 1.471903 13.638845 -1.471886
v 2.003836 13.638845 -0.939946
v 2.345373 13.638845 -0.269657
v 2.463063 13.638845 0.473366
v 2.345364 13.638845 1.216390
v 2.003836 13.638845 1.886678
v 1.471903 13.638845 2.418617
v 0.801621 13.638844 2.760144
v 0.058591 13.638845 2.877838
v -0.684434 13.638844 2.760144
v -1.354721 13.638845 2.418617
v -1.886658 13.638845 1.886678
v -2.228186 13.638845 1.216390
v -2.345886 13.638845 0.473366
v -2.228186 13.638845 -0.269657
v -1.886658 13.638845 -0.939949
v -1.354721 13.638845 -1.471886
v -0.684434 13.638845 -1.813413
v 0.058591 13.638845 -1.931106
v 0.801621 13.638845 -1.813413
v 0.539029 28.625170 0.317263
v 0.467268 28.625170 0.176441
v 0.355509 28.625170 0.064686
v 0.214695 28.625170 -0.007067
v 0.058591 28.625170 -0.031794
v -0.097513 28.625170 -0.007067
v -0.238340 28.625170 0.064686
v -0.350090 28.625170 0.176439
v -0.421846 28.625170 0.317263
v -0.446571 28.625170 0.473366
v -0.421846 28.625170 0.629469
v -0.350090 28.625170 0.770290
v -0.238340 28.625170 0.882048
v -0.097513 28.625170 0.953798
v 0.058591 28.625170 0.978525
v 0.214695 28.625170 0.953798
v 0.355509 28.625170 0.882048
v 0.467268 28.625170 0.770290
v 0.539029 28.625170 0.629469
v 0.563753 28.625170 0.473366
v 0.942529 28.715330 0.186155
v 0.810513 28.715330 -0.072937
v 0.604887 28.715330 -0.278551
v 0.345793 28.715330 -0.410564
v 0.058591 28.715330 -0.456059
v -0.228615 28.715330 -0.410564
v -0.487705 28.715330 -0.278551
v -0.693331 28.715330 -0.072937
v -0.825351 28.715330 0.186155
v -0.870845 28.715330 0.473366
v -0.825351 28.715330 0.760574
v -0.693331 28.715330 1.019669
v -0.487705 28.715330 1.225283
v -0.228615 28.715330 1.357296
v 0.058591 28.715330 1.402790
v 0.345793 28.715330 1.357296
v 0.604887 28.715330 1.225283
v 0.810513 28.715330 1.019669
v 0.942529 28.715330 0.760574
v 0.988023 28.715330 0.473366
v 0.362039 29.206890 -0.460550
v 0.635779 29.206890 -0.321074
v 0.853018 29.206890 -0.103830
v 0.992512 29.206890 0.169914
v 1.040573 29.206890 0.473366
v 0.992512 29.206890 0.776817
v 0.853018 29.206890 1.050560
v 0.635779 29.206890 1.267805
v 0.362039 29.206890 1.407284
v 0.058591 29.206890 1.455349
v -0.244862 29.206890 1.407284
v -0.518605 29.206890 1.267803
v -0.735836 29.206890 1.050560
v -0.875326 29.206890 0.776817
v -0.923395 29.206890 0.473366
v -0.875326 29.206890 0.169914
v -0.735836 29.206890 -0.103830
v -0.518605 29.206890 -0.321074
v -0.244862 29.206890 -0.460552
v 0.058591 29.206890 -0.508617
v 0.675503 30.084249 0.272921
v 0.583357 30.084249 0.092094
v 0.439857 30.084249 -0.051407
v 0.259032 30.084249 -0.143539
v 0.058591 30.084249 -0.175289
v -0.141854 30.084249 -0.143539
v -0.322683 30.084249 -0.051407
v -0.466175 30.084249 0.092094
v -0.558321 30.084249 0.272921
v -0.590076 30.084249 0.473366
v -0.558321 30.084249 0.673813
v -0.466175 30.084249 0.854635
v -0.322683 30.084249 0.998137
v -0.141854 30.084248 1.090269
v 0.058591 30.084249 1.122021
v 0.259032 30.084248 1.090269
v 0.439857 30.084249 0.998137
v 0.583357 30.084249 0.854635
v 0.675503 30.084249 0.673813
v 0.707254 30.084249 0.473366
v 0.926884 31.123926 0.191238
v 0.797196 31.123926 -0.063271
v 0.595230 31.123926 -0.265247
v 0.340710 31.123926 -0.394924
v 0.058591 31.123926 -0.439613
v -0.223532 31.123926 -0.394924
v -0.478052 31.123926 -0.265247
v -0.680018 31.123926 -0.063271
v -0.809706 31.123926 0.191238
v -0.854398 31.123926 0.473366
v -0.809706 31.123926 0.755493
v -0.680018 31.123926 1.010000
v -0.478052 31.123924 1.211977
v -0.223532 31.123924 1.341656
v 0.058591 31.123924 1.386343
v 0.340710 31.123924 1.341656
v 0.595230 31.123928 1.211979
v 0.797196 31.123924 1.010002
v 0.926884 31.123926 0.755493
v 0.971576 31.123926 0.473366
v 1.895733 31.948271 -0.123552
v 1.621323 31.948271 -0.662043
v 1.193987 31.948271 -1.089380
v 0.655494 31.948271 -1.363752
v 0.058595 31.948271 -1.458303
v -0.538316 31.948271 -1.363752
v -1.076822 31.948271 -1.089380
v -1.504141 31.948271 -0.662043
v -1.778547 31.948271 -0.123552
v -1.873102 31.948273 0.473366
v -1.778547 31.948269 1.070286
v -1.504141 31.948269 1.608772
v -1.076822 31.948273 2.036114
v -0.538316 31.948269 2.310482
v 0.058595 31.948271 2.405035
v 0.655494 31.948269 2.310482
v 1.193987 31.948273 2.036114
v 1.621323 31.948269 1.608772
v 1.895733 31.948269 1.070286
v 1.990288 31.948273 0.473366
v 1.874276 32.786453 -0.116585
v 1.603073 32.786453 -0.648781
v 1.180725 32.786453 -1.071133
v 0.648523 32.786453 -1.342297
v 0.058595 32.786453 -1.435745
v -0.531341 32.786453 -1.342297
v -1.063560 32.786453 -1.071133
v -1.485891 32.786453 -0.648785
v -1.757094 32.786453 -0.116585
v -1.850542 32.786453 0.473366
v -1.757094 32.786453 1.063314
v -1.485891 32.786453 1.595512
v -1.063560 32.786453 2.017864
v -0.531341 32.786453 2.289028
v 0.058595 32.786453 2.382477
v 0.648523 32.786453 2.289028
v 1.180725 32.786453 2.017864
v 1.603073 32.786453 1.595512
v 1.874276 32.786453 1.063314
v 1.967720 32.786453 0.473366
v 0.572782 33.094978 -1.109180
v 1.036652 33.094978 -0.872833
v 1.404772 33.094978 -0.504707
v 1.641153 33.094978 -0.040840
v 1.722609 33.094978 0.473366
v 1.641153 33.094978 0.987572
v 1.404772 33.094978 1.451439
v 1.036652 33.094978 1.819565
v 0.572782 33.094978 2.055914
v 0.058595 33.094978 2.137363
v -0.455604 33.094978 2.055914
v -0.919483 33.094978 1.819565
v -1.287590 33.094978 1.451439
v -1.523975 33.094978 0.987572
v -1.605423 33.094978 0.473366
v -1.523975 33.094978 -0.040840
v -1.287590 33.094978 -0.504707
v -0.919483 33.094978 -0.872833
v -0.455604 33.094978 -1.109180
v 0.058595 33.094978 -1.190632
v 0.575067 31.599730 -1.116220
v 1.041005 31.599730 -0.878820
v 1.410760 31.599730 -0.509058
v 1.648196 31.599730 -0.043125
v 1.730015 31.599731 0.473366
v 1.648196 31.599730 0.989859
v 1.410760 31.599730 1.455790
v 1.041005 31.599728 1.825554
v 0.575067 31.599728 2.062954
v 0.058595 31.599728 2.144768
v -0.457889 31.599728 2.062954
v -0.923840 31.599728 1.825554
v -1.293582 31.599730 1.455790
v -1.531010 31.599730 0.989859
v -1.612833 31.599731 0.473366
v -1.531010 31.599730 -0.043125
v -1.293582 31.599730 -0.509062
v -0.923840 31.599730 -0.878820
v -0.457889 31.599730 -1.116220
v 0.058595 31.599730 -1.198034
v 1.255984 32.386112 -1.174721
v 1.706661 32.386112 -0.724041
v 1.996045 32.386112 -0.156151
v 2.095768 32.386112 0.473366
v 1.996045 32.386112 1.102880
v 1.706661 32.386112 1.670773
v 1.255984 32.386112 2.121450
v 0.688090 32.386112 2.410801
v 0.058595 32.386112 2.510517
v -0.570903 32.386112 2.410801
v -1.138819 32.386112 2.121450
v -1.589475 32.386112 1.670773
v -1.878868 32.386112 1.102880
v -1.978586 32.386112 0.473366
v -1.878868 32.386112 -0.156151
v -1.589475 32.386112 -0.724041
v -1.138819 32.386112 -1.174721
v -0.570903 32.386112 -1.464069
v 0.058595 32.386112 -1.563786
v 0.688090 32.386112 -1.464069
v 0.058591 31.414553 -0.571514
v 0.381468 31.414553 -0.520369
v 0.672753 31.414553 -0.371958
v 0.903902 31.414553 -0.140800
v 1.052335 31.414553 0.150480
v 1.103480 31.414553 0.473366
v 1.052335 31.414553 0.796251
v 0.903902 31.414553 1.087530
v 0.672753 31.414553 1.318689
v 0.381468 31.414553 1.467100
v 0.058591 31.414555 1.518246
v -0.264286 31.414553 1.467100
v -0.555579 31.414553 1.318689
v -0.786720 31.414553 1.087530
v -0.935158 31.414553 0.796251
v -0.986302 31.414553 0.473366
v -0.935158 31.414553 0.150480
v -0.786720 31.414553 -0.140800
v -0.555579 31.414553 -0.371958
v -0.264286 31.414553 -0.520369
v 0.931569 33.266247 0.206757
v 0.801173 33.266247 -0.049122
v 0.598112 33.266247 -0.252190
v 0.342228 33.266247 -0.382565
v 0.058591 33.266247 -0.427494
v -0.225050 33.266247 -0.382565
v -0.480934 33.266247 -0.252190
v -0.683986 33.266247 -0.049122
v -0.814392 33.266247 0.206757
v -0.859313 33.266247 0.490406
v -0.814392 33.266247 0.774052
v -0.683986 33.266251 1.029930
v -0.480934 33.266247 1.232998
v -0.225050 33.266247 1.363373
v 0.058591 33.266247 1.408302
v 0.342228 33.266247 1.363373
v 0.598112 33.266247 1.232998
v 0.801173 33.266251 1.029930
v 0.931569 33.266247 0.774052
v 0.976499 33.266247 0.490406
v 0.931569 33.448513 0.206757
v 0.801173 33.448513 -0.049122
v 0.598112 33.448513 -0.252190
v 0.342228 33.448513 -0.382565
v 0.058591 33.448513 -0.427494
v -0.225050 33.448513 -0.382565
v -0.480934 33.448513 -0.252190
v -0.683986 33.448513 -0.049122
v -0.814392 33.448513 0.206757
v -0.859313 33.448513 0.490406
v -0.814392 33.448513 0.774052
v -0.683986 33.448517 1.029930
v -0.480934 33.448513 1.232998
v -0.225050 33.448513 1.363373
v 0.058591 33.448513 1.408302
v 0.342228 33.448513 1.363373
v 0.598112 33.448513 1.232998
v 0.801173 33.448517 1.029930
v 0.931569 33.448513 0.774052
v 0.976499 33.448513 0.490406
v 0.408639 34.543644 0.008598
v 0.540390 34.543644 0.140350
v 0.624992 34.543644 0.306370
v 0.654146 34.543644 0.490406
v 0.624992 34.543644 0.674438
v 0.540390 34.543644 0.840458
v 0.408639 34.543644 0.972210
v 0.242620 34.543644 1.056801
v 0.058591 34.543644 1.085953
v -0.125442 34.543644 1.056801
v -0.291461 34.543644 0.972210
v -0.423203 34.543644 0.840458
v -0.507814 34.543644 0.674438
v -0.536968 34.543644 0.490406
v -0.507814 34.543644 0.306370
v -0.423203 34.543644 0.140350
v -0.291461 34.543644 0.008598
v -0.125442 34.543644 -0.075989
v 0.058591 34.543644 -0.105141
v 0.242620 34.543644 -0.075989
v 0.450803 33.729809 -0.049431
v 0.598417 33.729809 0.098190
v 0.693217 33.729809 0.284206
v 0.725874 33.729809 0.490406
v 0.693217 33.729809 0.696606
v 0.598417 33.729809 0.882618
v 0.450803 33.729809 1.030239
v 0.264791 33.729809 1.125015
v 0.058591 33.729809 1.157681
v -0.147604 33.729809 1.125015
v -0.333625 33.729809 1.030239
v -0.481239 33.729809 0.882618
v -0.576035 33.729809 0.696606
v -0.608696 33.729809 0.490406
v -0.576035 33.729809 0.284206
v -0.481239 33.729809 0.098190
v -0.333625 33.729809 -0.049431
v -0.147604 33.729809 -0.144207
v 0.058591 33.729809 -0.176868
v 0.264791 33.729809 -0.144207
v 0.834713 34.953480 0.238228
v 0.718787 34.953480 0.010735
v 0.538257 34.953480 -0.169800
v 0.310758 34.953480 -0.285709
v 0.058591 34.953480 -0.325657
v -0.193581 34.953480 -0.285709
v -0.421084 34.953480 -0.169800
v -0.601609 34.953480 0.010735
v -0.717530 34.953480 0.238228
v -0.757489 34.953480 0.490406
v -0.717530 34.953480 0.742580
v -0.601609 34.953480 0.970074
v -0.421084 34.953476 1.150608
v -0.193581 34.953480 1.266521
v 0.058591 34.953480 1.306465
v 0.310758 34.953480 1.266521
v 0.538257 34.953476 1.150608
v 0.718787 34.953480 0.970074
v 0.834713 34.953480 0.742580
v 0.874666 34.953480 0.490406
v 0.834713 35.100311 0.238228
v 0.718787 35.100311 0.010735
v 0.538257 35.100311 -0.169800
v 0.310758 35.100311 -0.285709
v 0.058591 35.100311 -0.325657
v -0.193581 35.100311 -0.285709
v -0.421084 35.100311 -0.169800
v -0.601609 35.100311 0.010735
v -0.717530 35.100311 0.238228
v -0.757489 35.100311 0.490406
v -0.717530 35.100311 0.742580
v -0.601609 35.100311 0.970074
v -0.421084 35.100311 1.150608
v -0.193581 35.100311 1.266521
v 0.058591 35.100311 1.306465
v 0.310758 35.100311 1.266521
v 0.538257 35.100311 1.150608
v 0.718787 35.100311 0.970074
v 0.834713 35.100311 0.742580
v 0.874666 35.100311 0.490406
v 0.690274 35.128223 0.292122
v 0.595919 35.128223 0.106968
v 0.448992 35.128223 -0.039970
v 0.263827 35.128223 -0.134308
v 0.058591 35.128223 -0.166817
v -0.146635 35.128223 -0.134308
v -0.331815 35.128223 -0.039970
v -0.478742 35.128223 0.106968
v -0.573087 35.128223 0.292122
v -0.605603 35.128223 0.497368
v -0.573087 35.128223 0.702614
v -0.478742 35.128223 0.887768
v -0.331815 35.128223 1.034702
v -0.146635 35.128223 1.129040
v 0.058591 35.128223 1.161552
v 0.263827 35.128223 1.129040
v 0.448992 35.128223 1.034702
v 0.595919 35.128223 0.887768
v 0.690274 35.128223 0.702614
v 0.722790 35.128223 0.497368
v 0.450498 35.390011 0.370033
v 0.391957 35.390011 0.255161
v 0.300814 35.390011 0.164001
v 0.185935 35.390011 0.105473
v 0.058591 35.390011 0.085304
v -0.068721 35.390011 0.105473
v -0.183614 35.390011 0.164001
v -0.274766 35.390011 0.255161
v -0.333298 35.390011 0.370033
v -0.353477 35.390011 0.497368
v -0.333298 35.390011 0.624702
v -0.274766 35.390011 0.739574
v -0.183614 35.390011 0.830734
v -0.068721 35.390011 0.889263
v 0.058591 35.390011 0.909431
v 0.185935 35.390011 0.889263
v 0.300814 35.390011 0.830734
v 0.391957 35.390011 0.739574
v 0.450498 35.390011 0.624702
v 0.470691 35.390011 0.497368
v 0.383105 35.390011 0.497368
v 0.321116 35.390011 0.306633
v 0.158873 35.390011 0.188759
v -0.041668 35.390011 0.188759
v -0.203925 35.390011 0.306633
v -0.265891 35.390011 0.497368
v -0.203925 35.390011 0.688099
v -0.041668 35.390011 0.805977
v 0.158873 35.390011 0.805977
v 0.321116 35.390011 0.688099
v 0.383105 37.030071 0.829834
v 0.321116 37.079433 0.645599
v 0.158873 37.109936 0.531742
v -0.041668 37.109936 0.531742
v -0.203925 37.079433 0.645599
v -0.265891 37.030071 0.829834
v -0.203925 36.980705 1.014069
v -0.041668 36.950195 1.127930
v 0.158873 36.950195 1.127930
v 0.321116 36.980705 1.014069
v 0.383105 42.231049 5.089081
v 0.249338 42.298992 4.835503
v 0.158873 42.310917 4.790985
v -0.041668 42.310917 4.790985
v -0.203925 42.280411 4.904846
v -0.265891 42.231049 5.089081
v -0.203925 42.181683 5.273312
v -0.041668 42.151176 5.387173
v 0.158873 42.151176 5.387173
v 0.321116 42.181683 5.273312
v 0.383105 44.291908 5.131153
v 0.313876 44.242546 4.893421
v 0.158873 44.212036 4.833061
v -0.041668 44.212036 4.833061
v -0.203925 44.242546 4.946922
v -0.265891 44.291908 5.131153
v -0.203925 44.341267 5.315392
v -0.041668 44.371784 5.429249
v 0.158873 44.371784 5.429249
v 0.321116 44.341267 5.315392
v 0.383105 48.454659 2.002548
v 0.321116 48.319794 1.867680
v 0.158873 48.236435 1.784332
v -0.041668 48.236435 1.784332
v -0.203925 48.319794 1.867680
v -0.265891 48.454659 2.002548
v -0.203925 48.589512 2.137421
v -0.041668 48.672878 2.220772
v 0.158873 48.672878 2.220772
v 0.321116 48.589512 2.137421
v 0.383105 46.506416 4.120350
v 0.321116 46.598194 4.280106
v 0.158873 46.654919 4.378830
v -0.041668 46.654919 4.378830
v -0.203925 46.598194 4.280106
v -0.265891 46.506416 4.120350
v -0.203925 46.414658 3.960602
v -0.041668 46.357944 3.861877
v 0.158873 46.357944 3.861877
v 0.321116 46.414658 3.960602
v 0.383105 40.137142 3.857246
v 0.321116 40.041775 4.022427
v 0.158873 39.982834 4.124508
v -0.041668 39.982834 4.124508
v -0.203925 40.041775 4.022427
v -0.265891 40.137142 3.857246
v -0.203925 40.232513 3.692066
v -0.041668 40.291443 3.589981
v 0.158873 40.291443 3.589981
v 0.321116 40.232513 3.692066
v 0.383105 38.476582 1.952740
v 0.321116 38.427216 2.136971
v 0.158873 38.396709 2.250832
v -0.041668 38.396709 2.250832
v -0.203925 38.427216 2.136971
v -0.265891 38.476582 1.952740
v -0.203925 38.525944 1.768505
v -0.041668 38.556454 1.654644
v 0.158873 38.556454 1.654644
v 0.321116 38.525944 1.768505
v 0.525365 48.454659 2.002548
v 0.436196 48.260666 1.808548
v 0.202834 48.140770 1.688660
v -0.085629 48.140770 1.688660
v -0.319018 48.260666 1.808548
v -0.408142 48.454659 2.002548
v -0.319018 48.648636 2.196552
v -0.085629 48.768547 2.316441
v 0.202834 48.768547 2.316441
v 0.436196 48.648636 2.196552
v 0.525370 48.591663 1.850853
v 0.436196 48.397678 1.656857
v 0.202839 48.277782 1.536972
v -0.085634 48.277782 1.536968
v -0.319014 48.397678 1.656857
v -0.408155 48.591663 1.850853
v -0.319027 48.785645 2.044857
v -0.085620 48.905556 2.164749
v 0.202825 48.905556 2.164745
v 0.436205 48.785645 2.044857
v 0.408548 48.591663 1.850857
v 0.341691 48.446228 1.705414
v 0.166743 48.356342 1.615532
v -0.049533 48.356342 1.615532
v -0.224500 48.446228 1.705414
v -0.291333 48.591663 1.850857
v -0.224514 48.737091 1.996304
v -0.049520 48.826996 2.086189
v 0.166734 48.826996 2.086185
v 0.341700 48.737091 1.996304
v 0.652243 48.731792 1.710388
v 0.538829 48.522419 1.501015
v 0.242048 48.393024 1.371616
v -0.124849 48.393024 1.371613
v -0.421654 48.522419 1.501015
v -0.535029 48.731792 1.710388
v -0.421677 48.941174 1.919796
v -0.124810 49.070602 2.049194
v 0.242024 49.070602 2.049194
v 0.538844 48.941174 1.919796
v 0.839623 49.345333 0.977146
v 0.690418 49.040329 0.672134
v 0.299955 48.851830 0.483624
v -0.182756 48.851830 0.483620
v -0.573235 49.040329 0.672134
v -0.722409 49.345333 0.977146
v -0.573274 49.650349 1.282204
v -0.182694 49.838917 1.470715
v 0.299924 49.838917 1.470715
v 0.690426 49.650349 1.282207
v 0.447127 49.710361 0.974049
v 0.206651 49.825771 1.089474
v -0.089431 49.825771 1.089474
v -0.329945 49.710361 0.974049
v -0.423058 49.522713 0.786354
v -0.332195 49.334148 0.597805
v -0.091022 49.217018 0.480713
v 0.208230 49.217010 0.480713
v 0.449397 49.334148 0.597805
v 0.540272 49.522713 0.786354
v 0.756382 49.250694 1.762192
v 0.325112 49.458942 1.970383
v -0.207890 49.458942 1.970383
v -0.639237 49.250694 1.762192
v -0.803937 48.913834 1.425289
v -0.639183 48.576981 1.088432
v -0.207951 48.368805 0.880241
v 0.325150 48.368805 0.880245
v 0.756374 48.576981 1.088432
v 0.921151 48.913834 1.425289
v 0.058608 49.665222 0.685295
v 0.362920 37.751850 1.363323
v 0.359469 37.820389 1.155514
v 0.184731 37.886509 0.997864
v -0.067526 37.886509 0.997864
v -0.242281 37.820393 1.155506
v -0.245737 37.751850 1.363323
v -0.145855 37.731522 1.511852
v -0.013453 37.731754 1.587914
v 0.130658 37.731754 1.587914
v 0.263046 37.731518 1.511860
v 0.373263 36.254021 0.652798
v 0.344115 36.282593 0.448837
v 0.175926 36.304722 0.297501
v -0.058721 36.304722 0.297501
v -0.226926 36.282593 0.448833
v -0.256068 36.254021 0.652798
v -0.168207 36.233086 0.814388
v -0.022803 36.223095 0.898304
v 0.140003 36.223095 0.898285
v 0.285399 36.233082 0.814392
v 0.378915 39.274693 2.868099
v 0.330437 39.197422 3.048134
v 0.165062 39.142628 3.165279
v -0.047857 39.142628 3.165279
v -0.213246 39.197422 3.048134
v -0.261709 39.274696 2.868099
v -0.189971 39.337696 2.700539
v -0.034921 39.373093 2.600269
v 0.152126 39.373093 2.600269
v 0.307162 39.337700 2.700539
v 0.352094 41.202003 4.520378
v 0.367786 41.111954 4.724754
v 0.193787 41.028248 4.896816
v -0.076583 41.028248 4.896816
v -0.250601 41.111950 4.724762
v -0.234909 41.202003 4.520378
v -0.129678 41.244530 4.392166
v -0.003288 41.253838 4.339527
v 0.120494 41.253834 4.339527
v 0.246867 41.244534 4.392162
v 0.364716 43.396015 5.141041
v 0.196202 43.387707 4.963036
v 0.128381 43.386356 4.939930
v -0.011175 43.386353 4.939926
v -0.144713 43.389843 5.001266
v -0.247533 43.396015 5.141041
v -0.242350 43.402996 5.354126
v -0.069372 43.407734 5.527245
v 0.186576 43.407734 5.527245
v 0.359538 43.402996 5.354118
v 0.344391 45.430027 4.600937
v 0.235362 45.384289 4.487923
v 0.116413 45.368153 4.446205
v 0.000876 45.368256 4.446445
v -0.118174 45.384293 4.487930
v -0.227204 45.430027 4.600937
v -0.252660 45.516136 4.805653
v -0.080164 45.594921 4.989460
v 0.197368 45.594921 4.989460
v 0.369849 45.516136 4.805645
v 0.347872 47.675922 3.173405
v 0.371543 47.546444 3.013206
v 0.280563 47.454845 2.886982
v 0.138630 47.409790 2.818970
v -0.021425 47.409790 2.818970
v -0.163371 47.454849 2.886986
v -0.254352 47.546444 3.013206
v -0.230683 47.675926 3.173409
v -0.060546 47.776333 3.291145
v 0.177751 47.776333 3.291145
v 0.811250 28.364588 0.228811
v 0.849984 28.364588 0.473366
v 0.811250 28.364588 0.717920
v 0.698836 28.364588 0.938534
v 0.523756 28.364588 1.113613
v 0.303141 28.364588 1.226021
v 0.058591 28.364588 1.264757
v -0.185962 28.364588 1.226021
v -0.406582 28.364588 1.113613
v -0.581650 28.364588 0.938534
v -0.694068 28.364588 0.717920
v -0.732807 28.364588 0.473366
v -0.694068 28.364588 0.228811
v -0.581650 28.364588 0.008198
v -0.406582 28.364588 -0.166882
v -0.185962 28.364588 -0.279289
v 0.058591 28.364588 -0.318027
v 0.303141 28.364588 -0.279289
v 0.523756 28.364588 -0.166882
v 0.698836 28.364588 0.008198
v 1.667138 14.015438 -1.740605
v 2.272557 14.015438 -1.135183
v 2.661271 14.015438 -0.372300
v 2.795217 14.015438 0.473367
v 2.661267 14.015438 1.319034
v 2.272557 14.015438 2.081913
v 1.667138 14.015439 2.687335
v 0.904252 14.015437 3.076043
v 0.058591 14.015438 3.209992
v -0.787074 14.015437 3.076043
v -1.549960 14.015439 2.687335
v -2.155379 14.015438 2.081913
v -2.544080 14.015438 1.319033
v -2.678035 14.015438 0.473366
v -2.544080 14.015438 -0.372300
v -2.155379 14.015438 -1.135184
v -1.549960 14.015438 -1.740605
v -0.787074 14.015438 -2.129311
v 0.058591 14.015438 -2.263262
v 0.904252 14.015438 -2.129311
v 18.643524 30.188606 -11.263462
v 18.625187 30.188606 -11.299465
v 18.596622 30.188606 -11.328041
v 18.560604 30.188606 -11.346386
v 18.520699 30.188606 -11.352707
v 18.480789 30.188606 -11.346386
v 18.444771 30.188606 -11.328041
v 18.416206 30.188606 -11.299465
v 18.397869 30.188606 -11.263462
v 18.391548 30.188606 -11.223549
v 18.397869 30.188606 -11.183640
v 18.416206 30.188606 -11.147633
v 18.444771 30.188606 -11.119061
v 18.480789 30.188606 -11.100712
v 18.520699 30.188606 -11.094395
v 18.560604 30.188606 -11.100712
v 18.596622 30.188606 -11.119061
v 18.625187 30.188606 -11.147633
v 18.643524 30.188606 -11.183640
v 18.649845 30.188606 -11.223549
v 18.643524 50.151978 -11.263462
v 18.625187 50.151981 -11.299465
v 18.596622 50.151978 -11.328041
v 18.560604 50.151981 -11.346386
v 18.520699 50.151978 -11.352707
v 18.480789 50.151981 -11.346386
v 18.444771 50.151978 -11.328041
v 18.416206 50.151981 -11.299465
v 18.397869 50.151978 -11.263462
v 18.391548 50.151981 -11.223549
v 18.397869 50.151978 -11.183640
v 18.416206 50.151981 -11.147633
v 18.444771 50.151978 -11.119061
v 18.480789 50.151981 -11.100712
v 18.520699 50.151978 -11.094395
v 18.560604 50.151981 -11.100712
v 18.596622 50.151978 -11.119061
v 18.625187 50.151981 -11.147633
v 18.643524 50.151978 -11.183640
v 18.649845 50.151981 -11.223549
vt 0.727491 0.006445
vt 0.726057 0.004396
vt 0.727277 0.003002
vt 0.729583 0.004873
vt 0.728013 0.000868
vt 0.731565 0.002492
vt 0.708584 0.002312
vt 0.712066 0.000170
vt 0.713242 0.002291
vt 0.711007 0.004624
vt 0.714880 0.003615
vt 0.713495 0.006116
vt 0.716837 0.004281
vt 0.716002 0.006981
vt 0.719190 0.004297
vt 0.718511 0.007426
vt 0.721187 0.005235
vt 0.720892 0.007780
vt 0.722966 0.005486
vt 0.723160 0.007786
vt 0.724592 0.005193
vt 0.725347 0.007375
vt 0.732363 0.008483
vt 0.729189 0.009947
vt 0.735897 0.006030
vt 0.708377 0.008829
vt 0.704341 0.006623
vt 0.711899 0.010086
vt 0.715062 0.010784
vt 0.718000 0.011132
vt 0.720791 0.011278
vt 0.723521 0.011180
vt 0.726282 0.010781
vt 0.734095 0.012417
vt 0.730193 0.013388
vt 0.738862 0.010678
vt 0.706951 0.013139
vt 0.701825 0.011901
vt 0.711084 0.013793
vt 0.714614 0.014116
vt 0.717790 0.014256
vt 0.720788 0.014270
vt 0.723750 0.014172
vt 0.726823 0.013911
vt 0.734932 0.016670
vt 0.730647 0.016902
vt 0.740412 0.016149
vt 0.706530 0.017580
vt 0.700973 0.017647
vt 0.710890 0.017443
vt 0.714539 0.017309
vt 0.717781 0.017190
vt 0.720827 0.017112
vt 0.723860 0.017063
vt 0.727061 0.017007
vt 0.734759 0.021032
vt 0.730506 0.020412
vt 0.740276 0.021994
vt 0.707108 0.021919
vt 0.701754 0.023369
vt 0.711298 0.020969
vt 0.714808 0.020358
vt 0.717934 0.020001
vt 0.720889 0.019846
vt 0.723842 0.019859
vt 0.726972 0.020043
vt 0.733557 0.025129
vt 0.729772 0.023736
vt 0.738324 0.027479
vt 0.708620 0.025868
vt 0.704127 0.028532
vt 0.712256 0.024213
vt 0.715387 0.023203
vt 0.718232 0.022653
vt 0.720951 0.022437
vt 0.723680 0.022521
vt 0.726562 0.022922
vt 0.731465 0.028580
vt 0.728530 0.026666
vt 0.734773 0.031784
vt 0.710917 0.029114
vt 0.707866 0.032488
vt 0.713683 0.027032
vt 0.716237 0.025783
vt 0.718656 0.025100
vt 0.721015 0.024858
vt 0.723394 0.025002
vt 0.725871 0.025563
vt 0.723817 0.033011
vt 0.723383 0.032164
vt 0.726776 0.029242
vt 0.728593 0.031205
vt 0.724004 0.033838
vt 0.730012 0.034348
vt 0.718843 0.032956
vt 0.718824 0.033907
vt 0.712729 0.034799
vt 0.713942 0.031538
vt 0.719188 0.032144
vt 0.715607 0.029472
vt 0.719742 0.031539
vt 0.717404 0.028207
vt 0.720449 0.031172
vt 0.719237 0.027520
vt 0.721210 0.031046
vt 0.721098 0.027279
vt 0.722004 0.031170
vt 0.722977 0.027445
vt 0.722746 0.031544
vt 0.724871 0.028065
vt 0.723272 0.001742
vt 0.717008 0.000000
vt 0.721176 0.033009
vt 0.722679 0.033776
vt 0.942617 0.947951
vt 0.942617 0.943544
vt 0.961596 0.943544
vt 0.961596 0.947951
vt 0.942617 0.939140
vt 0.961596 0.939140
vt 0.942617 0.934734
vt 0.961596 0.934734
vt 0.942617 0.930329
vt 0.961596 0.930329
vt 0.942617 0.925923
vt 0.961596 0.925923
vt 0.942617 0.921517
vt 0.961596 0.921517
vt 0.942617 0.917114
vt 0.961596 0.917114
vt 0.942617 0.912713
vt 0.961596 0.912713
vt 0.942617 0.908311
vt 0.961596 0.908311
vt 0.942617 0.903912
vt 0.961596 0.903912
vt 0.942617 0.899507
vt 0.961596 0.899507
vt 0.942617 0.987655
vt 0.942617 0.983243
vt 0.961596 0.983243
vt 0.961596 0.987655
vt 0.942617 0.978831
vt 0.961596 0.978832
vt 0.942617 0.974419
vt 0.961596 0.974419
vt 0.942617 0.970008
vt 0.961596 0.970008
vt 0.942617 0.965596
vt 0.961596 0.965596
vt 0.942617 0.961184
vt 0.961596 0.961184
vt 0.942617 0.956772
vt 0.961596 0.956772
vt 0.942617 0.952361
vt 0.961596 0.952361
vt 0.040682 0.060321
vt 0.043206 0.052551
vt 0.047306 0.054640
vt 0.042504 0.061250
vt 0.050559 0.057894
vt 0.043950 0.062696
vt 0.052648 0.061993
vt 0.044878 0.064518
vt 0.053368 0.066538
vt 0.045198 0.066538
vt 0.052648 0.071082
vt 0.044878 0.068557
vt 0.050559 0.075182
vt 0.043950 0.070379
vt 0.047306 0.078435
vt 0.042504 0.071825
vt 0.043206 0.080524
vt 0.040682 0.072754
vt 0.038662 0.081244
vt 0.038662 0.073074
vt 0.034118 0.080524
vt 0.036642 0.072754
vt 0.030018 0.078435
vt 0.034820 0.071825
vt 0.026765 0.075182
vt 0.033374 0.070379
vt 0.024676 0.071082
vt 0.032446 0.068557
vt 0.023956 0.066538
vt 0.032126 0.066538
vt 0.024676 0.061993
vt 0.032446 0.064518
vt 0.026765 0.057894
vt 0.033374 0.062696
vt 0.030018 0.054640
vt 0.034820 0.061250
vt 0.034118 0.052551
vt 0.036642 0.060321
vt 0.038662 0.051831
vt 0.038662 0.060002
vt 0.967094 0.609078
vt 0.967094 0.607121
vt 0.986445 0.607121
vt 0.986445 0.609078
vt 0.967094 0.646297
vt 0.967094 0.644337
vt 0.986445 0.644337
vt 0.986445 0.646297
vt 0.967094 0.642376
vt 0.986445 0.642376
vt 0.967094 0.640415
vt 0.986445 0.640415
vt 0.967094 0.638454
vt 0.986445 0.638454
vt 0.967094 0.636492
vt 0.986445 0.636492
vt 0.967094 0.634532
vt 0.986445 0.634532
vt 0.967094 0.632571
vt 0.986445 0.632571
vt 0.967094 0.630610
vt 0.986445 0.630610
vt 0.967094 0.628651
vt 0.986445 0.628651
vt 0.967094 0.626692
vt 0.986445 0.626692
vt 0.967094 0.624734
vt 0.986445 0.624734
vt 0.967094 0.622776
vt 0.986445 0.622776
vt 0.967094 0.620818
vt 0.986445 0.620818
vt 0.967094 0.618860
vt 0.986445 0.618860
vt 0.967094 0.616902
vt 0.986445 0.616902
vt 0.967094 0.614946
vt 0.986445 0.614946
vt 0.967094 0.612990
vt 0.986445 0.612990
vt 0.967094 0.611034
vt 0.986445 0.611034
vt 0.188956 0.976189
vt 0.184857 0.978278
vt 0.182162 0.969983
vt 0.183829 0.969133
vt 0.192209 0.972936
vt 0.185153 0.967810
vt 0.194297 0.968837
vt 0.186003 0.966142
vt 0.195017 0.964293
vt 0.186296 0.964293
vt 0.194297 0.959750
vt 0.186003 0.962445
vt 0.192209 0.955651
vt 0.185153 0.960777
vt 0.188956 0.952397
vt 0.183829 0.959453
vt 0.184857 0.950309
vt 0.182162 0.958604
vt 0.180313 0.949589
vt 0.180313 0.958311
vt 0.175769 0.950309
vt 0.178464 0.958604
vt 0.171670 0.952397
vt 0.176796 0.959453
vt 0.168417 0.955651
vt 0.175473 0.960777
vt 0.166329 0.959750
vt 0.174623 0.962445
vt 0.165609 0.964293
vt 0.174330 0.964293
vt 0.166329 0.968837
vt 0.174623 0.966142
vt 0.168417 0.972936
vt 0.175473 0.967810
vt 0.171670 0.976189
vt 0.176796 0.969133
vt 0.175769 0.978278
vt 0.178464 0.969983
vt 0.180313 0.978997
vt 0.180313 0.970276
vt 0.182512 0.967320
vt 0.181469 0.967851
vt 0.180313 0.964293
vt 0.183339 0.966492
vt 0.183871 0.965449
vt 0.184054 0.964293
vt 0.183871 0.963137
vt 0.183339 0.962095
vt 0.182512 0.961267
vt 0.181469 0.960736
vt 0.180313 0.960553
vt 0.179157 0.960736
vt 0.178114 0.961267
vt 0.177287 0.962095
vt 0.176755 0.963137
vt 0.176572 0.964293
vt 0.176755 0.965449
vt 0.177287 0.966492
vt 0.178114 0.967320
vt 0.179157 0.967851
vt 0.180313 0.968034
vt 0.183550 0.961942
vt 0.182665 0.961057
vt 0.181549 0.960488
vt 0.180313 0.960292
vt 0.179077 0.960488
vt 0.177961 0.961057
vt 0.177076 0.961942
vt 0.176508 0.963057
vt 0.176312 0.964293
vt 0.176508 0.965530
vt 0.177076 0.966645
vt 0.177961 0.967530
vt 0.179077 0.968098
vt 0.180313 0.968294
vt 0.181549 0.968098
vt 0.182665 0.967530
vt 0.183550 0.966645
vt 0.184118 0.965530
vt 0.184314 0.964293
vt 0.184118 0.963057
vt 0.036587 0.644750
vt 0.042528 0.649093
vt 0.038510 0.651729
vt 0.034890 0.646805
vt 0.037495 0.641740
vt 0.046590 0.644307
vt 0.017351 0.644307
vt 0.012106 0.649876
vt 0.007211 0.645868
vt 0.015716 0.641438
vt 0.019706 0.646168
vt 0.016583 0.651976
vt 0.022358 0.647170
vt 0.020658 0.653040
vt 0.025381 0.647393
vt 0.024406 0.653557
vt 0.028024 0.648398
vt 0.027862 0.653878
vt 0.030530 0.648574
vt 0.031233 0.653761
vt 0.032771 0.648029
vt 0.034779 0.653144
vt 0.045576 0.653459
vt 0.040185 0.655550
vt 0.052355 0.649242
vt 0.009812 0.654628
vt 0.002845 0.651647
vt 0.015351 0.656056
vt 0.020039 0.656649
vt 0.024103 0.656911
vt 0.027869 0.657062
vt 0.031657 0.657016
vt 0.035646 0.656544
vt 0.047185 0.657553
vt 0.041031 0.658759
vt 0.055751 0.654933
vt 0.008816 0.658753
vt 0.000734 0.657260
vt 0.014827 0.659305
vt 0.019776 0.659497
vt 0.023999 0.659481
vt 0.027899 0.659506
vt 0.031823 0.659500
vt 0.036064 0.659391
vt 0.047801 0.661478
vt 0.041321 0.661747
vt 0.057148 0.660889
vt 0.008565 0.662451
vt -0.000000 0.662586
vt 0.014754 0.662201
vt 0.019751 0.661964
vt 0.023997 0.661762
vt 0.027915 0.661640
vt 0.031880 0.661724
vt 0.036210 0.661761
vt 0.047598 0.665350
vt 0.041185 0.664523
vt 0.056795 0.666849
vt 0.008916 0.666070
vt 0.000436 0.667824
vt 0.014998 0.664976
vt 0.019915 0.664265
vt 0.024077 0.663874
vt 0.027917 0.663721
vt 0.031829 0.663777
vt 0.036119 0.664051
vt 0.046619 0.669125
vt 0.040650 0.667375
vt 0.054731 0.672490
vt 0.009942 0.669677
vt 0.002249 0.673058
vt 0.015606 0.667747
vt 0.020265 0.666628
vt 0.024220 0.666020
vt 0.027923 0.665809
vt 0.031699 0.665875
vt 0.035798 0.666354
vt 0.044695 0.672914
vt 0.039598 0.670406
vt 0.050930 0.677574
vt 0.011883 0.673385
vt 0.005845 0.678178
vt 0.016705 0.670703
vt 0.020855 0.669184
vt 0.024512 0.668401
vt 0.027989 0.668060
vt 0.031502 0.668231
vt 0.035264 0.668985
vt 0.041385 0.676939
vt 0.037699 0.673935
vt 0.045077 0.681788
vt 0.015307 0.677173
vt 0.012087 0.682393
vt 0.018682 0.674088
vt 0.021947 0.672243
vt 0.025062 0.671274
vt 0.028077 0.670936
vt 0.031109 0.671237
vt 0.034299 0.672169
vt 0.035035 0.681036
vt 0.033700 0.678514
vt 0.036744 0.684058
vt 0.021705 0.680428
vt 0.021410 0.683467
vt 0.022841 0.678104
vt 0.024418 0.676639
vt 0.026213 0.675744
vt 0.028134 0.675536
vt 0.030105 0.675867
vt 0.031935 0.676768
vt 0.030664 0.643257
vt 0.022816 0.641178
vt 0.027927 0.680463
vt 0.029914 0.686541
vt 0.942617 0.947951
vt 0.942617 0.943544
vt 0.961596 0.943544
vt 0.961596 0.947951
vt 0.942617 0.939140
vt 0.961596 0.939140
vt 0.942617 0.934734
vt 0.961596 0.934734
vt 0.942617 0.930329
vt 0.961596 0.930329
vt 0.942617 0.925923
vt 0.961596 0.925923
vt 0.942617 0.921517
vt 0.961596 0.921517
vt 0.942617 0.917114
vt 0.961596 0.917114
vt 0.942617 0.912713
vt 0.961596 0.912713
vt 0.942617 0.908311
vt 0.961596 0.908311
vt 0.942617 0.903912
vt 0.961596 0.903912
vt 0.942617 0.899507
vt 0.961596 0.899507
vt 0.942617 0.987655
vt 0.942617 0.983243
vt 0.961596 0.983243
vt 0.961596 0.987655
vt 0.942617 0.978831
vt 0.961596 0.978832
vt 0.942617 0.974419
vt 0.961596 0.974419
vt 0.942617 0.970008
vt 0.961596 0.970008
vt 0.942617 0.965596
vt 0.961596 0.965596
vt 0.942617 0.961184
vt 0.961596 0.961184
vt 0.942617 0.956772
vt 0.961596 0.956772
vt 0.942617 0.952361
vt 0.961596 0.952361
vt 0.040682 0.060321
vt 0.043206 0.052551
vt 0.047306 0.054640
vt 0.042504 0.061250
vt 0.050559 0.057894
vt 0.043950 0.062696
vt 0.052648 0.061993
vt 0.044878 0.064518
vt 0.053368 0.066538
vt 0.045198 0.066538
vt 0.052648 0.071082
vt 0.044878 0.068557
vt 0.050559 0.075182
vt 0.043950 0.070379
vt 0.047306 0.078435
vt 0.042504 0.071825
vt 0.043206 0.080524
vt 0.040682 0.072754
vt 0.038662 0.081244
vt 0.038662 0.073074
vt 0.034118 0.080524
vt 0.036642 0.072754
vt 0.030018 0.078435
vt 0.034820 0.071825
vt 0.026765 0.075182
vt 0.033374 0.070379
vt 0.024676 0.071082
vt 0.032446 0.068557
vt 0.023956 0.066538
vt 0.032126 0.066538
vt 0.024676 0.061993
vt 0.032446 0.064518
vt 0.026765 0.057894
vt 0.033374 0.062696
vt 0.030018 0.054640
vt 0.034820 0.061250
vt 0.034118 0.052551
vt 0.036642 0.060321
vt 0.038662 0.051831
vt 0.038662 0.060002
vt 0.967094 0.609078
vt 0.967094 0.607121
vt 0.986445 0.607121
vt 0.986445 0.609078
vt 0.967094 0.646297
vt 0.967094 0.644337
vt 0.986445 0.644337
vt 0.986445 0.646297
vt 0.967094 0.642376
vt 0.986445 0.642376
vt 0.967094 0.640415
vt 0.986445 0.640415
vt 0.967094 0.638454
vt 0.986445 0.638454
vt 0.967094 0.636492
vt 0.986445 0.636492
vt 0.967094 0.634532
vt 0.986445 0.634532
vt 0.967094 0.632571
vt 0.986445 0.632571
vt 0.967094 0.630610
vt 0.986445 0.630610
vt 0.967094 0.628651
vt 0.986445 0.628651
vt 0.967094 0.626692
vt 0.986445 0.626692
vt 0.967094 0.624734
vt 0.986445 0.624734
vt 0.967094 0.622776
vt 0.986445 0.622776
vt 0.967094 0.620818
vt 0.986445 0.620818
vt 0.967094 0.618860
vt 0.986445 0.618860
vt 0.967094 0.616902
vt 0.986445 0.616902
vt 0.967094 0.614946
vt 0.986445 0.614946
vt 0.967094 0.612990
vt 0.986445 0.612990
vt 0.967094 0.611034
vt 0.986445 0.611034
vt 0.188956 0.976189
vt 0.184857 0.978278
vt 0.182162 0.969983
vt 0.183829 0.969133
vt 0.192209 0.972936
vt 0.185153 0.967810
vt 0.194297 0.968837
vt 0.186003 0.966142
vt 0.195017 0.964293
vt 0.186296 0.964293
vt 0.194297 0.959750
vt 0.186003 0.962445
vt 0.192209 0.955651
vt 0.185153 0.960777
vt 0.188956 0.952397
vt 0.183829 0.959453
vt 0.184857 0.950309
vt 0.182162 0.958604
vt 0.180313 0.949589
vt 0.180313 0.958311
vt 0.175769 0.950309
vt 0.178464 0.958604
vt 0.171670 0.952397
vt 0.176796 0.959453
vt 0.168417 0.955651
vt 0.175473 0.960777
vt 0.166329 0.959750
vt 0.174623 0.962445
vt 0.165609 0.964293
vt 0.174330 0.964293
vt 0.166329 0.968837
vt 0.174623 0.966142
vt 0.168417 0.972936
vt 0.175473 0.967810
vt 0.171670 0.976189
vt 0.176796 0.969133
vt 0.175769 0.978278
vt 0.178464 0.969983
vt 0.180313 0.978997
vt 0.180313 0.970276
vt 0.182512 0.967320
vt 0.181469 0.967851
vt 0.180313 0.964293
vt 0.183339 0.966492
vt 0.183871 0.965449
vt 0.184054 0.964293
vt 0.183871 0.963137
vt 0.183339 0.962095
vt 0.182512 0.961267
vt 0.181469 0.960736
vt 0.180313 0.960553
vt 0.179157 0.960736
vt 0.178114 0.961267
vt 0.177287 0.962095
vt 0.176755 0.963137
vt 0.176572 0.964293
vt 0.176755 0.965449
vt 0.177287 0.966492
vt 0.178114 0.967320
vt 0.179157 0.967851
vt 0.180313 0.968034
vt 0.183550 0.961942
vt 0.182665 0.961057
vt 0.181549 0.960488
vt 0.180313 0.960292
vt 0.179077 0.960488
vt 0.177961 0.961057
vt 0.177076 0.961942
vt 0.176508 0.963057
vt 0.176312 0.964293
vt 0.176508 0.965530
vt 0.177076 0.966645
vt 0.177961 0.967530
vt 0.179077 0.968098
vt 0.180313 0.968294
vt 0.181549 0.968098
vt 0.182665 0.967530
vt 0.183550 0.966645
vt 0.184118 0.965530
vt 0.184314 0.964293
vt 0.184118 0.963057
vt 0.036587 0.644750
vt 0.042528 0.649093
vt 0.038510 0.651729
vt 0.034890 0.646805
vt 0.037495 0.641740
vt 0.046590 0.644307
vt 0.017351 0.644307
vt 0.012106 0.649876
vt 0.007211 0.645868
vt 0.015716 0.641438
vt 0.019706 0.646168
vt 0.016583 0.651976
vt 0.022358 0.647170
vt 0.020658 0.653040
vt 0.025381 0.647393
vt 0.024406 0.653557
vt 0.028024 0.648398
vt 0.027862 0.653878
vt 0.030530 0.648574
vt 0.031233 0.653761
vt 0.032771 0.648029
vt 0.034779 0.653144
vt 0.045576 0.653459
vt 0.040185 0.655550
vt 0.052355 0.649242
vt 0.009812 0.654628
vt 0.002845 0.651647
vt 0.015351 0.656056
vt 0.020039 0.656649
vt 0.024103 0.656911
vt 0.027869 0.657062
vt 0.031657 0.657016
vt 0.035646 0.656544
vt 0.047185 0.657553
vt 0.041031 0.658759
vt 0.055751 0.654933
vt 0.008816 0.658753
vt 0.000734 0.657260
vt 0.014827 0.659305
vt 0.019776 0.659497
vt 0.023999 0.659481
vt 0.027899 0.659506
vt 0.031823 0.659500
vt 0.036064 0.659391
vt 0.047801 0.661478
vt 0.041321 0.661747
vt 0.057148 0.660889
vt 0.008565 0.662451
vt -0.000000 0.662586
vt 0.014754 0.662201
vt 0.019751 0.661964
vt 0.023997 0.661762
vt 0.027915 0.661640
vt 0.031880 0.661724
vt 0.036210 0.661761
vt 0.047598 0.665350
vt 0.041185 0.664523
vt 0.056795 0.666849
vt 0.008916 0.666070
vt 0.000436 0.667824
vt 0.014998 0.664976
vt 0.019915 0.664265
vt 0.024077 0.663874
vt 0.027917 0.663721
vt 0.031829 0.663777
vt 0.036119 0.664051
vt 0.046619 0.669125
vt 0.040650 0.667375
vt 0.054731 0.672490
vt 0.009942 0.669677
vt 0.002249 0.673058
vt 0.015606 0.667747
vt 0.020265 0.666628
vt 0.024220 0.666020
vt 0.027923 0.665809
vt 0.031699 0.665875
vt 0.035798 0.666354
vt 0.044695 0.672914
vt 0.039598 0.670406
vt 0.050930 0.677574
vt 0.011883 0.673385
vt 0.005845 0.678178
vt 0.016705 0.670703
vt 0.020855 0.669184
vt 0.024512 0.668401
vt 0.027989 0.668060
vt 0.031502 0.668231
vt 0.035264 0.668985
vt 0.041385 0.676939
vt 0.037699 0.673935
vt 0.045077 0.681788
vt 0.015307 0.677173
vt 0.012087 0.682393
vt 0.018682 0.674088
vt 0.021947 0.672243
vt 0.025062 0.671274
vt 0.028077 0.670936
vt 0.031109 0.671237
vt 0.034299 0.672169
vt 0.035035 0.681036
vt 0.033700 0.678514
vt 0.036744 0.684058
vt 0.021705 0.680428
vt 0.021410 0.683467
vt 0.022841 0.678104
vt 0.024418 0.676639
vt 0.026213 0.675744
vt 0.028134 0.675536
vt 0.030105 0.675867
vt 0.031935 0.676768
vt 0.030664 0.643257
vt 0.022816 0.641178
vt 0.027927 0.680463
vt 0.029914 0.686541
vt 0.928427 0.654179
vt 0.931607 0.654121
vt 0.931609 0.673827
vt 0.928429 0.673769
vt 0.925246 0.654163
vt 0.925247 0.673786
vt 0.922096 0.654308
vt 0.922097 0.673641
vt 0.918969 0.654384
vt 0.918970 0.673566
vt 0.915859 0.654447
vt 0.915859 0.673503
vt 0.912753 0.654481
vt 0.912754 0.673468
vt 0.909651 0.654480
vt 0.909651 0.673470
vt 0.906579 0.654649
vt 0.906579 0.673301
vt 0.903558 0.654784
vt 0.903558 0.673166
vt 0.934825 0.654020
vt 0.934826 0.673927
vt 0.462296 0.029200
vt 0.456116 0.020693
vt 0.458160 0.017880
vt 0.468160 0.021129
vt 0.452808 0.032283
vt 0.452808 0.021768
vt 0.443321 0.029200
vt 0.449501 0.020693
vt 0.437458 0.021129
vt 0.447457 0.017880
vt 0.437458 0.011153
vt 0.447457 0.014403
vt 0.443321 0.003083
vt 0.449501 0.011590
vt 0.452808 0.000000
vt 0.452808 0.010515
vt 0.462296 0.003083
vt 0.456116 0.011590
vt 0.468160 0.011153
vt 0.458160 0.014403
vt 0.060728 0.877950
vt 0.052278 0.877854
vt 0.052354 0.861783
vt 0.060912 0.861788
vt 0.043839 0.877826
vt 0.043839 0.861784
vt 0.035399 0.877854
vt 0.035323 0.861783
vt 0.026948 0.877950
vt 0.026765 0.861788
vt 0.018467 0.878157
vt 0.018102 0.861825
vt 0.009887 0.878563
vt 0.009234 0.861959
vt 0.000935 0.879339
vt 0.000000 0.862343
vt 0.086742 0.879339
vt 0.077791 0.878563
vt 0.078443 0.861959
vt 0.087677 0.862343
vt 0.069210 0.878157
vt 0.069575 0.861825
vt 0.052242 0.883685
vt 0.060634 0.883781
vt 0.043839 0.883657
vt 0.035435 0.883685
vt 0.027042 0.883781
vt 0.018682 0.883978
vt 0.010430 0.884343
vt 0.002606 0.885042
vt 0.077247 0.884342
vt 0.085071 0.885042
vt 0.068995 0.883978
vt 0.076863 0.893006
vt 0.068777 0.892883
vt 0.060522 0.892776
vt 0.052195 0.892717
vt 0.043839 0.892699
vt 0.035482 0.892717
vt 0.027154 0.892775
vt 0.018900 0.892883
vt 0.010815 0.893006
vt 0.003237 0.892970
vt 0.084440 0.892970
vt 0.068761 0.894848
vt 0.076871 0.894950
vt 0.060511 0.894755
vt 0.052190 0.894705
vt 0.043838 0.894691
vt 0.035487 0.894705
vt 0.027166 0.894755
vt 0.018917 0.894848
vt 0.010805 0.894950
vt 0.002903 0.894639
vt 0.084774 0.894639
vt 0.076956 0.900284
vt 0.068755 0.900120
vt 0.060502 0.900055
vt 0.052186 0.900032
vt 0.043838 0.900027
vt 0.035491 0.900032
vt 0.027174 0.900055
vt 0.018923 0.900120
vt 0.010721 0.900284
vt 0.001932 0.899777
vt 0.085745 0.899777
vt 0.866949 0.554514
vt 0.863822 0.550210
vt 0.869722 0.542090
vt 0.874782 0.543734
vt 0.854277 0.558631
vt 0.854277 0.553311
vt 0.841605 0.554514
vt 0.844732 0.550210
vt 0.833773 0.543734
vt 0.838833 0.542090
vt 0.833773 0.530410
vt 0.838833 0.532054
vt 0.841605 0.519630
vt 0.844732 0.523934
vt 0.854277 0.515512
vt 0.854277 0.520833
vt 0.866949 0.519630
vt 0.863822 0.523934
vt 0.874782 0.530410
vt 0.869722 0.532054
vt 0.926218 0.006414
vt 0.926230 0.000017
vt 0.947622 0.000007
vt 0.947567 0.006403
vt 0.905164 0.006411
vt 0.905167 0.000018
vt 0.884153 0.006403
vt 0.884156 0.000005
vt 0.863141 0.006396
vt 0.863142 0.000000
vt 0.842131 0.006403
vt 0.842127 0.000006
vt 0.821119 0.006413
vt 0.821114 0.000018
vt 0.800066 0.006413
vt 0.800055 0.000019
vt 0.778718 0.006405
vt 0.778662 0.000008
vt 0.755816 0.006400
vt 0.755889 0.000004
vt 0.970395 0.000003
vt 0.970468 0.006399
vt 0.946941 0.022979
vt 0.926101 0.022982
vt 0.905142 0.022983
vt 0.884150 0.022979
vt 0.863142 0.022976
vt 0.842134 0.022980
vt 0.821140 0.022982
vt 0.800184 0.022983
vt 0.779343 0.022978
vt 0.759020 0.022976
vt 0.967265 0.022975
vt 0.926125 0.062999
vt 0.946843 0.062997
vt 0.905204 0.063000
vt 0.884190 0.062999
vt 0.863142 0.063001
vt 0.842094 0.062999
vt 0.821079 0.063000
vt 0.800159 0.062999
vt 0.779442 0.062997
vt 0.759140 0.062998
vt 0.967144 0.062998
vt 0.947524 0.087223
vt 0.926509 0.087224
vt 0.905408 0.087227
vt 0.884281 0.087231
vt 0.863142 0.087232
vt 0.842003 0.087231
vt 0.820874 0.087227
vt 0.799775 0.087225
vt 0.778760 0.087223
vt 0.757913 0.087223
vt 0.968371 0.087223
vt 0.948961 0.123256
vt 0.927200 0.123260
vt 0.926896 0.106670
vt 0.948234 0.106667
vt 0.905738 0.123266
vt 0.905605 0.106676
vt 0.884415 0.123270
vt 0.884361 0.106679
vt 0.863142 0.123272
vt 0.863142 0.106680
vt 0.841869 0.123270
vt 0.841923 0.106679
vt 0.820545 0.123265
vt 0.820678 0.106675
vt 0.799085 0.123260
vt 0.799389 0.106670
vt 0.777323 0.123255
vt 0.778051 0.106667
vt 0.754828 0.123255
vt 0.756888 0.106666
vt 0.971455 0.123255
vt 0.969396 0.106666
vt 0.949253 0.148972
vt 0.927324 0.148976
vt 0.927329 0.137039
vt 0.949270 0.137034
vt 0.905803 0.148982
vt 0.905800 0.137044
vt 0.884446 0.148986
vt 0.884440 0.137049
vt 0.863142 0.148989
vt 0.863142 0.137050
vt 0.841839 0.148986
vt 0.841844 0.137049
vt 0.820479 0.148982
vt 0.820482 0.137044
vt 0.798961 0.148976
vt 0.798955 0.137038
vt 0.777031 0.148972
vt 0.777014 0.137034
vt 0.754157 0.148970
vt 0.754093 0.137033
vt 0.972127 0.148970
vt 0.972190 0.137033
vt 0.948211 0.177108
vt 0.926904 0.177112
vt 0.927172 0.163002
vt 0.948901 0.162997
vt 0.905653 0.177115
vt 0.905750 0.163005
vt 0.884401 0.177118
vt 0.884430 0.163009
vt 0.863142 0.177120
vt 0.863142 0.163010
vt 0.841883 0.177118
vt 0.841854 0.163009
vt 0.820629 0.177115
vt 0.820532 0.163005
vt 0.799381 0.177112
vt 0.799112 0.163002
vt 0.778073 0.177108
vt 0.777384 0.162997
vt 0.756033 0.177103
vt 0.754795 0.162993
vt 0.970250 0.177104
vt 0.971489 0.162993
vt 0.056107 0.602989
vt 0.038168 0.627679
vt 0.027081 0.612420
vt 0.056107 0.633508
vt 0.074045 0.627679
vt 0.085132 0.612420
vt 0.085132 0.593558
vt 0.074045 0.578298
vt 0.056107 0.572470
vt 0.038168 0.578298
vt 0.027081 0.593558
vt 0.884364 0.196993
vt 0.863142 0.196993
vt 0.841919 0.196992
vt 0.820759 0.196991
vt 0.799801 0.196989
vt 0.779502 0.196986
vt 0.761416 0.196982
vt 0.964868 0.196982
vt 0.946783 0.196986
vt 0.926483 0.196990
vt 0.905524 0.196991
vt 0.447988 0.273191
vt 0.449870 0.273191
vt 0.449870 0.282563
vt 0.447988 0.282563
vt 0.444786 0.273191
vt 0.444786 0.282563
vt 0.442904 0.273191
vt 0.442904 0.282563
vt 0.439859 0.273191
vt 0.439859 0.282563
vt 0.436813 0.273191
vt 0.436813 0.282563
vt 0.434931 0.273191
vt 0.434931 0.282563
vt 0.431729 0.273191
vt 0.431729 0.282563
vt 0.455961 0.273191
vt 0.457843 0.273191
vt 0.457843 0.282563
vt 0.455961 0.282563
vt 0.452916 0.273191
vt 0.452916 0.282563
vt 0.445352 0.044601
vt 0.446061 0.043638
vt 0.447844 0.046095
vt 0.446704 0.046457
vt 0.443167 0.043894
vt 0.443175 0.042698
vt 0.440984 0.044606
vt 0.440287 0.043634
vt 0.439636 0.046465
vt 0.438501 0.046088
vt 0.439639 0.048761
vt 0.438499 0.049124
vt 0.440991 0.050618
vt 0.440282 0.051581
vt 0.443176 0.051325
vt 0.443168 0.052521
vt 0.445359 0.050613
vt 0.446056 0.051585
vt 0.446706 0.048753
vt 0.447842 0.049130
vt 0.443171 0.047609
vt 0.247251 0.605329
vt 0.230200 0.543887
vt 0.250226 0.547726
vt 0.278886 0.597083
vt 0.257433 0.646869
vt 0.294582 0.640857
vt 0.309011 0.685416
vt 0.268554 0.694269
vt 0.175847 0.606194
vt 0.191431 0.544250
vt 0.166647 0.647950
vt 0.156640 0.695690
vt 0.111051 0.590405
vt 0.144121 0.555376
vt 0.171931 0.548325
vt 0.145091 0.599101
vt 0.082373 0.677178
vt 0.090475 0.634748
vt 0.130557 0.643035
vt 0.117252 0.686933
vt 0.372834 0.560836
vt 0.377343 0.501388
vt 0.419398 0.503250
vt 0.417339 0.563304
vt 0.328350 0.498921
vt 0.324588 0.558933
vt 0.284427 0.496389
vt 0.280205 0.555345
vt 0.231777 0.493968
vt 0.254661 0.494780
vt 0.189373 0.494088
vt 0.139482 0.496728
vt 0.167120 0.495123
vt 0.092770 0.499761
vt 0.096961 0.559467
vt 0.043882 0.502521
vt 0.048838 0.561821
vt 0.006208 0.564643
vt 0.004596 0.504541
vt 0.232181 0.347536
vt 0.255052 0.347436
vt 0.137778 0.347919
vt 0.165581 0.347796
vt 0.556832 0.743689
vt 0.545478 0.793294
vt 0.516562 0.793589
vt 0.539083 0.752052
vt 0.528859 0.887672
vt 0.496383 0.883920
vt 0.505609 0.837986
vt 0.537500 0.837660
vt 0.608263 0.743163
vt 0.620740 0.792524
vt 0.639333 0.886542
vt 0.629672 0.836718
vt 0.640858 0.757807
vt 0.673362 0.791986
vt 0.648748 0.792238
vt 0.625611 0.750957
vt 0.688121 0.878258
vt 0.670851 0.882531
vt 0.660552 0.836402
vt 0.687691 0.836125
vt 0.809979 0.313495
vt 0.815946 0.369198
vt 0.775187 0.372331
vt 0.769348 0.318398
vt 0.729497 0.375227
vt 0.726143 0.321716
vt 0.683308 0.377279
vt 0.681794 0.323612
vt 0.648993 0.378065
vt 0.647720 0.324828
vt 0.666290 0.323927
vt 0.667655 0.377616
vt 0.599941 0.378534
vt 0.600077 0.325621
vt 0.566046 0.378228
vt 0.566814 0.325417
vt 0.582337 0.325347
vt 0.581951 0.378374
vt 0.520312 0.376529
vt 0.523583 0.323891
vt 0.474959 0.373742
vt 0.481289 0.320509
vt 0.437259 0.370787
vt 0.442876 0.315400
vt 0.863750 0.230547
vt 0.833773 0.213980
vt 0.837156 0.207408
vt 0.869930 0.225810
vt 0.881450 0.967357
vt 0.782157 0.967357
vt 0.779091 0.960760
vt 0.884851 0.960750
vt 0.972232 0.217441
vt 0.957582 0.244866
vt 0.949878 0.241627
vt 0.966668 0.212615
vt 0.887786 0.310534
vt 0.879220 0.257081
vt 0.887019 0.253867
vt 0.896813 0.310002
vt 0.949925 0.298882
vt 0.940802 0.298344
vt 0.948647 0.455546
vt 0.939492 0.455546
vt 0.999849 0.201311
vt 0.996767 0.194678
vt 0.188039 0.347719
vt 0.479569 0.882195
vt 0.479120 0.838257
vt 0.492543 0.793835
vt 0.524342 0.758998
vt 0.285005 0.347320
vt 0.312019 0.587745
vt 0.333611 0.631864
vt 0.342969 0.675892
vt 0.381879 0.346926
vt 0.422803 0.346763
vt 0.333228 0.347123
vt 0.086830 0.348120
vt 0.038206 0.348318
vt 0.000000 0.348476
vt 0.823081 0.528981
vt 0.782969 0.528981
vt 0.735569 0.528981
vt 0.683996 0.528981
vt 0.668599 0.528981
vt 0.650241 0.528981
vt 0.599316 0.528981
vt 0.581532 0.528981
vt 0.565773 0.528981
vt 0.514446 0.528981
vt 0.467313 0.528981
vt 0.430166 0.528981
vt 0.889050 0.465565
vt 0.898110 0.465565
vt 0.245163 0.089624
vt 0.276862 0.097613
vt 0.248601 0.147201
vt 0.228614 0.151200
vt 0.255007 0.048001
vt 0.292204 0.053712
vt 0.189838 0.151152
vt 0.173753 0.089340
vt 0.164215 0.047654
vt 0.109087 0.105649
vt 0.143053 0.096683
vt 0.170307 0.147237
vt 0.142438 0.140413
vt 0.088151 0.061478
vt 0.128166 0.052861
vt 0.327125 0.195367
vt 0.322872 0.135389
vt 0.371102 0.133103
vt 0.376091 0.192509
vt 0.283206 0.198263
vt 0.278518 0.139341
vt 0.253493 0.200100
vt 0.230574 0.201114
vt 0.188183 0.201332
vt 0.165935 0.200470
vt 0.138268 0.199101
vt 0.091548 0.196437
vt 0.095246 0.136701
vt 0.042633 0.194075
vt 0.047108 0.134742
vt 0.770022 0.898336
vt 0.752257 0.890009
vt 0.729652 0.848517
vt 0.758569 0.848754
vt 0.718609 0.804142
vt 0.750501 0.804404
vt 0.833832 0.849372
vt 0.821455 0.898758
vt 0.842675 0.805160
vt 0.854020 0.884049
vt 0.838787 0.890929
vt 0.861840 0.849602
vt 0.886455 0.849804
vt 0.873556 0.805414
vt 0.900695 0.805636
vt 0.729497 0.682734
vt 0.775187 0.685631
vt 0.769348 0.739564
vt 0.726143 0.736246
vt 0.683308 0.680683
vt 0.681794 0.734350
vt 0.648993 0.679897
vt 0.667655 0.680346
vt 0.666290 0.734035
vt 0.647720 0.733133
vt 0.599941 0.679428
vt 0.600078 0.732341
vt 0.566046 0.679734
vt 0.581951 0.679588
vt 0.582337 0.732615
vt 0.566814 0.732545
vt 0.520312 0.681433
vt 0.523583 0.734071
vt 0.474959 0.684220
vt 0.481289 0.737453
vt 0.705633 0.848320
vt 0.692120 0.803925
vt 0.737502 0.883092
vt 0.310069 0.106681
vt 0.331302 0.062391
vt 0.003329 0.192377
vt 0.004455 0.132262
vt 0.418129 0.190302
vt 0.415586 0.130268
vt 0.306274 0.009039
vt 0.340304 0.018285
vt 0.265738 0.000516
vt 0.153822 0.000000
vt 0.114506 0.009078
vt 0.079706 0.019113
vt 0.966668 0.698477
vt 0.949878 0.669466
vt 0.957582 0.666227
vt 0.972232 0.693651
vt 0.996767 0.716414
vt 0.999849 0.709782
vt 0.768195 0.967357
vt 0.662436 0.967348
vt 0.665502 0.960750
vt 0.764794 0.960750
vt 0.869930 0.705321
vt 0.837156 0.723722
vt 0.833773 0.717150
vt 0.863750 0.700583
vt 0.887019 0.677263
vt 0.879220 0.674049
vt 0.896813 0.621128
vt 0.887786 0.620596
vt 0.940802 0.612749
vt 0.949925 0.612211
vt 0.901040 0.763502
vt 0.883761 0.759264
vt 0.442876 0.742561
vt 0.437259 0.687174
vt 0.809978 0.744467
vt 0.815946 0.688764
vt 0.709292 0.758228
vt 0.692481 0.759986
vt 0.741759 0.754410
vt 0.852236 0.755316
vt 0.855300 0.505081
vt 0.852151 0.505056
vt 0.852151 0.261003
vt 0.855300 0.261002
vt 0.858450 0.505095
vt 0.858450 0.261001
vt 0.861598 0.505097
vt 0.861598 0.261002
vt 0.864748 0.505089
vt 0.864748 0.261003
vt 0.836402 0.504993
vt 0.833252 0.505005
vt 0.833252 0.261003
vt 0.836402 0.261005
vt 0.839552 0.504984
vt 0.839552 0.261006
vt 0.842701 0.504986
vt 0.842701 0.261006
vt 0.845851 0.505001
vt 0.845851 0.261006
vt 0.849000 0.261005
vt 0.849000 0.505027
vt 0.930819 0.719765
vt 0.930819 0.704330
vt 0.933973 0.704271
vt 0.933973 0.720004
vt 0.937128 0.704278
vt 0.937128 0.720136
vt 0.940282 0.704368
vt 0.940282 0.720127
vt 0.943436 0.704522
vt 0.943436 0.720022
vt 0.911891 0.719510
vt 0.911891 0.704091
vt 0.915045 0.704256
vt 0.915045 0.719347
vt 0.918200 0.704387
vt 0.918200 0.719227
vt 0.921354 0.704458
vt 0.921354 0.719206
vt 0.924509 0.704463
vt 0.924509 0.719302
vt 0.927663 0.704410
vt 0.927663 0.719504
vt 0.930819 0.731607
vt 0.933973 0.731712
vt 0.937128 0.731734
vt 0.940282 0.731643
vt 0.943436 0.731459
vt 0.911891 0.731737
vt 0.915045 0.731561
vt 0.918200 0.731442
vt 0.921354 0.731390
vt 0.924509 0.731407
vt 0.927663 0.731488
vt 0.930819 0.745561
vt 0.933973 0.745418
vt 0.937128 0.745342
vt 0.940282 0.745345
vt 0.943436 0.745416
vt 0.911891 0.745770
vt 0.915045 0.745869
vt 0.918200 0.745943
vt 0.921354 0.745950
vt 0.924509 0.745874
vt 0.927663 0.745730
vt 0.933973 0.849635
vt 0.930819 0.849649
vt 0.937128 0.849629
vt 0.940282 0.849633
vt 0.943436 0.849645
vt 0.915045 0.849671
vt 0.911891 0.849656
vt 0.918200 0.849684
vt 0.921354 0.849688
vt 0.924509 0.849682
vt 0.927663 0.849667
vt 0.924509 0.687041
vt 0.927663 0.687067
vt 0.921354 0.687026
vt 0.918200 0.687024
vt 0.915045 0.687033
vt 0.911891 0.687045
vt 0.940282 0.687137
vt 0.943436 0.687129
vt 0.937128 0.687135
vt 0.933973 0.687121
vt 0.930819 0.687096
vt 0.990183 0.254945
vt 0.990183 0.494090
vt 0.987034 0.494091
vt 0.987034 0.254970
vt 0.993333 0.254931
vt 0.993333 0.494090
vt 0.996482 0.254929
vt 0.996482 0.494090
vt 0.999631 0.254937
vt 0.999631 0.494091
vt 0.971285 0.255033
vt 0.971285 0.494093
vt 0.968135 0.494091
vt 0.968135 0.255020
vt 0.974434 0.255042
vt 0.974434 0.494094
vt 0.977584 0.255040
vt 0.977584 0.494095
vt 0.980734 0.255025
vt 0.980734 0.494094
vt 0.983883 0.254999
vt 0.983883 0.494093
vt 0.976156 0.856098
vt 0.976156 0.871839
vt 0.973002 0.871767
vt 0.973002 0.856337
vt 0.979311 0.855964
vt 0.979311 0.871835
vt 0.982464 0.855970
vt 0.982464 0.871736
vt 0.985619 0.856068
vt 0.985619 0.871562
vt 0.957229 0.856756
vt 0.957229 0.871832
vt 0.954074 0.872017
vt 0.954074 0.856599
vt 0.960383 0.856873
vt 0.960383 0.871685
vt 0.963538 0.856892
vt 0.963538 0.871607
vt 0.966692 0.856796
vt 0.966692 0.871606
vt 0.969846 0.856596
vt 0.969846 0.871671
vt 0.976156 0.844724
vt 0.973002 0.844819
vt 0.979311 0.844708
vt 0.982464 0.844801
vt 0.985619 0.844985
vt 0.957229 0.844846
vt 0.954074 0.844671
vt 0.960383 0.844967
vt 0.963538 0.845020
vt 0.966692 0.845007
vt 0.969846 0.844932
vt 0.976156 0.830747
vt 0.973002 0.830601
vt 0.979311 0.830826
vt 0.982464 0.830820
vt 0.985619 0.830745
vt 0.957229 0.830290
vt 0.954074 0.830393
vt 0.960383 0.830212
vt 0.963538 0.830203
vt 0.966692 0.830280
vt 0.969846 0.830427
vt 0.973002 0.726521
vt 0.976156 0.726535
vt 0.979311 0.726542
vt 0.982464 0.726538
vt 0.985619 0.726525
vt 0.954074 0.726514
vt 0.957229 0.726499
vt 0.960383 0.726486
vt 0.963538 0.726482
vt 0.966692 0.726488
vt 0.969846 0.726503
vt 0.966692 0.889074
vt 0.963538 0.889090
vt 0.960383 0.889092
vt 0.957229 0.889082
vt 0.954074 0.889070
vt 0.985619 0.888986
vt 0.982464 0.888978
vt 0.979311 0.888980
vt 0.976156 0.888994
vt 0.973002 0.889019
vt 0.969846 0.889048
vt 0.655552 0.898355
vt 0.701102 0.898355
vt 0.699543 0.914403
vt 0.654732 0.914403
vt 0.737250 0.898355
vt 0.735104 0.914403
vt 0.747844 0.909174
vt 0.791477 0.909174
vt 0.792262 0.924546
vt 0.749337 0.924546
vt 0.839843 0.909174
vt 0.839843 0.924546
vt 0.888210 0.909174
vt 0.887425 0.924546
vt 0.931843 0.909174
vt 0.930349 0.924546
vt 0.724753 0.940867
vt 0.688604 0.940867
vt 0.687046 0.924819
vt 0.722607 0.924819
vt 0.643054 0.940867
vt 0.642235 0.924819
vt 0.592563 0.940867
vt 0.592563 0.924819
vt 0.542070 0.940867
vt 0.542890 0.924819
vt 0.496521 0.940867
vt 0.498080 0.924819
vt 0.460372 0.940867
vt 0.462518 0.924819
vt 0.919343 0.950335
vt 0.875710 0.950335
vt 0.874925 0.934962
vt 0.917849 0.934962
vt 0.827344 0.950335
vt 0.827344 0.934962
vt 0.778977 0.950335
vt 0.779763 0.934962
vt 0.735345 0.950335
vt 0.736839 0.934962
vt 0.472871 0.898355
vt 0.509019 0.898355
vt 0.510578 0.914403
vt 0.475017 0.914403
vt 0.554568 0.898355
vt 0.555388 0.914403
vt 0.605060 0.898355
vt 0.605060 0.914403
vt 0.439795 0.760716
vt 0.461201 0.802728
vt 0.317874 0.849297
vt 0.406455 0.727376
vt 0.364444 0.705970
vt 0.317874 0.698594
vt 0.271304 0.705970
vt 0.229293 0.727376
vt 0.195953 0.760716
vt 0.174547 0.802728
vt 0.167171 0.849297
vt 0.174547 0.895867
vt 0.195953 0.937878
vt 0.229293 0.971218
vt 0.271304 0.992624
vt 0.317874 1.000000
vt 0.364444 0.992624
vt 0.406455 0.971218
vt 0.439795 0.937878
vt 0.461201 0.895867
vt 0.468577 0.849297
vt 0.447817 0.227801
vt 0.432786 0.181540
vt 0.450232 0.178779
vt 0.463556 0.219784
vt 0.432786 0.132897
vt 0.450219 0.135659
vt 0.447818 0.086636
vt 0.463566 0.094661
vt 0.476409 0.047284
vt 0.488896 0.059775
vt 0.515761 0.018693
vt 0.523778 0.034431
vt 0.562023 0.003661
vt 0.564783 0.021107
vt 0.610665 0.003662
vt 0.607900 0.021106
vt 0.656926 0.018693
vt 0.648905 0.034429
vt 0.696278 0.047284
vt 0.683788 0.059772
vt 0.724869 0.086636
vt 0.709131 0.094653
vt 0.739902 0.132898
vt 0.722455 0.135659
vt 0.739900 0.181540
vt 0.722456 0.178775
vt 0.724869 0.227802
vt 0.709133 0.219781
vt 0.696279 0.267154
vt 0.683790 0.254663
vt 0.656926 0.295745
vt 0.648909 0.280006
vt 0.610664 0.310776
vt 0.607904 0.293330
vt 0.562023 0.310776
vt 0.564787 0.293331
vt 0.515761 0.295745
vt 0.523781 0.280008
vt 0.476408 0.267153
vt 0.488899 0.254666
vt 0.458507 0.177464
vt 0.471020 0.215977
vt 0.458519 0.136973
vt 0.471010 0.098453
vt 0.494824 0.065696
vt 0.527585 0.041895
vt 0.566098 0.029382
vt 0.606593 0.029383
vt 0.645105 0.041897
vt 0.677866 0.065699
vt 0.701668 0.098461
vt 0.714181 0.136973
vt 0.714180 0.177468
vt 0.701666 0.215980
vt 0.677863 0.248741
vt 0.645101 0.272543
vt 0.606589 0.285055
vt 0.566094 0.285055
vt 0.527581 0.272541
vt 0.494821 0.248738
vt 0.046794 0.000000
vt 0.058461 0.000000
vt 0.054006 0.023315
vt 0.044451 0.023315
vt 0.067720 0.000000
vt 0.061588 0.023315
vt 0.098428 0.861778
vt 0.109604 0.861778
vt 0.111848 0.884112
vt 0.102696 0.884112
vt 0.121993 0.861778
vt 0.121993 0.884112
vt 0.134382 0.861778
vt 0.132139 0.884112
vt 0.145559 0.861778
vt 0.141291 0.884112
vt 0.585360 0.951283
vt 0.594619 0.951283
vt 0.599075 0.974598
vt 0.591492 0.974598
vt 0.606287 0.951283
vt 0.608629 0.974598
vt 0.619220 0.951283
vt 0.619220 0.974598
vt 0.632153 0.951283
vt 0.629811 0.974598
vt 0.643821 0.951283
vt 0.639365 0.974598
vt 0.653080 0.951283
vt 0.646948 0.974598
vt 0.896267 0.860855
vt 0.907443 0.860855
vt 0.909687 0.883189
vt 0.900535 0.883189
vt 0.919833 0.860855
vt 0.919833 0.883189
vt 0.932222 0.860855
vt 0.929978 0.883189
vt 0.943398 0.860855
vt 0.939130 0.883189
vt 0.000000 0.000000
vt 0.009259 0.000000
vt 0.013715 0.023315
vt 0.006132 0.023315
vt 0.020927 0.000000
vt 0.023269 0.023315
vt 0.033860 0.000000
vt 0.033860 0.023315
vt 0.706255 0.977770
vt 0.717961 0.977770
vt 0.717791 0.980909
vt 0.706166 0.980909
vt 0.727250 0.977770
vt 0.727016 0.980909
vt 0.785231 0.980779
vt 0.774019 0.980779
vt 0.773933 0.977773
vt 0.785068 0.977773
vt 0.761590 0.980779
vt 0.761590 0.977773
vt 0.749161 0.980779
vt 0.749247 0.977773
vt 0.737949 0.980779
vt 0.738112 0.977773
vt 0.486648 0.983263
vt 0.477359 0.983263
vt 0.477189 0.980125
vt 0.486414 0.980125
vt 0.465654 0.983263
vt 0.465564 0.980125
vt 0.452679 0.983263
vt 0.452679 0.980125
vt 0.439703 0.983263
vt 0.439793 0.980125
vt 0.427998 0.983263
vt 0.428168 0.980125
vt 0.418709 0.983263
vt 0.418943 0.980125
vt 0.497347 0.980124
vt 0.508560 0.980124
vt 0.508645 0.983131
vt 0.497510 0.983131
vt 0.520989 0.980124
vt 0.520989 0.983131
vt 0.533417 0.980124
vt 0.533332 0.983131
vt 0.544629 0.980124
vt 0.544467 0.983131
vt 0.659311 0.977770
vt 0.668600 0.977770
vt 0.668770 0.980909
vt 0.659545 0.980909
vt 0.680305 0.977770
vt 0.680394 0.980909
vt 0.693280 0.977770
vt 0.693280 0.980909
vt 0.830208 0.737136
vt 0.839498 0.737136
vt 0.839926 0.740370
vt 0.831022 0.740370
vt 0.822837 0.737136
vt 0.823957 0.740370
vt 0.441148 0.296077
vt 0.432250 0.296077
vt 0.433029 0.292979
vt 0.441558 0.292979
vt 0.451012 0.296077
vt 0.451012 0.292979
vt 0.460875 0.296077
vt 0.460465 0.292979
vt 0.469774 0.296077
vt 0.468994 0.292979
vt 0.765632 0.291139
vt 0.758260 0.291139
vt 0.759380 0.287905
vt 0.766445 0.287905
vt 0.774921 0.291139
vt 0.775349 0.287905
vt 0.785218 0.291139
vt 0.785218 0.287905
vt 0.795515 0.291139
vt 0.795087 0.287905
vt 0.804804 0.291139
vt 0.803991 0.287905
vt 0.812176 0.291139
vt 0.811056 0.287905
vt 0.497851 0.753661
vt 0.506749 0.753661
vt 0.505970 0.756758
vt 0.497441 0.756758
vt 0.487987 0.753661
vt 0.487987 0.756758
vt 0.478124 0.753661
vt 0.478533 0.756758
vt 0.469225 0.753661
vt 0.470005 0.756758
vt 0.869381 0.737136
vt 0.876753 0.737136
vt 0.875633 0.740370
vt 0.868568 0.740370
vt 0.860092 0.737136
vt 0.859664 0.740370
vt 0.849795 0.737136
vt 0.849795 0.740370
vt 0.413248 0.640871
vt 0.407212 0.649179
vt 0.402164 0.646607
vt 0.405338 0.636841
vt 0.419525 0.647149
vt 0.411218 0.653184
vt 0.423556 0.655059
vt 0.413790 0.658232
vt 0.424945 0.663828
vt 0.414676 0.663828
vt 0.423556 0.672596
vt 0.413790 0.669423
vt 0.419525 0.680506
vt 0.411218 0.674471
vt 0.413248 0.686784
vt 0.407212 0.678476
vt 0.405338 0.690814
vt 0.402164 0.681048
vt 0.396569 0.692203
vt 0.396569 0.681935
vt 0.387800 0.690814
vt 0.390974 0.681048
vt 0.379890 0.686784
vt 0.385926 0.678476
vt 0.373613 0.680506
vt 0.381920 0.674471
vt 0.369582 0.672596
vt 0.379348 0.669423
vt 0.368193 0.663828
vt 0.378462 0.663828
vt 0.369582 0.655059
vt 0.379348 0.658232
vt 0.373613 0.647149
vt 0.381920 0.653184
vt 0.379890 0.640871
vt 0.385926 0.649179
vt 0.387800 0.636841
vt 0.390974 0.646607
vt 0.396569 0.635452
vt 0.396569 0.645720
vt 0.113587 0.705202
vt 0.113580 0.819538
vt 0.106483 0.819538
vt 0.106487 0.705202
vt 0.120678 0.819539
vt 0.120688 0.705202
vt 0.127788 0.705203
vt 0.127776 0.819539
vt 0.134887 0.705204
vt 0.134874 0.819540
vt 0.141985 0.705204
vt 0.141973 0.819541
vt 0.007111 0.705208
vt 0.007101 0.819537
vt 0.000002 0.819536
vt 0.000014 0.705207
vt 0.014208 0.705208
vt 0.014200 0.819537
vt 0.021304 0.705208
vt 0.021300 0.819538
vt 0.028399 0.705208
vt 0.028399 0.819538
vt 0.035496 0.705208
vt 0.035500 0.819538
vt 0.042592 0.705208
vt 0.042599 0.819538
vt 0.049688 0.705207
vt 0.049698 0.819538
vt 0.056786 0.705207
vt 0.056798 0.819538
vt 0.063884 0.705206
vt 0.063896 0.819538
vt 0.070983 0.705205
vt 0.070994 0.819538
vt 0.078083 0.705204
vt 0.078093 0.819538
vt 0.085183 0.705203
vt 0.085190 0.819537
vt 0.092284 0.705203
vt 0.092288 0.819538
vt 0.099385 0.705202
vt 0.099385 0.819538
vt 0.141373 0.992569
vt 0.140202 0.968904
vt 0.146734 0.968905
vt 0.149025 0.992569
vt 0.133422 0.968904
vt 0.133978 0.992568
vt 0.126476 0.968903
vt 0.126705 0.992568
vt 0.119418 0.968903
vt 0.119481 0.992567
vt 0.112283 0.968903
vt 0.112272 0.992567
vt 0.105097 0.968904
vt 0.105062 0.992568
vt 0.097877 0.968904
vt 0.097844 0.992568
vt 0.090639 0.968904
vt 0.090620 0.992569
vt 0.083389 0.968905
vt 0.083391 0.992570
vt 0.076140 0.968906
vt 0.076162 0.992571
vt 0.068901 0.968906
vt 0.068937 0.992572
vt 0.061680 0.968907
vt 0.061718 0.992573
vt 0.054495 0.968907
vt 0.054507 0.992573
vt 0.047359 0.968907
vt 0.047296 0.992573
vt 0.040301 0.968907
vt 0.040071 0.992573
vt 0.033355 0.968907
vt 0.032796 0.992573
vt 0.026574 0.968906
vt 0.025400 0.992572
vt 0.020042 0.968906
vt 0.017747 0.992571
vt 0.013909 0.968905
vt 0.009591 0.992570
vt 0.152867 0.968905
vt 0.157181 0.992570
vt 0.140516 0.962265
vt 0.141344 0.953144
vt 0.147957 0.953144
vt 0.147111 0.962266
vt 0.133701 0.962265
vt 0.134388 0.953143
vt 0.126714 0.962264
vt 0.127249 0.953143
vt 0.119611 0.962264
vt 0.120013 0.953143
vt 0.112432 0.962264
vt 0.112722 0.953143
vt 0.105203 0.962265
vt 0.105403 0.953143
vt 0.097945 0.962265
vt 0.098070 0.953144
vt 0.090671 0.962266
vt 0.090730 0.953144
vt 0.083389 0.962266
vt 0.083388 0.953145
vt 0.076107 0.962267
vt 0.076046 0.953145
vt 0.068833 0.962267
vt 0.068706 0.953146
vt 0.061574 0.962268
vt 0.061373 0.953146
vt 0.054346 0.962268
vt 0.054055 0.953147
vt 0.047166 0.962268
vt 0.046764 0.953147
vt 0.040064 0.962268
vt 0.039528 0.953147
vt 0.033076 0.962268
vt 0.032390 0.953146
vt 0.026260 0.962268
vt 0.025434 0.953146
vt 0.019666 0.962267
vt 0.018821 0.953146
vt 0.013255 0.962266
vt 0.012865 0.953145
vt 0.153912 0.953145
vt 0.153522 0.962266
vt 0.127839 0.946845
vt 0.135238 0.946845
vt 0.120420 0.946844
vt 0.113001 0.946844
vt 0.105587 0.946845
vt 0.098182 0.946845
vt 0.090783 0.946846
vt 0.083388 0.946847
vt 0.075993 0.946847
vt 0.068594 0.946848
vt 0.061189 0.946849
vt 0.053776 0.946849
vt 0.046357 0.946849
vt 0.038939 0.946849
vt 0.031540 0.946849
vt 0.024209 0.946848
vt 0.017051 0.946848
vt 0.010308 0.946847
vt 0.149728 0.946846
vt 0.156471 0.946847
vt 0.142570 0.946845
vt 0.477437 0.139969
vt 0.477438 0.174467
vt 0.488098 0.207277
vt 0.508375 0.235186
vt 0.536284 0.255464
vt 0.569094 0.266125
vt 0.603592 0.266125
vt 0.636401 0.255464
vt 0.664311 0.235187
vt 0.684588 0.207278
vt 0.695249 0.174468
vt 0.695249 0.139970
vt 0.684589 0.107161
vt 0.664312 0.079251
vt 0.636402 0.058974
vt 0.603593 0.048313
vt 0.569095 0.048313
vt 0.536285 0.058973
vt 0.508376 0.079250
vt 0.488099 0.107160
vt 0.519147 0.146575
vt 0.519147 0.167861
vt 0.525724 0.188105
vt 0.538236 0.205326
vt 0.555456 0.217837
vt 0.575700 0.224415
vt 0.596986 0.224416
vt 0.617229 0.217838
vt 0.634450 0.205327
vt 0.646962 0.188106
vt 0.653539 0.167862
vt 0.653539 0.146576
vt 0.646962 0.126332
vt 0.634451 0.109112
vt 0.617231 0.096600
vt 0.596987 0.090022
vt 0.575701 0.090022
vt 0.555457 0.096599
vt 0.538236 0.109111
vt 0.525725 0.126331
vt 0.429125 0.182120
vt 0.429125 0.132318
vt 0.444515 0.229485
vt 0.473788 0.269775
vt 0.514079 0.299048
vt 0.561442 0.314437
vt 0.611246 0.314437
vt 0.658609 0.299047
vt 0.698899 0.269774
vt 0.728171 0.229483
vt 0.743562 0.182119
vt 0.743560 0.132317
vt 0.728171 0.084953
vt 0.698899 0.044662
vt 0.658609 0.015389
vt 0.611245 0.000000
vt 0.561442 0.000000
vt 0.514078 0.015390
vt 0.473787 0.044663
vt 0.444514 0.084954
vt 0.547845 0.151122
vt 0.547845 0.163317
vt 0.551614 0.174915
vt 0.558782 0.184782
vt 0.568649 0.191949
vt 0.580247 0.195718
vt 0.592442 0.195717
vt 0.604040 0.191948
vt 0.613906 0.184780
vt 0.621073 0.174914
vt 0.624842 0.163315
vt 0.624841 0.151120
vt 0.621073 0.139522
vt 0.613905 0.129656
vt 0.604038 0.122488
vt 0.592440 0.118720
vt 0.580245 0.118720
vt 0.568647 0.122489
vt 0.558781 0.129657
vt 0.551613 0.139524
vt 0.128511 0.937821
vt 0.136267 0.937821
vt 0.120863 0.937821
vt 0.113292 0.937821
vt 0.105774 0.937821
vt 0.098293 0.937822
vt 0.090834 0.937823
vt 0.083387 0.937824
vt 0.075940 0.937825
vt 0.068481 0.937826
vt 0.061001 0.937826
vt 0.053484 0.937827
vt 0.045914 0.937827
vt 0.038267 0.937827
vt 0.030512 0.937826
vt 0.022607 0.937826
vt 0.014493 0.937825
vt 0.006078 0.937824
vt 0.152287 0.937823
vt 0.160702 0.937824
vt 0.144173 0.937822
vt 0.137559 0.912241
vt 0.146304 0.912242
vt 0.129309 0.912240
vt 0.121362 0.912240
vt 0.113605 0.912240
vt 0.105967 0.912241
vt 0.098403 0.912242
vt 0.090883 0.912243
vt 0.083385 0.912244
vt 0.075887 0.912245
vt 0.068368 0.912247
vt 0.060806 0.912247
vt 0.053170 0.912248
vt 0.045415 0.912248
vt 0.037470 0.912248
vt 0.029222 0.912248
vt 0.020479 0.912247
vt 0.010922 0.912246
vt 0.000000 0.912244
vt 0.155862 0.912243
vt 0.166785 0.912244
vt 0.413986 0.020652
vt 0.420340 0.016036
vt 0.425865 0.026880
vt 0.418396 0.029307
vt 0.059938 0.045091
vt 0.049834 0.039942
vt 0.050572 0.037671
vt 0.061342 0.043158
vt 0.407117 0.013783
vt 0.411733 0.007430
vt 0.067957 0.053109
vt 0.069889 0.051705
vt 0.398462 0.009373
vt 0.400889 0.001904
vt 0.073105 0.063213
vt 0.075377 0.062475
vt 0.388868 0.007853
vt 0.388868 0.000000
vt 0.074879 0.074413
vt 0.077268 0.074413
vt 0.379273 0.009373
vt 0.376846 0.001904
vt 0.073105 0.085614
vt 0.075377 0.086352
vt 0.370618 0.013783
vt 0.366002 0.007430
vt 0.067957 0.095718
vt 0.069889 0.097122
vt 0.363749 0.020652
vt 0.357396 0.016036
vt 0.059938 0.103736
vt 0.061342 0.105669
vt 0.359339 0.029307
vt 0.351870 0.026880
vt 0.049834 0.108885
vt 0.050572 0.111156
vt 0.357819 0.038902
vt 0.349966 0.038902
vt 0.038634 0.110659
vt 0.038634 0.113047
vt 0.359339 0.048496
vt 0.351870 0.050923
vt 0.027433 0.108885
vt 0.026695 0.111156
vt 0.363749 0.057151
vt 0.357396 0.061767
vt 0.017329 0.103736
vt 0.015925 0.105669
vt 0.370618 0.064020
vt 0.366002 0.070374
vt 0.009311 0.095718
vt 0.007378 0.097122
vt 0.379273 0.068430
vt 0.376846 0.075899
vt 0.004163 0.085614
vt 0.001891 0.086352
vt 0.388868 0.069950
vt 0.388868 0.077803
vt 0.002389 0.074413
vt 0.000000 0.074413
vt 0.398462 0.068430
vt 0.400889 0.075899
vt 0.004163 0.063213
vt 0.001891 0.062475
vt 0.407117 0.064020
vt 0.411733 0.070374
vt 0.009311 0.053109
vt 0.007378 0.051705
vt 0.413986 0.057151
vt 0.420340 0.061767
vt 0.017329 0.045091
vt 0.015925 0.043158
vt 0.418396 0.048496
vt 0.425865 0.050923
vt 0.027433 0.039942
vt 0.026695 0.037671
vt 0.419916 0.038902
vt 0.427769 0.038902
vt 0.038634 0.038168
vt 0.038634 0.035780
vt 0.389302 0.583297
vt 0.393372 0.591284
vt 0.391102 0.592022
vt 0.387371 0.584699
vt 0.382963 0.576958
vt 0.381560 0.578888
vt 0.374975 0.572888
vt 0.374238 0.575157
vt 0.366121 0.571485
vt 0.366121 0.573872
vt 0.357266 0.572888
vt 0.358004 0.575157
vt 0.349279 0.576958
vt 0.350681 0.578888
vt 0.342940 0.583297
vt 0.344870 0.584699
vt 0.338870 0.591284
vt 0.341139 0.592022
vt 0.337467 0.600139
vt 0.339854 0.600139
vt 0.338870 0.608993
vt 0.341139 0.608256
vt 0.342940 0.616981
vt 0.344870 0.615578
vt 0.349279 0.623320
vt 0.350681 0.621389
vt 0.357266 0.627390
vt 0.358004 0.625120
vt 0.366121 0.628792
vt 0.366121 0.626406
vt 0.374975 0.627390
vt 0.374238 0.625120
vt 0.382963 0.623320
vt 0.381560 0.621389
vt 0.389302 0.616981
vt 0.387371 0.615578
vt 0.393372 0.608993
vt 0.391102 0.608256
vt 0.394774 0.600139
vt 0.392388 0.600139
vt 0.831022 0.734138
vt 0.839926 0.734138
vt 0.823957 0.734138
vt 0.441558 0.298948
vt 0.433029 0.298948
vt 0.451012 0.298948
vt 0.460466 0.298948
vt 0.468994 0.298948
vt 0.766445 0.294137
vt 0.759380 0.294137
vt 0.775349 0.294137
vt 0.785218 0.294137
vt 0.795087 0.294137
vt 0.803991 0.294137
vt 0.811056 0.294137
vt 0.497441 0.750789
vt 0.505970 0.750789
vt 0.487987 0.750789
vt 0.478533 0.750789
vt 0.470005 0.750789
vt 0.868568 0.734138
vt 0.875633 0.734138
vt 0.859664 0.734138
vt 0.849795 0.734138
vt 0.873461 0.897220
vt 0.865541 0.897220
vt 0.865541 0.893604
vt 0.873461 0.893604
vt 0.883442 0.897220
vt 0.883442 0.893604
vt 0.894505 0.897220
vt 0.894505 0.893604
vt 0.905569 0.897220
vt 0.905569 0.893604
vt 0.915549 0.897220
vt 0.915549 0.893604
vt 0.923470 0.897220
vt 0.923470 0.893604
vt 0.826512 0.977773
vt 0.836073 0.977773
vt 0.836073 0.981236
vt 0.826512 0.981236
vt 0.815914 0.977773
vt 0.815914 0.981236
vt 0.805317 0.977773
vt 0.805317 0.981236
vt 0.795756 0.977773
vt 0.795756 0.981236
vt 0.146353 0.894527
vt 0.154274 0.894527
vt 0.154274 0.898143
vt 0.146353 0.898143
vt 0.136373 0.894527
vt 0.136373 0.898143
vt 0.125309 0.894527
vt 0.125309 0.898143
vt 0.114246 0.894527
vt 0.114246 0.898143
vt 0.104265 0.894527
vt 0.104265 0.898143
vt 0.096345 0.894527
vt 0.096345 0.898143
vt 0.856353 0.981236
vt 0.846793 0.981236
vt 0.846793 0.977773
vt 0.856353 0.977773
vt 0.866951 0.981236
vt 0.866951 0.977773
vt 0.877549 0.981236
vt 0.877549 0.977773
vt 0.887110 0.977773
vt 0.887110 0.981236
vt 0.113579 0.831939
vt 0.120676 0.831939
vt 0.120676 0.844069
vt 0.113579 0.844069
vt 0.106482 0.831939
vt 0.106482 0.844069
vt 0.099385 0.831939
vt 0.099385 0.844069
vt 0.092288 0.831938
vt 0.092288 0.844067
vt 0.085192 0.831938
vt 0.085192 0.844067
vt 0.078094 0.831938
vt 0.078094 0.844067
vt 0.070997 0.831938
vt 0.070997 0.844068
vt 0.063899 0.831939
vt 0.063899 0.844069
vt 0.056800 0.831939
vt 0.056799 0.844070
vt 0.049700 0.831940
vt 0.049700 0.844072
vt 0.042600 0.831941
vt 0.042600 0.844074
vt 0.035500 0.831941
vt 0.035500 0.844075
vt 0.028399 0.831941
vt 0.028399 0.844075
vt 0.021299 0.831941
vt 0.021299 0.844074
vt 0.014199 0.831941
vt 0.014199 0.844074
vt 0.007099 0.831941
vt 0.007099 0.844074
vt 0.000000 0.831941
vt 0.000000 0.844076
vt 0.134872 0.831940
vt 0.141971 0.831941
vt 0.141971 0.844071
vt 0.134872 0.844070
vt 0.127774 0.831940
vt 0.127774 0.844069
vt 0.014200 0.851364
vt 0.007101 0.851365
vt 0.000001 0.851369
vt 0.141972 0.851362
vt 0.134873 0.851359
vt 0.127775 0.851357
vt 0.120677 0.851358
vt 0.113580 0.851359
vt 0.106483 0.851359
vt 0.099385 0.851357
vt 0.092288 0.851356
vt 0.085191 0.851356
vt 0.078094 0.851356
vt 0.070996 0.851357
vt 0.063898 0.851359
vt 0.056798 0.851361
vt 0.049699 0.851363
vt 0.042600 0.851365
vt 0.035500 0.851367
vt 0.028399 0.851367
vt 0.021300 0.851366
vt 0.795676 0.214092
vt 0.785291 0.228400
vt 0.780444 0.225950
vt 0.785903 0.209120
vt 0.803428 0.221848
vt 0.789122 0.232245
vt 0.808404 0.231618
vt 0.791586 0.237085
vt 0.810119 0.242447
vt 0.792434 0.242452
vt 0.808404 0.253276
vt 0.791583 0.247818
vt 0.803426 0.263045
vt 0.789113 0.252656
vt 0.795673 0.270797
vt 0.785271 0.256493
vt 0.785904 0.275775
vt 0.780432 0.258956
vt 0.775075 0.277490
vt 0.775068 0.259803
vt 0.764246 0.275774
vt 0.769704 0.258951
vt 0.754477 0.270797
vt 0.764866 0.256483
vt 0.746724 0.263044
vt 0.761029 0.252641
vt 0.741747 0.253274
vt 0.758565 0.247801
vt 0.740032 0.242445
vt 0.757718 0.242438
vt 0.741748 0.231616
vt 0.758570 0.237074
vt 0.746726 0.221847
vt 0.761039 0.232237
vt 0.754478 0.214095
vt 0.764880 0.228400
vt 0.764247 0.209117
vt 0.769716 0.225937
vt 0.775077 0.207402
vt 0.775081 0.225092
vt 0.780377 0.235086
vt 0.777850 0.233782
vt 0.782397 0.237079
vt 0.783702 0.239602
vt 0.784161 0.242406
vt 0.783730 0.245215
vt 0.782450 0.247752
vt 0.780450 0.249769
vt 0.777925 0.251071
vt 0.775120 0.251530
vt 0.772311 0.251098
vt 0.769772 0.249821
vt 0.767753 0.247821
vt 0.766450 0.245296
vt 0.765992 0.242490
vt 0.766423 0.239680
vt 0.767702 0.237142
vt 0.769701 0.235123
vt 0.772228 0.233817
vt 0.775035 0.233357
vt 0.778101 0.238350
vt 0.776694 0.237598
vt 0.779220 0.239489
vt 0.779940 0.240914
vt 0.780177 0.242493
vt 0.779914 0.244065
vt 0.779177 0.245481
vt 0.778038 0.246599
vt 0.776609 0.247311
vt 0.775033 0.247548
vt 0.773457 0.247284
vt 0.772040 0.246547
vt 0.770924 0.245409
vt 0.770211 0.243981
vt 0.769976 0.242401
vt 0.770238 0.240828
vt 0.770976 0.239411
vt 0.772115 0.238293
vt 0.773544 0.237577
vt 0.775120 0.237332
vt 0.380836 0.093857
vt 0.380907 0.088219
vt 0.383864 0.088219
vt 0.383763 0.093857
vt 0.386892 0.088220
vt 0.386756 0.093857
vt 0.390016 0.088220
vt 0.389854 0.093857
vt 0.393254 0.088220
vt 0.393124 0.093858
vt 0.334472 0.093858
vt 0.334342 0.088220
vt 0.337581 0.088221
vt 0.337741 0.093858
vt 0.340704 0.088221
vt 0.340840 0.093858
vt 0.343732 0.088221
vt 0.343832 0.093859
vt 0.346688 0.088221
vt 0.346759 0.093859
vt 0.349594 0.088221
vt 0.349643 0.093859
vt 0.352466 0.088221
vt 0.352499 0.093859
vt 0.355314 0.088221
vt 0.355336 0.093858
vt 0.358149 0.088221
vt 0.358162 0.093858
vt 0.360975 0.088220
vt 0.360981 0.093858
vt 0.363796 0.088220
vt 0.363797 0.093857
vt 0.366618 0.088220
vt 0.366613 0.093857
vt 0.369444 0.088219
vt 0.369432 0.093857
vt 0.372279 0.088219
vt 0.372258 0.093857
vt 0.375128 0.088219
vt 0.375096 0.093857
vt 0.378001 0.088219
vt 0.377952 0.093856
vt 0.385506 0.027312
vt 0.382787 0.023569
vt 0.385612 0.022129
vt 0.387041 0.026529
vt 0.384287 0.028530
vt 0.380545 0.025811
vt 0.383505 0.030066
vt 0.379105 0.028636
vt 0.383235 0.031768
vt 0.378609 0.031768
vt 0.383505 0.033470
vt 0.379105 0.034900
vt 0.384287 0.035006
vt 0.380545 0.037725
vt 0.385506 0.036224
vt 0.382787 0.039967
vt 0.387041 0.037007
vt 0.385612 0.041406
vt 0.388743 0.037276
vt 0.388743 0.041902
vt 0.390446 0.037007
vt 0.391875 0.041406
vt 0.391981 0.036224
vt 0.394700 0.039967
vt 0.393200 0.035006
vt 0.396942 0.037725
vt 0.393982 0.033470
vt 0.398382 0.034900
vt 0.394252 0.031768
vt 0.398878 0.031768
vt 0.393982 0.030066
vt 0.398382 0.028636
vt 0.393200 0.028530
vt 0.396942 0.025811
vt 0.391981 0.027312
vt 0.394700 0.023569
vt 0.390446 0.026529
vt 0.391875 0.022129
vt 0.388743 0.026260
vt 0.388743 0.021633
vt 0.382975 0.103919
vt 0.380314 0.103919
vt 0.385565 0.103919
vt 0.388049 0.103920
vt 0.390368 0.103920
vt 0.339546 0.103920
vt 0.337226 0.103920
vt 0.342029 0.103920
vt 0.344619 0.103920
vt 0.347281 0.103920
vt 0.349987 0.103920
vt 0.352723 0.103920
vt 0.355478 0.103920
vt 0.358245 0.103920
vt 0.361020 0.103920
vt 0.363798 0.103920
vt 0.366575 0.103919
vt 0.369349 0.103919
vt 0.372117 0.103919
vt 0.374872 0.103919
vt 0.377608 0.103919
vt 0.383574 0.115843
vt 0.380699 0.115842
vt 0.386495 0.115843
vt 0.389482 0.115843
vt 0.392557 0.115843
vt 0.338112 0.115844
vt 0.335037 0.115843
vt 0.341099 0.115844
vt 0.344019 0.115844
vt 0.346895 0.115844
vt 0.349741 0.115844
vt 0.352569 0.115844
vt 0.355383 0.115844
vt 0.358191 0.115844
vt 0.360996 0.115844
vt 0.363798 0.115843
vt 0.366600 0.115843
vt 0.369405 0.115843
vt 0.372212 0.115842
vt 0.375027 0.115842
vt 0.377853 0.115842
vt 0.383602 0.119176
vt 0.380715 0.119175
vt 0.386546 0.119176
vt 0.389597 0.119176
vt 0.392892 0.119177
vt 0.337996 0.119177
vt 0.334701 0.119177
vt 0.341047 0.119177
vt 0.343992 0.119177
vt 0.346879 0.119178
vt 0.349732 0.119178
vt 0.352562 0.119178
vt 0.355379 0.119177
vt 0.358189 0.119177
vt 0.360995 0.119177
vt 0.363798 0.119176
vt 0.366602 0.119176
vt 0.369408 0.119176
vt 0.372217 0.119175
vt 0.375032 0.119175
vt 0.377863 0.119175
vt 0.542269 0.955577
vt 0.548625 0.955577
vt 0.548623 0.960971
vt 0.542268 0.960971
vt 0.554979 0.955577
vt 0.554980 0.960972
vt 0.561341 0.955578
vt 0.561351 0.960973
vt 0.567727 0.955579
vt 0.567804 0.960973
vt 0.574246 0.955580
vt 0.574694 0.960974
vt 0.446759 0.955580
vt 0.453279 0.955580
vt 0.453201 0.960975
vt 0.446311 0.960974
vt 0.459665 0.955581
vt 0.459653 0.960975
vt 0.466025 0.955581
vt 0.466025 0.960976
vt 0.472381 0.955581
vt 0.472382 0.960976
vt 0.478736 0.955581
vt 0.478737 0.960976
vt 0.485089 0.955581
vt 0.485090 0.960976
vt 0.491442 0.955581
vt 0.491443 0.960975
vt 0.497795 0.955580
vt 0.497796 0.960975
vt 0.504148 0.955579
vt 0.504149 0.960974
vt 0.510502 0.955579
vt 0.510502 0.960973
vt 0.516856 0.955578
vt 0.516856 0.960972
vt 0.523209 0.955577
vt 0.523209 0.960972
vt 0.529562 0.955577
vt 0.529562 0.960971
vt 0.535916 0.955577
vt 0.535915 0.960971
vt 0.542267 0.965904
vt 0.548621 0.965904
vt 0.548620 0.969705
vt 0.542267 0.969705
vt 0.554974 0.965904
vt 0.554968 0.969706
vt 0.561326 0.965905
vt 0.561298 0.969706
vt 0.567686 0.965905
vt 0.567538 0.969707
vt 0.574102 0.965906
vt 0.573297 0.969707
vt 0.446902 0.965906
vt 0.453318 0.965907
vt 0.453465 0.969708
vt 0.447706 0.969707
vt 0.459678 0.965908
vt 0.459706 0.969709
vt 0.466031 0.965908
vt 0.466036 0.969709
vt 0.472383 0.965908
vt 0.472384 0.969709
vt 0.478737 0.965908
vt 0.478738 0.969709
vt 0.485091 0.965908
vt 0.485091 0.969709
vt 0.491443 0.965908
vt 0.491444 0.969708
vt 0.497797 0.965907
vt 0.497798 0.969708
vt 0.504149 0.965906
vt 0.504151 0.969707
vt 0.510503 0.965905
vt 0.510503 0.969707
vt 0.516856 0.965905
vt 0.516856 0.969706
vt 0.523209 0.965904
vt 0.523208 0.969706
vt 0.529562 0.965904
vt 0.529562 0.969705
vt 0.535914 0.965904
vt 0.535915 0.969705
vt 0.554976 0.951283
vt 0.561314 0.951284
vt 0.548625 0.951283
vt 0.542270 0.951283
vt 0.535916 0.951283
vt 0.529562 0.951283
vt 0.523208 0.951283
vt 0.516855 0.951284
vt 0.510501 0.951284
vt 0.504148 0.951285
vt 0.497795 0.951286
vt 0.491441 0.951286
vt 0.485088 0.951286
vt 0.478735 0.951287
vt 0.472381 0.951287
vt 0.466029 0.951287
vt 0.459692 0.951286
vt 0.453434 0.951286
vt 0.447612 0.951285
vt 0.567573 0.951285
vt 0.573394 0.951285
vt 0.575602 0.147183
vt 0.575041 0.150722
vt 0.568174 0.150722
vt 0.569071 0.145061
vt 0.577228 0.143991
vt 0.571673 0.139954
vt 0.579762 0.141457
vt 0.575726 0.135902
vt 0.582954 0.139830
vt 0.580833 0.133299
vt 0.586493 0.139270
vt 0.586493 0.132402
vt 0.590033 0.139830
vt 0.592155 0.133299
vt 0.593225 0.141457
vt 0.597262 0.135902
vt 0.595759 0.143991
vt 0.601314 0.139954
vt 0.597385 0.147183
vt 0.603916 0.145061
vt 0.597946 0.150722
vt 0.604813 0.150722
vt 0.597385 0.154261
vt 0.603916 0.156383
vt 0.595759 0.157454
vt 0.601314 0.161490
vt 0.593225 0.159987
vt 0.597262 0.165543
vt 0.590033 0.161614
vt 0.592155 0.168145
vt 0.586493 0.162175
vt 0.586493 0.169042
vt 0.582954 0.161614
vt 0.580833 0.168145
vt 0.579762 0.159987
vt 0.575726 0.165543
vt 0.577228 0.157454
vt 0.571673 0.161490
vt 0.575602 0.154261
vt 0.569071 0.156383
vt 0.919382 0.210877
vt 0.914408 0.217467
vt 0.911615 0.216043
vt 0.914318 0.208297
vt 0.923401 0.214896
vt 0.916625 0.219684
vt 0.925981 0.219960
vt 0.918049 0.222477
vt 0.926870 0.225573
vt 0.918539 0.225573
vt 0.925981 0.231187
vt 0.918049 0.228670
vt 0.923401 0.236251
vt 0.916625 0.231463
vt 0.919382 0.240270
vt 0.914408 0.233680
vt 0.914318 0.242850
vt 0.911615 0.235104
vt 0.908704 0.243740
vt 0.908518 0.235594
vt 0.903091 0.242850
vt 0.905422 0.235104
vt 0.898027 0.240270
vt 0.902628 0.233680
vt 0.894008 0.236251
vt 0.900411 0.231463
vt 0.891428 0.231187
vt 0.898988 0.228670
vt 0.890538 0.225573
vt 0.898498 0.225573
vt 0.891428 0.219960
vt 0.898988 0.222477
vt 0.894008 0.214896
vt 0.900411 0.219684
vt 0.898027 0.210877
vt 0.902628 0.217467
vt 0.903091 0.208297
vt 0.905422 0.216043
vt 0.908704 0.207407
vt 0.908518 0.215553
vt 0.189657 0.706104
vt 0.192090 0.706104
vt 0.192085 0.708267
vt 0.189654 0.708266
vt 0.194552 0.706104
vt 0.194541 0.708267
vt 0.197070 0.706105
vt 0.197045 0.708267
vt 0.199711 0.706105
vt 0.199651 0.708267
vt 0.202649 0.706105
vt 0.202458 0.708268
vt 0.152589 0.706105
vt 0.155527 0.706106
vt 0.155586 0.708268
vt 0.152779 0.708268
vt 0.158167 0.706106
vt 0.158192 0.708268
vt 0.160686 0.706106
vt 0.160697 0.708269
vt 0.163146 0.706106
vt 0.163152 0.708269
vt 0.165578 0.706106
vt 0.165582 0.708269
vt 0.167996 0.706106
vt 0.167998 0.708269
vt 0.170406 0.706106
vt 0.170407 0.708268
vt 0.172812 0.706105
vt 0.172812 0.708268
vt 0.175215 0.706105
vt 0.175216 0.708268
vt 0.177617 0.706105
vt 0.177618 0.708267
vt 0.180019 0.706105
vt 0.180019 0.708267
vt 0.182423 0.706104
vt 0.182423 0.708267
vt 0.184829 0.706104
vt 0.184828 0.708267
vt 0.187239 0.706104
vt 0.187238 0.708266
vt 0.192037 0.711604
vt 0.189629 0.711604
vt 0.194444 0.711604
vt 0.196846 0.711605
vt 0.199225 0.711605
vt 0.201540 0.711605
vt 0.156011 0.711605
vt 0.153696 0.711605
vt 0.158391 0.711606
vt 0.160792 0.711606
vt 0.163200 0.711606
vt 0.165607 0.711606
vt 0.168013 0.711606
vt 0.170415 0.711606
vt 0.172817 0.711605
vt 0.175218 0.711605
vt 0.177618 0.711605
vt 0.180017 0.711605
vt 0.182418 0.711604
vt 0.184820 0.711604
vt 0.187223 0.711604
vt 0.191900 0.721260
vt 0.189534 0.721260
vt 0.194250 0.721260
vt 0.196570 0.721261
vt 0.198837 0.721261
vt 0.201007 0.721261
vt 0.156398 0.721261
vt 0.154228 0.721261
vt 0.158665 0.721261
vt 0.160986 0.721262
vt 0.163335 0.721262
vt 0.165702 0.721262
vt 0.168078 0.721261
vt 0.170459 0.721261
vt 0.172844 0.721261
vt 0.175231 0.721261
vt 0.177618 0.721261
vt 0.180006 0.721260
vt 0.182393 0.721260
vt 0.184777 0.721260
vt 0.187159 0.721260
vt 0.191954 0.726122
vt 0.189557 0.726122
vt 0.194368 0.726123
vt 0.196820 0.726123
vt 0.199351 0.726123
vt 0.202044 0.726124
vt 0.155883 0.726124
vt 0.153190 0.726124
vt 0.158415 0.726124
vt 0.160867 0.726124
vt 0.163282 0.726124
vt 0.165679 0.726124
vt 0.168070 0.726124
vt 0.170458 0.726124
vt 0.172845 0.726124
vt 0.175232 0.726123
vt 0.177619 0.726123
vt 0.180005 0.726123
vt 0.182392 0.726123
vt 0.184779 0.726122
vt 0.187166 0.726122
vt 0.191957 0.727865
vt 0.189558 0.727864
vt 0.194375 0.727865
vt 0.196835 0.727865
vt 0.199385 0.727865
vt 0.202136 0.727866
vt 0.155850 0.727866
vt 0.153099 0.727866
vt 0.158400 0.727866
vt 0.160860 0.727866
vt 0.163279 0.727866
vt 0.165678 0.727866
vt 0.168070 0.727866
vt 0.170458 0.727866
vt 0.172846 0.727866
vt 0.175232 0.727865
vt 0.177619 0.727865
vt 0.180005 0.727865
vt 0.182392 0.727865
vt 0.184779 0.727865
vt 0.187167 0.727864
vt 0.739616 0.045234
vt 0.742299 0.046602
vt 0.741164 0.048052
vt 0.738980 0.046938
vt 0.744429 0.048732
vt 0.742898 0.049785
vt 0.745797 0.051416
vt 0.744011 0.051970
vt 0.746268 0.054391
vt 0.744394 0.054391
vt 0.745797 0.057366
vt 0.744011 0.056812
vt 0.744429 0.060050
vt 0.742898 0.058997
vt 0.742299 0.062180
vt 0.741164 0.060730
vt 0.739616 0.063547
vt 0.738980 0.061843
vt 0.736640 0.064019
vt 0.736558 0.062227
vt 0.733665 0.063547
vt 0.734137 0.061843
vt 0.730981 0.062180
vt 0.731952 0.060730
vt 0.728851 0.060050
vt 0.730219 0.058997
vt 0.727484 0.057366
vt 0.729106 0.056812
vt 0.727013 0.054391
vt 0.728722 0.054391
vt 0.727484 0.051416
vt 0.729106 0.051970
vt 0.728851 0.048732
vt 0.730219 0.049785
vt 0.730981 0.046602
vt 0.731952 0.048052
vt 0.733665 0.045234
vt 0.734137 0.046938
vt 0.736640 0.044763
vt 0.736558 0.046555
vt 0.739416 0.050458
vt 0.738061 0.049767
vt 0.740491 0.051533
vt 0.741182 0.052888
vt 0.741420 0.054391
vt 0.741182 0.055893
vt 0.740491 0.057248
vt 0.739416 0.058324
vt 0.738061 0.059014
vt 0.736558 0.059252
vt 0.735056 0.059014
vt 0.733701 0.058324
vt 0.732625 0.057248
vt 0.731935 0.055893
vt 0.731697 0.054391
vt 0.731935 0.052888
vt 0.732625 0.051533
vt 0.733701 0.050458
vt 0.735056 0.049767
vt 0.736558 0.049529
vt 0.738809 0.051294
vt 0.736558 0.050562
vt 0.740199 0.053208
vt 0.740199 0.055574
vt 0.738809 0.057488
vt 0.736558 0.058219
vt 0.734308 0.057488
vt 0.732917 0.055574
vt 0.732917 0.053208
vt 0.734308 0.051294
vt 0.966624 0.514240
vt 0.968724 0.514068
vt 0.968724 0.522344
vt 0.966624 0.522648
vt 0.970824 0.513961
vt 0.970824 0.522170
vt 0.972924 0.513962
vt 0.972924 0.522172
vt 0.975025 0.514070
vt 0.975025 0.522350
vt 0.977125 0.514239
vt 0.977125 0.522660
vt 0.979225 0.514402
vt 0.979225 0.523001
vt 0.981325 0.514494
vt 0.981325 0.523230
vt 0.960323 0.514518
vt 0.962423 0.514511
vt 0.962423 0.523200
vt 0.960323 0.523193
vt 0.964524 0.514407
vt 0.964524 0.522982
vt 0.966624 0.532354
vt 0.968724 0.531575
vt 0.968724 0.541718
vt 0.966624 0.542877
vt 0.970824 0.531137
vt 0.970824 0.541021
vt 0.972924 0.531133
vt 0.972924 0.541006
vt 0.975025 0.531565
vt 0.975025 0.541674
vt 0.977125 0.532336
vt 0.977125 0.542801
vt 0.979225 0.533173
vt 0.979225 0.543951
vt 0.981325 0.533710
vt 0.981325 0.544653
vt 0.960323 0.533748
vt 0.962423 0.533746
vt 0.962423 0.544808
vt 0.960323 0.544834
vt 0.964524 0.533201
vt 0.964524 0.544061
vt 0.838610 0.581676
vt 0.840743 0.581547
vt 0.840743 0.591382
vt 0.838610 0.591321
vt 0.842876 0.581523
vt 0.842876 0.591190
vt 0.845010 0.581516
vt 0.845010 0.591179
vt 0.847142 0.581560
vt 0.847142 0.591206
vt 0.849276 0.581648
vt 0.849276 0.591257
vt 0.851409 0.581756
vt 0.851409 0.591303
vt 0.853541 0.581832
vt 0.853541 0.591324
vt 0.832211 0.581840
vt 0.834344 0.581845
vt 0.834344 0.591440
vt 0.832211 0.591455
vt 0.836477 0.581777
vt 0.836477 0.591391
vt 0.838610 0.604788
vt 0.840743 0.604852
vt 0.840743 0.617940
vt 0.838610 0.617647
vt 0.842876 0.604888
vt 0.842876 0.618130
vt 0.845010 0.604892
vt 0.845010 0.618137
vt 0.847142 0.604863
vt 0.847142 0.617964
vt 0.849276 0.604802
vt 0.849276 0.617686
vt 0.851409 0.604725
vt 0.851409 0.617422
vt 0.853541 0.604663
vt 0.853541 0.617264
vt 0.832211 0.604662
vt 0.834344 0.604660
vt 0.834344 0.617191
vt 0.832211 0.617182
vt 0.836477 0.604717
vt 0.836477 0.617367
vt 0.836477 0.633890
vt 0.838611 0.634212
vt 0.838610 0.648883
vt 0.836477 0.648656
vt 0.834344 0.633702
vt 0.834344 0.648512
vt 0.832211 0.633702
vt 0.832211 0.648485
vt 0.851409 0.633909
vt 0.853541 0.633722
vt 0.853541 0.648711
vt 0.851409 0.648805
vt 0.849276 0.634227
vt 0.849276 0.648985
vt 0.847142 0.634565
vt 0.847142 0.649176
vt 0.845010 0.634780
vt 0.845010 0.649287
vt 0.842876 0.634777
vt 0.842876 0.649267
vt 0.840743 0.634555
vt 0.840743 0.649116
vt 0.964523 0.571271
vt 0.966624 0.570813
vt 0.966624 0.584201
vt 0.964524 0.584473
vt 0.962423 0.571546
vt 0.962423 0.584610
vt 0.960323 0.571559
vt 0.960323 0.584606
vt 0.979225 0.571209
vt 0.981325 0.571459
vt 0.981325 0.584638
vt 0.979225 0.584492
vt 0.977125 0.570771
vt 0.977125 0.584214
vt 0.975025 0.570319
vt 0.975025 0.583897
vt 0.972924 0.570038
vt 0.972924 0.583683
vt 0.970824 0.570045
vt 0.970824 0.583681
vt 0.968724 0.570343
vt 0.968724 0.583890
vt 0.966624 0.556515
vt 0.964523 0.557444
vt 0.962423 0.558008
vt 0.960323 0.557999
vt 0.981325 0.558041
vt 0.979225 0.557458
vt 0.977125 0.556519
vt 0.975025 0.555583
vt 0.972924 0.555009
vt 0.970824 0.555010
vt 0.968724 0.555583
vt 0.480063 0.003964
vt 0.480063 0.006133
vt 0.478599 0.006609
vt 0.478599 0.003488
vt 0.481338 0.007888
vt 0.480433 0.009133
vt 0.483401 0.008559
vt 0.483401 0.010098
vt 0.485464 0.007889
vt 0.486369 0.009134
vt 0.486739 0.006134
vt 0.488203 0.006610
vt 0.486740 0.003965
vt 0.488203 0.003489
vt 0.485465 0.002209
vt 0.486369 0.000965
vt 0.483401 0.001539
vt 0.483402 0.000000
vt 0.481338 0.002209
vt 0.480434 0.000964
vt 0.090569 0.117279
vt 0.093687 0.117413
vt 0.093699 0.119625
vt 0.090581 0.119490
vt 0.096807 0.117490
vt 0.096818 0.119701
vt 0.099927 0.117474
vt 0.099938 0.119685
vt 0.068743 0.117638
vt 0.071862 0.117528
vt 0.071874 0.119739
vt 0.068755 0.119849
vt 0.074978 0.117361
vt 0.074989 0.119572
vt 0.078094 0.117193
vt 0.078105 0.119405
vt 0.081213 0.117084
vt 0.081224 0.119295
vt 0.084332 0.117068
vt 0.084344 0.119279
vt 0.087452 0.117144
vt 0.087464 0.119355
vt 0.675206 0.009134
vt 0.673372 0.006609
vt 0.674574 0.006219
vt 0.675949 0.008112
vt 0.673372 0.003489
vt 0.674574 0.003879
vt 0.675206 0.000964
vt 0.675949 0.001987
vt 0.678174 0.000000
vt 0.678174 0.001264
vt 0.681141 0.000964
vt 0.680399 0.001986
vt 0.682976 0.003488
vt 0.681774 0.003879
vt 0.682976 0.006609
vt 0.681774 0.006219
vt 0.681142 0.009133
vt 0.680399 0.008111
vt 0.678174 0.010098
vt 0.678174 0.008834
vt 0.734694 0.281090
vt 0.738853 0.281885
vt 0.737858 0.285965
vt 0.734117 0.285465
vt 0.742784 0.282578
vt 0.742360 0.286428
vt 0.746359 0.282609
vt 0.747680 0.286711
vt 0.705908 0.283097
vt 0.709524 0.283180
vt 0.710143 0.287528
vt 0.705059 0.287348
vt 0.713484 0.282424
vt 0.714207 0.286934
vt 0.717631 0.281567
vt 0.717910 0.285747
vt 0.721873 0.280890
vt 0.721981 0.284540
vt 0.726028 0.280498
vt 0.726462 0.284171
vt 0.730383 0.280596
vt 0.730538 0.284699
vt 0.737427 0.290622
vt 0.733892 0.289371
vt 0.741706 0.292338
vt 0.747823 0.294541
vt 0.710377 0.293265
vt 0.704098 0.295394
vt 0.714756 0.291385
vt 0.718590 0.289774
vt 0.722525 0.288568
vt 0.726620 0.288113
vt 0.730421 0.288480
vt 0.732596 0.293724
vt 0.735405 0.295281
vt 0.733471 0.298165
vt 0.731441 0.296663
vt 0.738552 0.297933
vt 0.735254 0.300710
vt 0.742604 0.302251
vt 0.736364 0.304584
vt 0.709009 0.303494
vt 0.713780 0.299495
vt 0.717751 0.303424
vt 0.714293 0.306862
vt 0.717197 0.296573
vt 0.719710 0.299922
vt 0.720334 0.294581
vt 0.722063 0.297786
vt 0.723533 0.293331
vt 0.724522 0.296580
vt 0.726747 0.292772
vt 0.726932 0.296028
vt 0.729780 0.292912
vt 0.729239 0.296017
vt 0.727552 0.301953
vt 0.733658 0.308756
vt 0.966624 0.504905
vt 0.968724 0.504656
vt 0.970824 0.504510
vt 0.972924 0.504519
vt 0.975025 0.504685
vt 0.977125 0.504956
vt 0.979225 0.505241
vt 0.981325 0.505435
vt 0.960323 0.505291
vt 0.962423 0.505315
vt 0.964524 0.505160
vt 0.966624 0.596680
vt 0.964524 0.596678
vt 0.962423 0.596673
vt 0.960323 0.596669
vt 0.981325 0.596705
vt 0.979225 0.596703
vt 0.977125 0.596698
vt 0.975025 0.596684
vt 0.972924 0.596668
vt 0.970824 0.596664
vt 0.968724 0.596667
vt 0.838610 0.569061
vt 0.840743 0.569048
vt 0.842876 0.569046
vt 0.845010 0.569049
vt 0.847142 0.569066
vt 0.849276 0.569080
vt 0.851409 0.569086
vt 0.853541 0.569087
vt 0.832211 0.569051
vt 0.834344 0.569055
vt 0.836477 0.569060
vt 0.982717 0.000338
vt 0.983188 0.000324
vt 0.983188 0.183231
vt 0.982717 0.183217
vt 0.983632 0.000298
vt 0.983632 0.183258
vt 0.984054 0.000257
vt 0.984054 0.183298
vt 0.984539 0.000206
vt 0.984539 0.183349
vt 0.985043 0.000136
vt 0.985044 0.183419
vt 0.985611 0.000067
vt 0.985611 0.183488
vt 0.986185 0.000025
vt 0.986185 0.183530
vt 0.986758 0.000006
vt 0.986759 0.183549
vt 0.987359 0.000001
vt 0.987359 0.183554
vt 0.987856 0.000000
vt 0.987857 0.183555
vt 0.988385 0.000001
vt 0.988385 0.183554
vt 0.988963 0.000006
vt 0.988963 0.183549
vt 0.989547 0.000025
vt 0.989547 0.183530
vt 0.990125 0.000067
vt 0.990125 0.183488
vt 0.990683 0.000136
vt 0.990683 0.183419
vt 0.991197 0.000206
vt 0.991197 0.183349
vt 0.991675 0.000257
vt 0.991675 0.183298
vt 0.992103 0.000298
vt 0.992103 0.183257
vt 0.992544 0.000324
vt 0.992544 0.183231
vt 0.993017 0.000338
vt 0.993017 0.183217
vn 0.513759 -0.772474 -0.373277
vn 0.281445 -0.937535 -0.204493
vn 0.107510 -0.937531 -0.330874
vn 0.196233 -0.772473 -0.603968
vn 0.196233 -0.772473 -0.603968
vn 0.107510 -0.937531 -0.330874
vn -0.107504 -0.937532 -0.330873
vn -0.196237 -0.772472 -0.603969
vn -0.196237 -0.772472 -0.603969
vn -0.107504 -0.937532 -0.330873
vn -0.281444 -0.937534 -0.204500
vn -0.513764 -0.772471 -0.373277
vn -0.513764 -0.772471 -0.373277
vn -0.281444 -0.937534 -0.204500
vn -0.347898 -0.937532 0.000000
vn -0.635052 -0.772470 0.000000
vn -0.635052 -0.772470 0.000000
vn -0.347898 -0.937532 0.000000
vn -0.281453 -0.937531 0.204500
vn -0.513764 -0.772471 0.373276
vn -0.513764 -0.772471 0.373276
vn -0.281453 -0.937531 0.204500
vn -0.107513 -0.937530 0.330874
vn -0.196239 -0.772471 0.603969
vn -0.196239 -0.772471 0.603969
vn -0.107513 -0.937530 0.330874
vn 0.107518 -0.937530 0.330875
vn 0.196239 -0.772472 0.603969
vn 0.196239 -0.772472 0.603969
vn 0.107518 -0.937530 0.330875
vn 0.281455 -0.937532 0.204494
vn 0.513764 -0.772471 0.373275
vn 0.513764 -0.772471 0.373275
vn 0.281455 -0.937532 0.204494
vn 0.347885 -0.937537 0.000000
vn 0.635051 -0.772470 0.000000
vn 0.635051 -0.772470 0.000000
vn 0.347885 -0.937537 0.000000
vn 0.281445 -0.937535 -0.204493
vn 0.513759 -0.772474 -0.373277
vn 0.196233 -0.772473 -0.603968
vn 0.253565 -0.571567 -0.780395
vn 0.663848 -0.571560 -0.482312
vn 0.513759 -0.772474 -0.373277
vn -0.196237 -0.772472 -0.603969
vn -0.253565 -0.571568 -0.780394
vn 0.253565 -0.571567 -0.780395
vn 0.196233 -0.772473 -0.603968
vn -0.513764 -0.772471 -0.373277
vn -0.663847 -0.571562 -0.482312
vn -0.253565 -0.571568 -0.780394
vn -0.196237 -0.772472 -0.603969
vn -0.635052 -0.772470 0.000000
vn -0.820560 -0.571561 0.000000
vn -0.663847 -0.571562 -0.482312
vn -0.513764 -0.772471 -0.373277
vn -0.513764 -0.772471 0.373276
vn -0.663845 -0.571561 0.482315
vn -0.820560 -0.571561 0.000000
vn -0.635052 -0.772470 0.000000
vn -0.196239 -0.772471 0.603969
vn -0.253566 -0.571564 0.780397
vn -0.663845 -0.571561 0.482315
vn -0.513764 -0.772471 0.373276
vn 0.196239 -0.772472 0.603969
vn 0.253570 -0.571563 0.780396
vn -0.253566 -0.571564 0.780397
vn -0.196239 -0.772471 0.603969
vn 0.513764 -0.772471 0.373275
vn 0.663850 -0.571558 0.482312
vn 0.253570 -0.571563 0.780396
vn 0.196239 -0.772472 0.603969
vn 0.635051 -0.772470 0.000000
vn 0.820561 -0.571559 0.000000
vn 0.663850 -0.571558 0.482312
vn 0.513764 -0.772471 0.373275
vn 0.513759 -0.772474 -0.373277
vn 0.663848 -0.571560 -0.482312
vn 0.820561 -0.571559 0.000000
vn 0.635051 -0.772470 0.000000
vn 0.253565 -0.571567 -0.780395
vn 0.288406 -0.359086 -0.887626
vn 0.755059 -0.359087 -0.548583
vn 0.663848 -0.571560 -0.482312
vn -0.253565 -0.571568 -0.780394
vn -0.288408 -0.359087 -0.887625
vn 0.288406 -0.359086 -0.887626
vn 0.253565 -0.571567 -0.780395
vn -0.663847 -0.571562 -0.482312
vn -0.755057 -0.359089 -0.548584
vn -0.288408 -0.359087 -0.887625
vn -0.253565 -0.571568 -0.780394
vn -0.820560 -0.571561 0.000000
vn -0.933302 -0.359093 0.000000
vn -0.755057 -0.359089 -0.548584
vn -0.663847 -0.571562 -0.482312
vn -0.663845 -0.571561 0.482315
vn -0.755057 -0.359089 0.548584
vn -0.933302 -0.359093 0.000000
vn -0.820560 -0.571561 0.000000
vn -0.253566 -0.571564 0.780397
vn -0.288408 -0.359088 0.887624
vn -0.755057 -0.359089 0.548584
vn -0.663845 -0.571561 0.482315
vn 0.253570 -0.571563 0.780396
vn 0.288408 -0.359088 0.887624
vn -0.288408 -0.359088 0.887624
vn -0.253566 -0.571564 0.780397
vn 0.663850 -0.571558 0.482312
vn 0.755060 -0.359087 0.548582
vn 0.288408 -0.359088 0.887624
vn 0.253570 -0.571563 0.780396
vn 0.820561 -0.571559 0.000000
vn 0.933304 -0.359088 0.000000
vn 0.755060 -0.359087 0.548582
vn 0.663850 -0.571558 0.482312
vn 0.663848 -0.571560 -0.482312
vn 0.755059 -0.359087 -0.548583
vn 0.933304 -0.359088 0.000000
vn 0.820561 -0.571559 0.000000
vn 0.288406 -0.359086 -0.887626
vn 0.304399 -0.172204 -0.936850
vn 0.796935 -0.172205 -0.578999
vn 0.755059 -0.359087 -0.548583
vn -0.288408 -0.359087 -0.887625
vn -0.304397 -0.172204 -0.936850
vn 0.304399 -0.172204 -0.936850
vn 0.288406 -0.359086 -0.887626
vn -0.755057 -0.359089 -0.548584
vn -0.796932 -0.172205 -0.579003
vn -0.304397 -0.172204 -0.936850
vn -0.288408 -0.359087 -0.887625
vn -0.933302 -0.359093 0.000000
vn -0.985061 -0.172206 0.000000
vn -0.796932 -0.172205 -0.579003
vn -0.755057 -0.359089 -0.548584
vn -0.755057 -0.359089 0.548584
vn -0.796931 -0.172205 0.579005
vn -0.985061 -0.172206 0.000000
vn -0.933302 -0.359093 0.000000
vn -0.288408 -0.359088 0.887624
vn -0.304395 -0.172204 0.936851
vn -0.796931 -0.172205 0.579005
vn -0.755057 -0.359089 0.548584
vn 0.288408 -0.359088 0.887624
vn 0.304397 -0.172205 0.936850
vn -0.304395 -0.172204 0.936851
vn -0.288408 -0.359088 0.887624
vn 0.755060 -0.359087 0.548582
vn 0.796935 -0.172205 0.578999
vn 0.304397 -0.172205 0.936850
vn 0.288408 -0.359088 0.887624
vn 0.933304 -0.359088 0.000000
vn 0.985061 -0.172204 0.000000
vn 0.796935 -0.172205 0.578999
vn 0.755060 -0.359087 0.548582
vn 0.755059 -0.359087 -0.548583
vn 0.796935 -0.172205 -0.578999
vn 0.985061 -0.172204 0.000000
vn 0.933304 -0.359088 0.000000
vn 0.304399 -0.172204 -0.936850
vn 0.309018 0.000001 -0.951056
vn 0.809019 0.000001 -0.587782
vn 0.796935 -0.172205 -0.578999
vn -0.304397 -0.172204 -0.936850
vn -0.309016 -0.000000 -0.951057
vn 0.309018 0.000001 -0.951056
vn 0.304399 -0.172204 -0.936850
vn -0.796932 -0.172205 -0.579003
vn -0.809015 -0.000000 -0.587788
vn -0.309016 -0.000000 -0.951057
vn -0.304397 -0.172204 -0.936850
vn -0.985061 -0.172206 0.000000
vn -1.000000 0.000000 0.000000
vn -0.809015 -0.000000 -0.587788
vn -0.796932 -0.172205 -0.579003
vn -0.796931 -0.172205 0.579005
vn -0.809014 0.000000 0.587789
vn -1.000000 0.000000 0.000000
vn -0.985061 -0.172206 0.000000
vn -0.304395 -0.172204 0.936851
vn -0.309015 0.000000 0.951057
vn -0.809014 0.000000 0.587789
vn -0.796931 -0.172205 0.579005
vn 0.304397 -0.172205 0.936850
vn 0.309018 0.000000 0.951056
vn -0.309015 0.000000 0.951057
vn -0.304395 -0.172204 0.936851
vn 0.796935 -0.172205 0.578999
vn 0.809020 0.000000 0.587782
vn 0.309018 0.000000 0.951056
vn 0.304397 -0.172205 0.936850
vn 0.985061 -0.172204 0.000000
vn 1.000000 0.000000 0.000000
vn 0.809020 0.000000 0.587782
vn 0.796935 -0.172205 0.578999
vn 0.796935 -0.172205 -0.578999
vn 0.809019 0.000001 -0.587782
vn 1.000000 0.000000 0.000000
vn 0.985061 -0.172204 0.000000
vn 0.309018 0.000001 -0.951056
vn 0.304397 0.172205 -0.936850
vn 0.796934 0.172205 -0.579000
vn 0.809019 0.000001 -0.587782
vn -0.309016 -0.000000 -0.951057
vn -0.304395 0.172203 -0.936851
vn 0.304397 0.172205 -0.936850
vn 0.309018 0.000001 -0.951056
vn -0.809015 -0.000000 -0.587788
vn -0.796931 0.172205 -0.579004
vn -0.304395 0.172203 -0.936851
vn -0.309016 -0.000000 -0.951057
vn -1.000000 0.000000 0.000000
vn -0.985061 0.172206 -0.000000
vn -0.796931 0.172205 -0.579004
vn -0.809015 -0.000000 -0.587788
vn -0.809014 0.000000 0.587789
vn -0.796931 0.172205 0.579004
vn -0.985061 0.172206 -0.000000
vn -1.000000 0.000000 0.000000
vn -0.309015 0.000000 0.951057
vn -0.304396 0.172204 0.936851
vn -0.796931 0.172205 0.579004
vn -0.809014 0.000000 0.587789
vn 0.309018 0.000000 0.951056
vn 0.304398 0.172205 0.936850
vn -0.304396 0.172204 0.936851
vn -0.309015 0.000000 0.951057
vn 0.809020 0.000000 0.587782
vn 0.796934 0.172205 0.579000
vn 0.304398 0.172205 0.936850
vn 0.309018 0.000000 0.951056
vn 1.000000 0.000000 0.000000
vn 0.985061 0.172204 -0.000000
vn 0.796934 0.172205 0.579000
vn 0.809020 0.000000 0.587782
vn 0.809019 0.000001 -0.587782
vn 0.796934 0.172205 -0.579000
vn 0.985061 0.172204 -0.000000
vn 1.000000 0.000000 0.000000
vn 0.304397 0.172205 -0.936850
vn 0.289540 0.349404 -0.891114
vn 0.758027 0.349404 -0.550737
vn 0.796934 0.172205 -0.579000
vn -0.304395 0.172203 -0.936851
vn -0.289541 0.349404 -0.891113
vn 0.289540 0.349404 -0.891114
vn 0.304397 0.172205 -0.936850
vn -0.796931 0.172205 -0.579004
vn -0.758025 0.349407 -0.550739
vn -0.289541 0.349404 -0.891113
vn -0.304395 0.172203 -0.936851
vn -0.985061 0.172206 -0.000000
vn -0.936970 0.349411 -0.000000
vn -0.758025 0.349407 -0.550739
vn -0.796931 0.172205 -0.579004
vn -0.796931 0.172205 0.579004
vn -0.758026 0.349407 0.550738
vn -0.936970 0.349411 -0.000000
vn -0.985061 0.172206 -0.000000
vn -0.304396 0.172204 0.936851
vn -0.289542 0.349406 0.891112
vn -0.758026 0.349407 0.550738
vn -0.796931 0.172205 0.579004
vn 0.304398 0.172205 0.936850
vn 0.289539 0.349407 0.891113
vn -0.289542 0.349406 0.891112
vn -0.304396 0.172204 0.936851
vn 0.796934 0.172205 0.579000
vn 0.758027 0.349405 0.550737
vn 0.289539 0.349407 0.891113
vn 0.304398 0.172205 0.936850
vn 0.985061 0.172204 -0.000000
vn 0.936972 0.349405 -0.000000
vn 0.758027 0.349405 0.550737
vn 0.796934 0.172205 0.579000
vn 0.796934 0.172205 -0.579000
vn 0.758027 0.349404 -0.550737
vn 0.936972 0.349405 -0.000000
vn 0.985061 0.172204 -0.000000
vn 0.105485 0.939929 -0.324662
vn 0.276175 0.939929 -0.200653
vn 0.465997 0.609506 -0.641365
vn 0.240318 0.628663 -0.739615
vn -0.105484 0.939930 -0.324662
vn 0.105485 0.939929 -0.324662
vn 0.240318 0.628663 -0.739615
vn -0.240313 0.628664 -0.739616
vn -0.276171 0.939928 -0.200659
vn -0.105484 0.939930 -0.324662
vn -0.240313 0.628664 -0.739616
vn -0.629155 0.628662 -0.457108
vn -0.341372 0.939928 0.000001
vn -0.276171 0.939928 -0.200659
vn -0.629155 0.628662 -0.457108
vn -0.777679 0.628661 -0.000001
vn -0.276178 0.939926 0.200660
vn -0.341372 0.939928 0.000001
vn -0.777679 0.628661 -0.000001
vn -0.629158 0.628659 0.457108
vn -0.105493 0.939929 0.324662
vn -0.276178 0.939926 0.200660
vn -0.629158 0.628659 0.457108
vn -0.240318 0.628661 0.739616
vn 0.105485 0.939930 0.324662
vn -0.105493 0.939929 0.324662
vn -0.240318 0.628661 0.739616
vn 0.240316 0.628661 0.739617
vn 0.276175 0.939929 0.200652
vn 0.105485 0.939930 0.324662
vn 0.240316 0.628661 0.739617
vn 0.629161 0.628658 0.457107
vn 0.341377 0.939926 -0.000000
vn 0.276175 0.939929 0.200652
vn 0.629161 0.628658 0.457107
vn 0.777683 0.628657 -0.000000
vn 0.276175 0.939929 -0.200653
vn 0.341377 0.939926 -0.000000
vn 0.777683 0.628657 -0.000000
vn 0.753982 0.609500 -0.244991
vn 0.107510 -0.937531 -0.330874
vn 0.281445 -0.937535 -0.204493
vn -0.000002 -1.000000 0.000000
vn -0.107504 -0.937532 -0.330873
vn 0.107510 -0.937531 -0.330874
vn -0.000002 -1.000000 0.000000
vn -0.281444 -0.937534 -0.204500
vn -0.107504 -0.937532 -0.330873
vn -0.000002 -1.000000 0.000000
vn -0.347898 -0.937532 0.000000
vn -0.281444 -0.937534 -0.204500
vn -0.000002 -1.000000 0.000000
vn -0.281453 -0.937531 0.204500
vn -0.347898 -0.937532 0.000000
vn -0.000002 -1.000000 0.000000
vn -0.107513 -0.937530 0.330874
vn -0.281453 -0.937531 0.204500
vn -0.000002 -1.000000 0.000000
vn 0.107518 -0.937530 0.330875
vn -0.107513 -0.937530 0.330874
vn -0.000002 -1.000000 0.000000
vn 0.281455 -0.937532 0.204494
vn 0.107518 -0.937530 0.330875
vn -0.000002 -1.000000 0.000000
vn 0.347885 -0.937537 0.000000
vn 0.281455 -0.937532 0.204494
vn -0.000002 -1.000000 0.000000
vn 0.281445 -0.937535 -0.204493
vn 0.347885 -0.937537 0.000000
vn -0.000002 -1.000000 0.000000
vn -0.000004 1.000000 -0.000000
vn 0.276175 0.939929 -0.200653
vn 0.105485 0.939929 -0.324662
vn -0.000004 1.000000 -0.000000
vn 0.105485 0.939929 -0.324662
vn -0.105484 0.939930 -0.324662
vn -0.000004 1.000000 -0.000000
vn -0.105484 0.939930 -0.324662
vn -0.276171 0.939928 -0.200659
vn -0.000004 1.000000 -0.000000
vn -0.276171 0.939928 -0.200659
vn -0.341372 0.939928 0.000001
vn -0.000004 1.000000 -0.000000
vn -0.341372 0.939928 0.000001
vn -0.276178 0.939926 0.200660
vn -0.000004 1.000000 -0.000000
vn -0.276178 0.939926 0.200660
vn -0.105493 0.939929 0.324662
vn -0.000004 1.000000 -0.000000
vn -0.105493 0.939929 0.324662
vn 0.105485 0.939930 0.324662
vn -0.000004 1.000000 -0.000000
vn 0.105485 0.939930 0.324662
vn 0.276175 0.939929 0.200652
vn -0.000004 1.000000 -0.000000
vn 0.276175 0.939929 0.200652
vn 0.341377 0.939926 -0.000000
vn -0.000004 1.000000 -0.000000
vn 0.341377 0.939926 -0.000000
vn 0.276175 0.939929 -0.200653
vn 0.289540 0.349404 -0.891114
vn 0.240318 0.628663 -0.739615
vn 0.465997 0.609506 -0.641365
vn 0.758027 0.349404 -0.550737
vn -0.289541 0.349404 -0.891113
vn -0.240313 0.628664 -0.739616
vn 0.240318 0.628663 -0.739615
vn 0.289540 0.349404 -0.891114
vn -0.758025 0.349407 -0.550739
vn -0.629155 0.628662 -0.457108
vn -0.240313 0.628664 -0.739616
vn -0.289541 0.349404 -0.891113
vn -0.936970 0.349411 -0.000000
vn -0.777679 0.628661 -0.000001
vn -0.629155 0.628662 -0.457108
vn -0.758025 0.349407 -0.550739
vn -0.758026 0.349407 0.550738
vn -0.629158 0.628659 0.457108
vn -0.777679 0.628661 -0.000001
vn -0.936970 0.349411 -0.000000
vn -0.289542 0.349406 0.891112
vn -0.240318 0.628661 0.739616
vn -0.629158 0.628659 0.457108
vn -0.758026 0.349407 0.550738
vn 0.289539 0.349407 0.891113
vn 0.240316 0.628661 0.739617
vn -0.240318 0.628661 0.739616
vn -0.289542 0.349406 0.891112
vn 0.758027 0.349405 0.550737
vn 0.629161 0.628658 0.457107
vn 0.240316 0.628661 0.739617
vn 0.289539 0.349407 0.891113
vn 0.936972 0.349405 -0.000000
vn 0.777683 0.628657 -0.000000
vn 0.629161 0.628658 0.457107
vn 0.758027 0.349405 0.550737
vn 0.758027 0.349404 -0.550737
vn 0.753982 0.609500 -0.244991
vn 0.777683 0.628657 -0.000000
vn 0.936972 0.349405 -0.000000
vn 0.000000 -0.951057 -0.309016
vn 0.000000 -0.809017 -0.587785
vn 0.000000 -0.809017 -0.587785
vn 0.000000 -0.951057 -0.309016
vn 0.000000 -0.809017 -0.587785
vn 0.000000 -0.587783 -0.809019
vn 0.000000 -0.587783 -0.809019
vn 0.000000 -0.809017 -0.587785
vn 0.000000 -0.587783 -0.809019
vn 0.000000 -0.309017 -0.951057
vn 0.000000 -0.309017 -0.951057
vn 0.000000 -0.587783 -0.809019
vn 0.000000 -0.309017 -0.951057
vn 0.000000 -0.000000 -1.000000
vn 0.000000 -0.000000 -1.000000
vn 0.000000 -0.309017 -0.951057
vn 0.000000 -0.000000 -1.000000
vn 0.000000 0.309017 -0.951057
vn 0.000000 0.309017 -0.951057
vn 0.000000 -0.000000 -1.000000
vn 0.000000 0.309017 -0.951057
vn 0.000000 0.587786 -0.809017
vn 0.000000 0.587786 -0.809017
vn 0.000000 0.309017 -0.951057
vn 0.000000 0.587786 -0.809017
vn 0.000000 0.809017 -0.587785
vn 0.000000 0.809017 -0.587785
vn 0.000000 0.587786 -0.809017
vn 0.000000 0.809017 -0.587785
vn 0.000000 0.951056 -0.309020
vn 0.000000 0.951056 -0.309020
vn 0.000000 0.809017 -0.587785
vn 0.000000 0.951056 -0.309020
vn 0.000000 0.951056 -0.309020
vn 0.000000 1.000000 -0.000000
vn 0.000000 1.000000 -0.000000
vn 0.000000 1.000000 -0.000000
vn 0.000000 0.951056 0.309020
vn 0.000000 0.951056 0.309020
vn 0.000000 1.000000 -0.000000
vn 0.000000 0.951056 0.309020
vn 0.000000 0.809017 0.587785
vn 0.000000 0.809017 0.587785
vn 0.000000 0.951056 0.309020
vn 0.000000 0.809017 0.587785
vn 0.000000 0.587786 0.809017
vn 0.000000 0.587786 0.809017
vn 0.000000 0.809017 0.587785
vn 0.000000 0.587786 0.809017
vn 0.000000 0.309016 0.951057
vn 0.000000 0.309016 0.951057
vn 0.000000 0.587786 0.809017
vn 0.000000 0.309016 0.951057
vn 0.000000 0.000000 1.000000
vn 0.000000 0.000000 1.000000
vn 0.000000 0.309016 0.951057
vn 0.000000 0.000000 1.000000
vn 0.000000 -0.309016 0.951057
vn 0.000000 -0.309016 0.951057
vn 0.000000 0.000000 1.000000
vn 0.000000 -0.309016 0.951057
vn 0.000000 -0.587786 0.809017
vn 0.000000 -0.587786 0.809017
vn 0.000000 -0.309016 0.951057
vn 0.000000 -0.587786 0.809017
vn 0.000000 -0.809018 0.587784
vn 0.000000 -0.809018 0.587784
vn 0.000000 -0.587786 0.809017
vn 0.000000 -0.809018 0.587784
vn 0.000000 -0.951055 0.309020
vn 0.000000 -0.951055 0.309020
vn 0.000000 -0.809018 0.587784
vn 0.000000 -0.951055 0.309020
vn 0.000000 -1.000000 0.000000
vn 0.000000 -1.000000 0.000000
vn 0.000000 -0.951055 0.309020
vn 0.000000 -1.000000 0.000000
vn 0.000000 -0.951057 -0.309016
vn 0.000000 -0.951057 -0.309016
vn 0.000000 -1.000000 0.000000
vn 0.901500 -0.411596 -0.133738
vn 0.901500 -0.411596 -0.133738
vn 0.901500 -0.350125 -0.254381
vn 0.901500 -0.350125 -0.254381
vn 0.901500 -0.350125 -0.254381
vn 0.901500 -0.350125 -0.254381
vn 0.901502 -0.254379 -0.350123
vn 0.901502 -0.254378 -0.350123
vn 0.901502 -0.254378 -0.350123
vn 0.901502 -0.254379 -0.350123
vn 0.901501 -0.133734 -0.411595
vn 0.901501 -0.133734 -0.411595
vn 0.901501 -0.133734 -0.411595
vn 0.901501 -0.133734 -0.411595
vn 0.901501 -0.000000 -0.432778
vn 0.901501 -0.000000 -0.432778
vn 0.901501 -0.000000 -0.432778
vn 0.901501 -0.000000 -0.432778
vn 0.901501 0.133734 -0.411595
vn 0.901501 0.133734 -0.411595
vn 0.901501 0.133734 -0.411595
vn 0.901501 0.133734 -0.411595
vn 0.901500 0.254380 -0.350127
vn 0.901500 0.254380 -0.350127
vn 0.901500 0.254380 -0.350127
vn 0.901500 0.254380 -0.350127
vn 0.901500 0.350125 -0.254381
vn 0.901500 0.350125 -0.254381
vn 0.901500 0.350125 -0.254381
vn 0.901500 0.350125 -0.254381
vn 0.901501 0.411595 -0.133735
vn 0.901501 0.411595 -0.133735
vn 0.901501 0.411595 -0.133735
vn 0.901501 0.411595 -0.133735
vn 0.901501 0.432778 -0.000000
vn 0.901501 0.432778 -0.000000
vn 0.901501 0.432778 -0.000000
vn 0.901501 0.432778 -0.000000
vn 0.901501 0.411596 0.133737
vn 0.901500 0.411596 0.133738
vn 0.901500 0.411596 0.133738
vn 0.901501 0.411596 0.133737
vn 0.901500 0.350126 0.254382
vn 0.901500 0.350126 0.254382
vn 0.901500 0.350126 0.254382
vn 0.901500 0.350126 0.254382
vn 0.901500 0.254382 0.350126
vn 0.901500 0.254382 0.350126
vn 0.901500 0.254382 0.350126
vn 0.901500 0.254382 0.350126
vn 0.901501 0.133735 0.411596
vn 0.901501 0.133735 0.411596
vn 0.901501 0.133735 0.411596
vn 0.901501 0.133735 0.411596
vn 0.901501 0.000000 0.432778
vn 0.901501 0.000000 0.432778
vn 0.901501 0.000000 0.432778
vn 0.901501 0.000000 0.432778
vn 0.901501 -0.133735 0.411596
vn 0.901500 -0.133735 0.411597
vn 0.901500 -0.133735 0.411597
vn 0.901501 -0.133735 0.411596
vn 0.901500 -0.254380 0.350126
vn 0.901500 -0.254380 0.350126
vn 0.901500 -0.254380 0.350126
vn 0.901500 -0.254380 0.350126
vn 0.901500 -0.350125 0.254381
vn 0.901500 -0.350125 0.254381
vn 0.901500 -0.350125 0.254381
vn 0.901500 -0.350125 0.254381
vn 0.901501 -0.411595 0.133735
vn 0.901501 -0.411595 0.133736
vn 0.901501 -0.411595 0.133736
vn 0.901501 -0.411595 0.133735
vn 0.901500 -0.432779 0.000000
vn 0.901501 -0.432778 0.000000
vn 0.901501 -0.432778 0.000000
vn 0.901500 -0.432779 0.000000
vn 0.901500 -0.411596 -0.133738
vn 0.901500 -0.411596 -0.133738
vn 0.000000 -0.951056 -0.309018
vn 0.000000 -0.809017 -0.587785
vn 0.000000 -0.809017 -0.587785
vn 0.000000 -0.951056 -0.309018
vn 0.000000 -0.809017 -0.587785
vn 0.000000 -0.587787 -0.809016
vn 0.000000 -0.587787 -0.809016
vn 0.000000 -0.809017 -0.587785
vn 0.000000 -0.587787 -0.809016
vn 0.000000 -0.309016 -0.951057
vn 0.000000 -0.309016 -0.951057
vn 0.000000 -0.587787 -0.809016
vn 0.000000 -0.309016 -0.951057
vn 0.000000 -0.000000 -1.000000
vn 0.000000 -0.000000 -1.000000
vn 0.000000 -0.309016 -0.951057
vn 0.000000 -0.000000 -1.000000
vn 0.000000 0.309016 -0.951057
vn 0.000000 0.309016 -0.951057
vn 0.000000 -0.000000 -1.000000
vn 0.000000 0.309016 -0.951057
vn 0.000000 0.587787 -0.809016
vn 0.000000 0.587787 -0.809016
vn 0.000000 0.309016 -0.951057
vn 0.000000 0.587787 -0.809016
vn 0.000000 0.809017 -0.587785
vn 0.000000 0.809017 -0.587785
vn 0.000000 0.587787 -0.809016
vn 0.000000 0.809017 -0.587785
vn 0.000000 0.951056 -0.309018
vn 0.000000 0.951056 -0.309018
vn 0.000000 0.809017 -0.587785
vn 0.000000 0.951056 -0.309018
vn 0.000000 0.951056 -0.309018
vn 0.000000 1.000000 -0.000000
vn 0.000000 1.000000 -0.000000
vn 0.000000 1.000000 -0.000000
vn 0.000000 0.951056 0.309019
vn 0.000000 0.951056 0.309019
vn 0.000000 1.000000 -0.000000
vn 0.000000 0.951056 0.309019
vn 0.000000 0.809017 0.587785
vn 0.000000 0.809017 0.587785
vn 0.000000 0.951056 0.309019
vn 0.000000 0.809017 0.587785
vn 0.000000 0.587787 0.809016
vn 0.000000 0.587787 0.809016
vn 0.000000 0.809017 0.587785
vn 0.000000 0.587787 0.809016
vn 0.000000 0.309014 0.951058
vn 0.000000 0.309014 0.951058
vn 0.000000 0.587787 0.809016
vn 0.000000 0.309014 0.951058
vn 0.000000 0.000000 1.000000
vn 0.000000 0.000000 1.000000
vn 0.000000 0.309014 0.951058
vn 0.000000 0.000000 1.000000
vn 0.000000 -0.309014 0.951058
vn 0.000000 -0.309014 0.951058
vn 0.000000 0.000000 1.000000
vn 0.000000 -0.309014 0.951058
vn 0.000000 -0.587787 0.809016
vn 0.000000 -0.587787 0.809016
vn 0.000000 -0.309014 0.951058
vn 0.000000 -0.587787 0.809016
vn 0.000000 -0.809018 0.587783
vn 0.000000 -0.809018 0.587783
vn 0.000000 -0.587787 0.809016
vn 0.000000 -0.809018 0.587783
vn 0.000000 -0.951056 0.309019
vn 0.000000 -0.951056 0.309019
vn 0.000000 -0.809018 0.587783
vn 0.000000 -0.951056 0.309019
vn 0.000000 -1.000000 0.000000
vn 0.000000 -1.000000 0.000000
vn 0.000000 -0.951056 0.309019
vn 0.000000 -1.000000 0.000000
vn 0.000000 -0.951056 -0.309018
vn 0.000000 -0.951056 -0.309018
vn 0.000000 -1.000000 0.000000
vn -0.908925 -0.337330 -0.245080
vn -0.908923 -0.396558 -0.128847
vn -0.908923 -0.396558 -0.128847
vn -0.908925 -0.337330 -0.245081
vn -0.908922 -0.245088 -0.337333
vn -0.908925 -0.337330 -0.245080
vn -0.908925 -0.337330 -0.245081
vn -0.908922 -0.245088 -0.337333
vn -0.908922 -0.128850 -0.396558
vn -0.908922 -0.245088 -0.337333
vn -0.908922 -0.245088 -0.337333
vn -0.908922 -0.128850 -0.396558
vn -0.908924 -0.000000 -0.416962
vn -0.908922 -0.128850 -0.396558
vn -0.908922 -0.128850 -0.396558
vn -0.908924 -0.000000 -0.416962
vn -0.908922 0.128849 -0.396558
vn -0.908924 -0.000000 -0.416962
vn -0.908924 -0.000000 -0.416962
vn -0.908922 0.128849 -0.396558
vn -0.908923 0.245086 -0.337331
vn -0.908922 0.128849 -0.396558
vn -0.908922 0.128849 -0.396558
vn -0.908923 0.245086 -0.337331
vn -0.908924 0.337329 -0.245086
vn -0.908923 0.245086 -0.337331
vn -0.908923 0.245086 -0.337331
vn -0.908924 0.337329 -0.245086
vn -0.908924 0.396554 -0.128851
vn -0.908924 0.337329 -0.245086
vn -0.908924 0.337329 -0.245086
vn -0.908924 0.396554 -0.128851
vn -0.908922 0.416966 -0.000000
vn -0.908924 0.396554 -0.128851
vn -0.908924 0.396554 -0.128851
vn -0.908922 0.416966 -0.000000
vn -0.908924 0.396554 0.128851
vn -0.908922 0.416966 -0.000000
vn -0.908922 0.416966 -0.000000
vn -0.908924 0.396554 0.128851
vn -0.908923 0.337330 0.245086
vn -0.908924 0.396554 0.128851
vn -0.908924 0.396554 0.128851
vn -0.908923 0.337330 0.245086
vn -0.908921 0.245088 0.337333
vn -0.908923 0.337330 0.245086
vn -0.908923 0.337330 0.245086
vn -0.908922 0.245088 0.337333
vn -0.908922 0.128850 0.396558
vn -0.908921 0.245088 0.337333
vn -0.908922 0.245088 0.337333
vn -0.908922 0.128850 0.396558
vn -0.908925 0.000000 0.416959
vn -0.908922 0.128850 0.396558
vn -0.908922 0.128850 0.396558
vn -0.908925 0.000000 0.416959
vn -0.908924 -0.128848 0.396555
vn -0.908925 0.000000 0.416959
vn -0.908925 0.000000 0.416959
vn -0.908924 -0.128848 0.396555
vn -0.908922 -0.245088 0.337333
vn -0.908924 -0.128848 0.396555
vn -0.908924 -0.128848 0.396555
vn -0.908921 -0.245088 0.337333
vn -0.908923 -0.337331 0.245087
vn -0.908922 -0.245088 0.337333
vn -0.908921 -0.245088 0.337333
vn -0.908923 -0.337331 0.245087
vn -0.908923 -0.396555 0.128851
vn -0.908923 -0.337331 0.245087
vn -0.908923 -0.337331 0.245087
vn -0.908923 -0.396555 0.128852
vn -0.908922 -0.416965 0.000000
vn -0.908923 -0.396555 0.128851
vn -0.908923 -0.396555 0.128852
vn -0.908922 -0.416965 0.000000
vn -0.908923 -0.396558 -0.128847
vn -0.908922 -0.416965 0.000000
vn -0.908922 -0.416965 0.000000
vn -0.908923 -0.396558 -0.128847
vn -0.989737 0.115602 0.084002
vn -0.989736 0.135911 0.044159
vn -1.000000 0.000000 -0.000000
vn -0.989735 0.084001 0.115626
vn -0.989737 0.115602 0.084002
vn -1.000000 0.000000 -0.000000
vn -0.989735 0.044160 0.135920
vn -0.989735 0.084001 0.115626
vn -1.000000 0.000000 -0.000000
vn -0.989738 0.000000 0.142893
vn -0.989735 0.044160 0.135920
vn -1.000000 0.000000 -0.000000
vn -0.989736 -0.044160 0.135917
vn -0.989738 0.000000 0.142893
vn -1.000000 0.000000 -0.000000
vn -0.989736 -0.083999 0.115615
vn -0.989736 -0.044160 0.135917
vn -1.000000 0.000000 -0.000000
vn -0.989738 -0.115597 0.083996
vn -0.989736 -0.083999 0.115615
vn -1.000000 0.000000 -0.000000
vn -0.989737 -0.135906 0.044155
vn -0.989738 -0.115597 0.083996
vn -1.000000 0.000000 -0.000000
vn -0.989737 -0.142903 -0.000001
vn -0.989737 -0.135906 0.044155
vn -1.000000 0.000000 -0.000000
vn -0.989735 -0.135917 -0.044162
vn -0.989737 -0.142903 -0.000001
vn -1.000000 0.000000 -0.000000
vn -0.989737 -0.115607 -0.084004
vn -0.989735 -0.135917 -0.044162
vn -1.000000 0.000000 -0.000000
vn -0.989735 -0.083999 -0.115623
vn -0.989737 -0.115607 -0.084004
vn -1.000000 0.000000 -0.000000
vn -0.989735 -0.044160 -0.135923
vn -0.989735 -0.083999 -0.115623
vn -1.000000 0.000000 -0.000000
vn -0.989738 -0.000000 -0.142898
vn -0.989735 -0.044160 -0.135923
vn -1.000000 0.000000 -0.000000
vn -0.989735 0.044160 -0.135918
vn -0.989738 -0.000000 -0.142898
vn -1.000000 0.000000 -0.000000
vn -0.989735 0.084002 -0.115618
vn -0.989735 0.044160 -0.135918
vn -1.000000 0.000000 -0.000000
vn -0.989737 0.115606 -0.084002
vn -0.989735 0.084002 -0.115618
vn -1.000000 0.000000 -0.000000
vn -0.989737 0.135911 -0.044157
vn -0.989737 0.115606 -0.084002
vn -1.000000 0.000000 -0.000000
vn -0.989736 0.142907 0.000001
vn -0.989737 0.135911 -0.044157
vn -1.000000 0.000000 -0.000000
vn -0.989736 0.135911 0.044159
vn -0.989736 0.142907 0.000001
vn -1.000000 0.000000 -0.000000
vn -1.000000 -0.000000 -0.000010
vn -1.000000 -0.000000 -0.000005
vn -0.996959 -0.045804 0.063040
vn -0.996960 -0.063040 0.045791
vn -1.000000 0.000000 -0.000000
vn -1.000000 -0.000000 -0.000010
vn -0.996960 -0.063040 0.045791
vn -0.996960 -0.074108 0.024077
vn -1.000000 -0.000000 -0.000005
vn -1.000000 0.000000 -0.000000
vn -0.996960 -0.074108 0.024077
vn -0.996959 -0.077931 -0.000005
vn -1.000000 -0.000000 -0.000005
vn -1.000000 -0.000000 -0.000005
vn -0.996959 -0.077931 -0.000005
vn -0.996959 -0.074116 -0.024086
vn -1.000000 0.000000 0.000005
vn -1.000000 -0.000000 -0.000005
vn -0.996959 -0.074116 -0.024086
vn -0.996959 -0.063047 -0.045801
vn -1.000000 0.000000 0.000005
vn -1.000000 0.000000 0.000005
vn -0.996959 -0.063047 -0.045801
vn -0.996959 -0.045805 -0.063042
vn -1.000000 0.000000 0.000005
vn -1.000000 0.000000 0.000005
vn -0.996959 -0.045805 -0.063042
vn -0.996959 -0.024081 -0.074113
vn -1.000000 0.000000 0.000010
vn -1.000000 0.000000 0.000005
vn -0.996959 -0.024081 -0.074113
vn -0.996960 -0.000000 -0.077920
vn -1.000000 0.000000 0.000000
vn -1.000000 0.000000 0.000010
vn -0.996960 -0.000000 -0.077920
vn -0.996959 0.024081 -0.074117
vn -1.000000 0.000000 0.000005
vn -1.000000 0.000000 0.000000
vn -0.996959 0.024081 -0.074117
vn -0.996959 0.045807 -0.063044
vn -1.000000 0.000000 0.000010
vn -1.000000 0.000000 0.000005
vn -0.996959 0.045807 -0.063044
vn -0.996959 0.063048 -0.045796
vn -1.000000 0.000000 -0.000000
vn -1.000000 0.000000 0.000010
vn -0.996959 0.063048 -0.045796
vn -0.996959 0.074112 -0.024079
vn -1.000000 0.000000 0.000005
vn -1.000000 0.000000 -0.000000
vn -0.996959 0.074112 -0.024079
vn -0.996959 0.077930 0.000005
vn -1.000000 0.000000 0.000005
vn -1.000000 0.000000 0.000005
vn -0.996959 0.077930 0.000005
vn -0.996959 0.074112 0.024084
vn -1.000000 -0.000000 -0.000005
vn -1.000000 0.000000 0.000005
vn -0.996959 0.074112 0.024084
vn -0.996959 0.063043 0.045799
vn -1.000000 -0.000000 -0.000005
vn -1.000000 -0.000000 -0.000005
vn -0.996959 0.063043 0.045799
vn -0.996959 0.045804 0.063042
vn -1.000000 -0.000000 -0.000005
vn -1.000000 -0.000000 -0.000005
vn -0.996959 0.045804 0.063042
vn -0.996959 0.024081 0.074111
vn -1.000000 -0.000000 -0.000010
vn -1.000000 -0.000000 -0.000005
vn -0.996959 0.024081 0.074111
vn -0.996960 0.000000 0.077918
vn -1.000000 0.000000 -0.000000
vn -1.000000 -0.000000 -0.000010
vn -0.996960 0.000000 0.077918
vn -0.996959 -0.024081 0.074117
vn -1.000000 -0.000000 -0.000005
vn -1.000000 0.000000 -0.000000
vn -0.996959 -0.024081 0.074117
vn -0.996959 -0.045804 0.063040
vn -0.996959 0.063043 0.045799
vn -0.996959 0.074112 0.024084
vn -0.989736 0.135911 0.044159
vn -0.989737 0.115602 0.084002
vn -0.996959 0.045804 0.063042
vn -0.996959 0.063043 0.045799
vn -0.989737 0.115602 0.084002
vn -0.989735 0.084001 0.115626
vn -0.996959 0.024081 0.074111
vn -0.996959 0.045804 0.063042
vn -0.989735 0.084001 0.115626
vn -0.989735 0.044160 0.135920
vn -0.996960 0.000000 0.077918
vn -0.996959 0.024081 0.074111
vn -0.989735 0.044160 0.135920
vn -0.989738 0.000000 0.142893
vn -0.996959 -0.024081 0.074117
vn -0.996960 0.000000 0.077918
vn -0.989738 0.000000 0.142893
vn -0.989736 -0.044160 0.135917
vn -0.996959 -0.045804 0.063040
vn -0.996959 -0.024081 0.074117
vn -0.989736 -0.044160 0.135917
vn -0.989736 -0.083999 0.115615
vn -0.996960 -0.063040 0.045791
vn -0.996959 -0.045804 0.063040
vn -0.989736 -0.083999 0.115615
vn -0.989738 -0.115597 0.083996
vn -0.996960 -0.074108 0.024077
vn -0.996960 -0.063040 0.045791
vn -0.989738 -0.115597 0.083996
vn -0.989737 -0.135906 0.044155
vn -0.996959 -0.077931 -0.000005
vn -0.996960 -0.074108 0.024077
vn -0.989737 -0.135906 0.044155
vn -0.989737 -0.142903 -0.000001
vn -0.996959 -0.074116 -0.024086
vn -0.996959 -0.077931 -0.000005
vn -0.989737 -0.142903 -0.000001
vn -0.989735 -0.135917 -0.044162
vn -0.996959 -0.063047 -0.045801
vn -0.996959 -0.074116 -0.024086
vn -0.989735 -0.135917 -0.044162
vn -0.989737 -0.115607 -0.084004
vn -0.996959 -0.045805 -0.063042
vn -0.996959 -0.063047 -0.045801
vn -0.989737 -0.115607 -0.084004
vn -0.989735 -0.083999 -0.115623
vn -0.996959 -0.024081 -0.074113
vn -0.996959 -0.045805 -0.063042
vn -0.989735 -0.083999 -0.115623
vn -0.989735 -0.044160 -0.135923
vn -0.996960 -0.000000 -0.077920
vn -0.996959 -0.024081 -0.074113
vn -0.989735 -0.044160 -0.135923
vn -0.989738 -0.000000 -0.142898
vn -0.996959 0.024081 -0.074117
vn -0.996960 -0.000000 -0.077920
vn -0.989738 -0.000000 -0.142898
vn -0.989735 0.044160 -0.135918
vn -0.996959 0.045807 -0.063044
vn -0.996959 0.024081 -0.074117
vn -0.989735 0.044160 -0.135918
vn -0.989735 0.084002 -0.115618
vn -0.996959 0.063048 -0.045796
vn -0.996959 0.045807 -0.063044
vn -0.989735 0.084002 -0.115618
vn -0.989737 0.115606 -0.084002
vn -0.996959 0.074112 -0.024079
vn -0.996959 0.063048 -0.045796
vn -0.989737 0.115606 -0.084002
vn -0.989737 0.135911 -0.044157
vn -0.996959 0.077930 0.000005
vn -0.996959 0.074112 -0.024079
vn -0.989737 0.135911 -0.044157
vn -0.989736 0.142907 0.000001
vn -0.996959 0.074112 0.024084
vn -0.996959 0.077930 0.000005
vn -0.989736 0.142907 0.000001
vn -0.989736 0.135911 0.044159
vn 0.090012 -0.956645 -0.276998
vn 0.160060 -0.855401 -0.492615
vn 0.419045 -0.855401 -0.304453
vn 0.235641 -0.956643 -0.171194
vn -0.090005 -0.956645 -0.277000
vn -0.160059 -0.855402 -0.492613
vn 0.160060 -0.855401 -0.492615
vn 0.090012 -0.956645 -0.276998
vn -0.235637 -0.956644 -0.171196
vn -0.419045 -0.855401 -0.304452
vn -0.160059 -0.855402 -0.492613
vn -0.090005 -0.956645 -0.277000
vn -0.291262 -0.956643 0.000000
vn -0.517965 -0.855402 0.000000
vn -0.419045 -0.855401 -0.304452
vn -0.235637 -0.956644 -0.171196
vn -0.235642 -0.956642 0.171196
vn -0.419043 -0.855402 0.304452
vn -0.517965 -0.855402 0.000000
vn -0.291262 -0.956643 0.000000
vn -0.090011 -0.956645 0.276999
vn -0.160061 -0.855402 0.492614
vn -0.419043 -0.855402 0.304452
vn -0.235642 -0.956642 0.171196
vn 0.090006 -0.956646 0.276998
vn 0.160061 -0.855401 0.492615
vn -0.160061 -0.855402 0.492614
vn -0.090011 -0.956645 0.276999
vn 0.235635 -0.956644 0.171195
vn 0.419041 -0.855402 0.304453
vn 0.160061 -0.855401 0.492615
vn 0.090006 -0.956646 0.276998
vn 0.291259 -0.956644 0.000000
vn 0.517965 -0.855402 0.000000
vn 0.419041 -0.855402 0.304453
vn 0.235635 -0.956644 0.171195
vn 0.235641 -0.956643 -0.171194
vn 0.419045 -0.855401 -0.304453
vn 0.517965 -0.855402 0.000000
vn 0.291259 -0.956644 0.000000
vn 0.160060 -0.855401 -0.492615
vn 0.228415 -0.673507 -0.703004
vn 0.598010 -0.673506 -0.434482
vn 0.419045 -0.855401 -0.304453
vn -0.160059 -0.855402 -0.492613
vn -0.228423 -0.673507 -0.703002
vn 0.228415 -0.673507 -0.703004
vn 0.160060 -0.855401 -0.492615
vn -0.419045 -0.855401 -0.304452
vn -0.598010 -0.673507 -0.434480
vn -0.228423 -0.673507 -0.703002
vn -0.160059 -0.855402 -0.492613
vn -0.517965 -0.855402 0.000000
vn -0.739180 -0.673508 0.000000
vn -0.598010 -0.673507 -0.434480
vn -0.419045 -0.855401 -0.304452
vn -0.419043 -0.855402 0.304452
vn -0.598010 -0.673507 0.434480
vn -0.739180 -0.673508 0.000000
vn -0.517965 -0.855402 0.000000
vn -0.160061 -0.855402 0.492614
vn -0.228423 -0.673507 0.703002
vn -0.598010 -0.673507 0.434480
vn -0.419043 -0.855402 0.304452
vn 0.160061 -0.855401 0.492615
vn 0.228420 -0.673506 0.703003
vn -0.228423 -0.673507 0.703002
vn -0.160061 -0.855402 0.492614
vn 0.419041 -0.855402 0.304453
vn 0.598011 -0.673504 0.434482
vn 0.228420 -0.673506 0.703003
vn 0.160061 -0.855401 0.492615
vn 0.517965 -0.855402 0.000000
vn 0.739182 -0.673506 0.000002
vn 0.598011 -0.673504 0.434482
vn 0.419041 -0.855402 0.304453
vn 0.419045 -0.855401 -0.304453
vn 0.598010 -0.673506 -0.434482
vn 0.739182 -0.673506 0.000002
vn 0.517965 -0.855402 0.000000
vn 0.228415 -0.673507 -0.703004
vn 0.279022 -0.429765 -0.858748
vn 0.730492 -0.429767 -0.530738
vn 0.598010 -0.673506 -0.434482
vn -0.228423 -0.673507 -0.703002
vn -0.279022 -0.429765 -0.858748
vn 0.279022 -0.429765 -0.858748
vn 0.228415 -0.673507 -0.703004
vn -0.598010 -0.673507 -0.434480
vn -0.730494 -0.429767 -0.530735
vn -0.279022 -0.429765 -0.858748
vn -0.228423 -0.673507 -0.703002
vn -0.739180 -0.673508 0.000000
vn -0.902939 -0.429768 0.000000
vn -0.730494 -0.429767 -0.530735
vn -0.598010 -0.673507 -0.434480
vn -0.598010 -0.673507 0.434480
vn -0.730492 -0.429768 0.530736
vn -0.902939 -0.429768 0.000000
vn -0.739180 -0.673508 0.000000
vn -0.228423 -0.673507 0.703002
vn -0.279020 -0.429766 0.858748
vn -0.730492 -0.429768 0.530736
vn -0.598010 -0.673507 0.434480
vn 0.228420 -0.673506 0.703003
vn 0.279025 -0.429766 0.858747
vn -0.279020 -0.429766 0.858748
vn -0.228423 -0.673507 0.703002
vn 0.598011 -0.673504 0.434482
vn 0.730492 -0.429767 0.530738
vn 0.279025 -0.429766 0.858747
vn 0.228420 -0.673506 0.703003
vn 0.739182 -0.673506 0.000002
vn 0.902940 -0.429767 0.000002
vn 0.730492 -0.429767 0.530738
vn 0.598011 -0.673504 0.434482
vn 0.598010 -0.673506 -0.434482
vn 0.730492 -0.429767 -0.530738
vn 0.902940 -0.429767 0.000002
vn 0.739182 -0.673506 0.000002
vn 0.279022 -0.429765 -0.858748
vn 0.305631 -0.147599 -0.940640
vn 0.800155 -0.147599 -0.581349
vn 0.730492 -0.429767 -0.530738
vn -0.279022 -0.429765 -0.858748
vn -0.305634 -0.147599 -0.940639
vn 0.305631 -0.147599 -0.940640
vn 0.279022 -0.429765 -0.858748
vn -0.730494 -0.429767 -0.530735
vn -0.800156 -0.147599 -0.581347
vn -0.305634 -0.147599 -0.940639
vn -0.279022 -0.429765 -0.858748
vn -0.902939 -0.429768 0.000000
vn -0.989047 -0.147599 0.000000
vn -0.800156 -0.147599 -0.581347
vn -0.730494 -0.429767 -0.530735
vn -0.730492 -0.429768 0.530736
vn -0.800155 -0.147600 0.581349
vn -0.989047 -0.147599 0.000000
vn -0.902939 -0.429768 0.000000
vn -0.279020 -0.429766 0.858748
vn -0.305632 -0.147600 0.940640
vn -0.800155 -0.147600 0.581349
vn -0.730492 -0.429768 0.530736
vn 0.279025 -0.429766 0.858747
vn 0.305632 -0.147599 0.940640
vn -0.305632 -0.147600 0.940640
vn -0.279020 -0.429766 0.858748
vn 0.730492 -0.429767 0.530738
vn 0.800156 -0.147600 0.581348
vn 0.305632 -0.147599 0.940640
vn 0.279025 -0.429766 0.858747
vn 0.902940 -0.429767 0.000002
vn 0.989047 -0.147600 0.000001
vn 0.800156 -0.147600 0.581348
vn 0.730492 -0.429767 0.530738
vn 0.730492 -0.429767 -0.530738
vn 0.800155 -0.147599 -0.581349
vn 0.989047 -0.147600 0.000001
vn 0.902940 -0.429767 0.000002
vn 0.305631 -0.147599 -0.940640
vn 0.305633 0.147599 -0.940640
vn 0.800156 0.147599 -0.581348
vn 0.800155 -0.147599 -0.581349
vn -0.305634 -0.147599 -0.940639
vn -0.305634 0.147599 -0.940639
vn 0.305633 0.147599 -0.940640
vn 0.305631 -0.147599 -0.940640
vn -0.800156 -0.147599 -0.581347
vn -0.800156 0.147599 -0.581348
vn -0.305634 0.147599 -0.940639
vn -0.305634 -0.147599 -0.940639
vn -0.989047 -0.147599 0.000000
vn -0.989047 0.147598 -0.000000
vn -0.800156 0.147599 -0.581348
vn -0.800156 -0.147599 -0.581347
vn -0.800155 -0.147600 0.581349
vn -0.800156 0.147600 0.581348
vn -0.989047 0.147598 -0.000000
vn -0.989047 -0.147599 0.000000
vn -0.305632 -0.147600 0.940640
vn -0.305633 0.147600 0.940640
vn -0.800156 0.147600 0.581348
vn -0.800155 -0.147600 0.581349
vn 0.305632 -0.147599 0.940640
vn 0.305632 0.147599 0.940640
vn -0.305633 0.147600 0.940640
vn -0.305632 -0.147600 0.940640
vn 0.800156 -0.147600 0.581348
vn 0.800156 0.147600 0.581348
vn 0.305632 0.147599 0.940640
vn 0.305632 -0.147599 0.940640
vn 0.989047 -0.147600 0.000001
vn 0.989047 0.147600 0.000001
vn 0.800156 0.147600 0.581348
vn 0.800156 -0.147600 0.581348
vn 0.800155 -0.147599 -0.581349
vn 0.800156 0.147599 -0.581348
vn 0.989047 0.147600 0.000001
vn 0.989047 -0.147600 0.000001
vn 0.305633 0.147599 -0.940640
vn 0.279026 0.429765 -0.858747
vn 0.730493 0.429766 -0.530736
vn 0.800156 0.147599 -0.581348
vn -0.305634 0.147599 -0.940639
vn -0.279023 0.429765 -0.858748
vn 0.279026 0.429765 -0.858747
vn 0.305633 0.147599 -0.940640
vn -0.800156 0.147599 -0.581348
vn -0.730495 0.429765 -0.530734
vn -0.279023 0.429765 -0.858748
vn -0.305634 0.147599 -0.940639
vn -0.989047 0.147598 -0.000000
vn -0.902939 0.429768 0.000001
vn -0.730495 0.429765 -0.530734
vn -0.800156 0.147599 -0.581348
vn -0.800156 0.147600 0.581348
vn -0.730492 0.429768 0.530736
vn -0.902939 0.429768 0.000001
vn -0.989047 0.147598 -0.000000
vn -0.305633 0.147600 0.940640
vn -0.279021 0.429767 0.858748
vn -0.730492 0.429768 0.530736
vn -0.800156 0.147600 0.581348
vn 0.305632 0.147599 0.940640
vn 0.279026 0.429765 0.858747
vn -0.279021 0.429767 0.858748
vn -0.305633 0.147600 0.940640
vn 0.800156 0.147600 0.581348
vn 0.730491 0.429767 0.530738
vn 0.279026 0.429765 0.858747
vn 0.305632 0.147599 0.940640
vn 0.989047 0.147600 0.000001
vn 0.902939 0.429768 0.000003
vn 0.730491 0.429767 0.530738
vn 0.800156 0.147600 0.581348
vn 0.800156 0.147599 -0.581348
vn 0.730493 0.429766 -0.530736
vn 0.902939 0.429768 0.000003
vn 0.989047 0.147600 0.000001
vn 0.279026 0.429765 -0.858747
vn 0.228419 0.673507 -0.703003
vn 0.598011 0.673505 -0.434481
vn 0.730493 0.429766 -0.530736
vn -0.279023 0.429765 -0.858748
vn -0.228426 0.673506 -0.703001
vn 0.228419 0.673507 -0.703003
vn 0.279026 0.429765 -0.858747
vn -0.730495 0.429765 -0.530734
vn -0.598013 0.673505 -0.434479
vn -0.228426 0.673506 -0.703001
vn -0.279023 0.429765 -0.858748
vn -0.902939 0.429768 0.000001
vn -0.739180 0.673508 0.000001
vn -0.598013 0.673505 -0.434479
vn -0.730495 0.429765 -0.530734
vn -0.730492 0.429768 0.530736
vn -0.598009 0.673507 0.434480
vn -0.739180 0.673508 0.000001
vn -0.902939 0.429768 0.000001
vn -0.279021 0.429767 0.858748
vn -0.228423 0.673507 0.703002
vn -0.598009 0.673507 0.434480
vn -0.730492 0.429768 0.530736
vn 0.279026 0.429765 0.858747
vn 0.228423 0.673506 0.703003
vn -0.228423 0.673507 0.703002
vn -0.279021 0.429767 0.858748
vn 0.730491 0.429767 0.530738
vn 0.598013 0.673503 0.434481
vn 0.228423 0.673506 0.703003
vn 0.279026 0.429765 0.858747
vn 0.902939 0.429768 0.000003
vn 0.739182 0.673506 0.000002
vn 0.598013 0.673503 0.434481
vn 0.730491 0.429767 0.530738
vn 0.730493 0.429766 -0.530736
vn 0.598011 0.673505 -0.434481
vn 0.739182 0.673506 0.000002
vn 0.902939 0.429768 0.000003
vn 0.228419 0.673507 -0.703003
vn 0.160063 0.855401 -0.492615
vn 0.419043 0.855401 -0.304453
vn 0.598011 0.673505 -0.434481
vn -0.228426 0.673506 -0.703001
vn -0.160061 0.855402 -0.492613
vn 0.160063 0.855401 -0.492615
vn 0.228419 0.673507 -0.703003
vn -0.598013 0.673505 -0.434479
vn -0.419042 0.855402 -0.304452
vn -0.160061 0.855402 -0.492613
vn -0.228426 0.673506 -0.703001
vn -0.739180 0.673508 0.000001
vn -0.517963 0.855403 -0.000000
vn -0.419042 0.855402 -0.304452
vn -0.598013 0.673505 -0.434479
vn -0.598009 0.673507 0.434480
vn -0.419045 0.855401 0.304452
vn -0.517963 0.855403 -0.000000
vn -0.739180 0.673508 0.000001
vn -0.228423 0.673507 0.703002
vn -0.160061 0.855402 0.492614
vn -0.419045 0.855401 0.304452
vn -0.598009 0.673507 0.434480
vn 0.228423 0.673506 0.703003
vn 0.160063 0.855401 0.492615
vn -0.160061 0.855402 0.492614
vn -0.228423 0.673507 0.703002
vn 0.598013 0.673503 0.434481
vn 0.419045 0.855400 0.304452
vn 0.160063 0.855401 0.492615
vn 0.228423 0.673506 0.703003
vn 0.739182 0.673506 0.000002
vn 0.517964 0.855403 -0.000000
vn 0.419045 0.855400 0.304452
vn 0.598013 0.673503 0.434481
vn 0.598011 0.673505 -0.434481
vn 0.419043 0.855401 -0.304453
vn 0.517964 0.855403 -0.000000
vn 0.739182 0.673506 0.000002
vn 0.160063 0.855401 -0.492615
vn 0.090002 0.956646 -0.276999
vn 0.235625 0.956647 -0.171195
vn 0.419043 0.855401 -0.304453
vn -0.160061 0.855402 -0.492613
vn -0.090000 0.956646 -0.277000
vn 0.090002 0.956646 -0.276999
vn 0.160063 0.855401 -0.492615
vn -0.419042 0.855402 -0.304452
vn -0.235627 0.956646 -0.171196
vn -0.090000 0.956646 -0.277000
vn -0.160061 0.855402 -0.492613
vn -0.517963 0.855403 -0.000000
vn -0.291252 0.956647 -0.000000
vn -0.235627 0.956646 -0.171196
vn -0.419042 0.855402 -0.304452
vn -0.419045 0.855401 0.304452
vn -0.235627 0.956646 0.171197
vn -0.291252 0.956647 -0.000000
vn -0.517963 0.855403 -0.000000
vn -0.160061 0.855402 0.492614
vn -0.090000 0.956646 0.277000
vn -0.235627 0.956646 0.171197
vn -0.419045 0.855401 0.304452
vn 0.160063 0.855401 0.492615
vn 0.090002 0.956646 0.276999
vn -0.090000 0.956646 0.277000
vn -0.160061 0.855402 0.492614
vn 0.419045 0.855400 0.304452
vn 0.235626 0.956647 0.171196
vn 0.090002 0.956646 0.276999
vn 0.160063 0.855401 0.492615
vn 0.517964 0.855403 -0.000000
vn 0.291249 0.956647 -0.000000
vn 0.235626 0.956647 0.171196
vn 0.419045 0.855400 0.304452
vn 0.419043 0.855401 -0.304453
vn 0.235625 0.956647 -0.171195
vn 0.291249 0.956647 -0.000000
vn 0.517964 0.855403 -0.000000
vn 0.090012 -0.956645 -0.276998
vn 0.235641 -0.956643 -0.171194
vn 0.000000 -1.000000 0.000000
vn -0.090005 -0.956645 -0.277000
vn 0.090012 -0.956645 -0.276998
vn 0.000000 -1.000000 0.000000
vn -0.235637 -0.956644 -0.171196
vn -0.090005 -0.956645 -0.277000
vn 0.000000 -1.000000 0.000000
vn -0.291262 -0.956643 0.000000
vn -0.235637 -0.956644 -0.171196
vn 0.000000 -1.000000 0.000000
vn -0.235642 -0.956642 0.171196
vn -0.291262 -0.956643 0.000000
vn 0.000000 -1.000000 0.000000
vn -0.090011 -0.956645 0.276999
vn -0.235642 -0.956642 0.171196
vn 0.000000 -1.000000 0.000000
vn 0.090006 -0.956646 0.276998
vn -0.090011 -0.956645 0.276999
vn 0.000000 -1.000000 0.000000
vn 0.235635 -0.956644 0.171195
vn 0.090006 -0.956646 0.276998
vn 0.000000 -1.000000 0.000000
vn 0.291259 -0.956644 0.000000
vn 0.235635 -0.956644 0.171195
vn 0.000000 -1.000000 0.000000
vn 0.235641 -0.956643 -0.171194
vn 0.291259 -0.956644 0.000000
vn 0.000000 -1.000000 0.000000
vn 0.000000 1.000000 -0.000000
vn 0.235625 0.956647 -0.171195
vn 0.090002 0.956646 -0.276999
vn 0.000000 1.000000 -0.000000
vn 0.090002 0.956646 -0.276999
vn -0.090000 0.956646 -0.277000
vn 0.000000 1.000000 -0.000000
vn -0.090000 0.956646 -0.277000
vn -0.235627 0.956646 -0.171196
vn 0.000000 1.000000 -0.000000
vn -0.235627 0.956646 -0.171196
vn -0.291252 0.956647 -0.000000
vn 0.000000 1.000000 -0.000000
vn -0.291252 0.956647 -0.000000
vn -0.235627 0.956646 0.171197
vn 0.000000 1.000000 -0.000000
vn -0.235627 0.956646 0.171197
vn -0.090000 0.956646 0.277000
vn 0.000000 1.000000 -0.000000
vn -0.090000 0.956646 0.277000
vn 0.090002 0.956646 0.276999
vn 0.000000 1.000000 -0.000000
vn 0.090002 0.956646 0.276999
vn 0.235626 0.956647 0.171196
vn 0.000000 1.000000 -0.000000
vn 0.235626 0.956647 0.171196
vn 0.291249 0.956647 -0.000000
vn 0.000000 1.000000 -0.000000
vn 0.291249 0.956647 -0.000000
vn 0.235625 0.956647 -0.171195
vn 0.000000 0.951057 -0.309016
vn 0.000000 0.809017 -0.587785
vn 0.000000 0.809017 -0.587785
vn 0.000000 0.951057 -0.309016
vn 0.000000 0.809017 -0.587785
vn 0.000000 0.587783 -0.809019
vn 0.000000 0.587783 -0.809019
vn 0.000000 0.809017 -0.587785
vn 0.000000 0.587783 -0.809019
vn 0.000000 0.309017 -0.951057
vn 0.000000 0.309017 -0.951057
vn 0.000000 0.587783 -0.809019
vn 0.000000 0.309017 -0.951057
vn 0.000000 -0.000000 -1.000000
vn 0.000000 -0.000000 -1.000000
vn 0.000000 0.309017 -0.951057
vn 0.000000 -0.000000 -1.000000
vn 0.000000 -0.309017 -0.951057
vn 0.000000 -0.309017 -0.951057
vn 0.000000 -0.000000 -1.000000
vn 0.000000 -0.309017 -0.951057
vn 0.000000 -0.587786 -0.809017
vn 0.000000 -0.587786 -0.809017
vn 0.000000 -0.309017 -0.951057
vn 0.000000 -0.587786 -0.809017
vn 0.000000 -0.809017 -0.587785
vn 0.000000 -0.809017 -0.587785
vn 0.000000 -0.587786 -0.809017
vn 0.000000 -0.809017 -0.587785
vn 0.000000 -0.951056 -0.309020
vn 0.000000 -0.951056 -0.309020
vn 0.000000 -0.809017 -0.587785
vn 0.000000 -0.951056 -0.309020
vn 0.000000 -0.951056 -0.309020
vn 0.000000 -1.000000 0.000000
vn 0.000000 -1.000000 0.000000
vn 0.000000 -1.000000 0.000000
vn 0.000000 -0.951056 0.309020
vn 0.000000 -0.951056 0.309020
vn 0.000000 -1.000000 0.000000
vn 0.000000 -0.951056 0.309020
vn 0.000000 -0.809017 0.587785
vn 0.000000 -0.809017 0.587785
vn 0.000000 -0.951056 0.309020
vn 0.000000 -0.809017 0.587785
vn 0.000000 -0.587786 0.809017
vn 0.000000 -0.587786 0.809017
vn 0.000000 -0.809017 0.587785
vn 0.000000 -0.587786 0.809017
vn 0.000000 -0.309016 0.951057
vn 0.000000 -0.309016 0.951057
vn 0.000000 -0.587786 0.809017
vn 0.000000 -0.309016 0.951057
vn 0.000000 0.000000 1.000000
vn 0.000000 0.000000 1.000000
vn 0.000000 -0.309016 0.951057
vn 0.000000 0.000000 1.000000
vn 0.000000 0.309016 0.951057
vn 0.000000 0.309016 0.951057
vn 0.000000 0.000000 1.000000
vn 0.000000 0.309016 0.951057
vn 0.000000 0.587786 0.809017
vn 0.000000 0.587786 0.809017
vn 0.000000 0.309016 0.951057
vn 0.000000 0.587786 0.809017
vn 0.000000 0.809018 0.587784
vn 0.000000 0.809018 0.587784
vn 0.000000 0.587786 0.809017
vn 0.000000 0.809018 0.587784
vn 0.000000 0.951056 0.309020
vn 0.000000 0.951056 0.309020
vn 0.000000 0.809018 0.587784
vn 0.000000 0.951056 0.309020
vn 0.000000 1.000000 -0.000000
vn 0.000000 1.000000 -0.000000
vn 0.000000 0.951056 0.309020
vn 0.000000 1.000000 -0.000000
vn 0.000000 0.951057 -0.309016
vn 0.000000 0.951057 -0.309016
vn 0.000000 1.000000 -0.000000
vn -0.901502 0.411594 -0.133735
vn -0.901502 0.411594 -0.133735
vn -0.901501 0.350124 -0.254378
vn -0.901501 0.350124 -0.254379
vn -0.901501 0.350124 -0.254379
vn -0.901501 0.350124 -0.254378
vn -0.901502 0.254378 -0.350123
vn -0.901502 0.254377 -0.350123
vn -0.901502 0.254377 -0.350123
vn -0.901502 0.254378 -0.350123
vn -0.901500 0.133735 -0.411598
vn -0.901500 0.133735 -0.411598
vn -0.901500 0.133735 -0.411598
vn -0.901500 0.133735 -0.411598
vn -0.901499 -0.000000 -0.432781
vn -0.901499 -0.000000 -0.432781
vn -0.901499 -0.000000 -0.432781
vn -0.901499 -0.000000 -0.432781
vn -0.901501 -0.133734 -0.411596
vn -0.901501 -0.133734 -0.411596
vn -0.901501 -0.133734 -0.411596
vn -0.901501 -0.133734 -0.411596
vn -0.901501 -0.254379 -0.350124
vn -0.901501 -0.254379 -0.350124
vn -0.901501 -0.254379 -0.350124
vn -0.901501 -0.254379 -0.350124
vn -0.901500 -0.350125 -0.254383
vn -0.901500 -0.350125 -0.254383
vn -0.901500 -0.350125 -0.254383
vn -0.901500 -0.350125 -0.254383
vn -0.901500 -0.411596 -0.133739
vn -0.901500 -0.411596 -0.133739
vn -0.901500 -0.411596 -0.133739
vn -0.901500 -0.411596 -0.133739
vn -0.901501 -0.432776 0.000000
vn -0.901501 -0.432776 0.000000
vn -0.901501 -0.432776 0.000000
vn -0.901501 -0.432776 0.000000
vn -0.901502 -0.411594 0.133736
vn -0.901502 -0.411594 0.133737
vn -0.901502 -0.411594 0.133737
vn -0.901502 -0.411594 0.133736
vn -0.901501 -0.350124 0.254379
vn -0.901501 -0.350124 0.254379
vn -0.901501 -0.350124 0.254379
vn -0.901501 -0.350124 0.254379
vn -0.901500 -0.254381 0.350125
vn -0.901500 -0.254381 0.350125
vn -0.901500 -0.254381 0.350125
vn -0.901500 -0.254381 0.350125
vn -0.901500 -0.133736 0.411598
vn -0.901500 -0.133735 0.411598
vn -0.901500 -0.133735 0.411598
vn -0.901500 -0.133736 0.411598
vn -0.901499 0.000000 0.432781
vn -0.901499 0.000000 0.432781
vn -0.901499 0.000000 0.432781
vn -0.901499 0.000000 0.432781
vn -0.901500 0.133736 0.411598
vn -0.901500 0.133736 0.411598
vn -0.901500 0.133736 0.411598
vn -0.901500 0.133736 0.411598
vn -0.901501 0.254379 0.350124
vn -0.901501 0.254379 0.350124
vn -0.901501 0.254379 0.350124
vn -0.901501 0.254379 0.350124
vn -0.901500 0.350124 0.254382
vn -0.901500 0.350124 0.254382
vn -0.901500 0.350124 0.254382
vn -0.901500 0.350124 0.254382
vn -0.901501 0.411595 0.133739
vn -0.901501 0.411595 0.133739
vn -0.901501 0.411595 0.133739
vn -0.901501 0.411595 0.133739
vn -0.901502 0.432774 -0.000000
vn -0.901502 0.432774 -0.000000
vn -0.901502 0.432774 -0.000000
vn -0.901502 0.432774 -0.000000
vn -0.901502 0.411594 -0.133735
vn -0.901502 0.411594 -0.133735
vn 0.000000 0.951056 -0.309018
vn 0.000000 0.809017 -0.587785
vn 0.000000 0.809017 -0.587785
vn 0.000000 0.951056 -0.309018
vn 0.000000 0.809017 -0.587785
vn 0.000000 0.587787 -0.809016
vn 0.000000 0.587787 -0.809016
vn 0.000000 0.809017 -0.587785
vn 0.000000 0.587787 -0.809016
vn 0.000000 0.309016 -0.951057
vn 0.000000 0.309016 -0.951057
vn 0.000000 0.587787 -0.809016
vn 0.000000 0.309016 -0.951057
vn 0.000000 -0.000000 -1.000000
vn 0.000000 -0.000000 -1.000000
vn 0.000000 0.309016 -0.951057
vn 0.000000 -0.000000 -1.000000
vn 0.000000 -0.309016 -0.951057
vn 0.000000 -0.309016 -0.951057
vn 0.000000 -0.000000 -1.000000
vn 0.000000 -0.309016 -0.951057
vn 0.000000 -0.587787 -0.809016
vn 0.000000 -0.587787 -0.809016
vn 0.000000 -0.309016 -0.951057
vn 0.000000 -0.587787 -0.809016
vn 0.000000 -0.809017 -0.587785
vn 0.000000 -0.809017 -0.587785
vn 0.000000 -0.587787 -0.809016
vn 0.000000 -0.809017 -0.587785
vn 0.000000 -0.951056 -0.309018
vn 0.000000 -0.951056 -0.309018
vn 0.000000 -0.809017 -0.587785
vn 0.000000 -0.951056 -0.309018
vn 0.000000 -0.951056 -0.309018
vn 0.000000 -1.000000 0.000000
vn 0.000000 -1.000000 0.000000
vn 0.000000 -1.000000 0.000000
vn 0.000000 -0.951056 0.309019
vn 0.000000 -0.951056 0.309019
vn 0.000000 -1.000000 0.000000
vn 0.000000 -0.951056 0.309019
vn 0.000000 -0.809017 0.587785
vn 0.000000 -0.809017 0.587785
vn 0.000000 -0.951056 0.309019
vn 0.000000 -0.809017 0.587785
vn 0.000000 -0.587787 0.809016
vn 0.000000 -0.587787 0.809016
vn 0.000000 -0.809017 0.587785
vn 0.000000 -0.587787 0.809016
vn 0.000000 -0.309014 0.951058
vn 0.000000 -0.309014 0.951058
vn 0.000000 -0.587787 0.809016
vn 0.000000 -0.309014 0.951058
vn 0.000000 0.000000 1.000000
vn 0.000000 0.000000 1.000000
vn 0.000000 -0.309014 0.951058
vn 0.000000 0.000000 1.000000
vn 0.000000 0.309014 0.951058
vn 0.000000 0.309014 0.951058
vn 0.000000 0.000000 1.000000
vn 0.000000 0.309014 0.951058
vn 0.000000 0.587787 0.809016
vn 0.000000 0.587787 0.809016
vn 0.000000 0.309014 0.951058
vn 0.000000 0.587787 0.809016
vn 0.000000 0.809018 0.587783
vn 0.000000 0.809018 0.587783
vn 0.000000 0.587787 0.809016
vn 0.000000 0.809018 0.587783
vn 0.000000 0.951056 0.309019
vn 0.000000 0.951056 0.309019
vn 0.000000 0.809018 0.587783
vn 0.000000 0.951056 0.309019
vn 0.000000 1.000000 -0.000000
vn 0.000000 1.000000 -0.000000
vn 0.000000 0.951056 0.309019
vn 0.000000 1.000000 -0.000000
vn 0.000000 0.951056 -0.309018
vn 0.000000 0.951056 -0.309018
vn 0.000000 1.000000 -0.000000
vn 0.908923 0.337331 -0.245087
vn 0.908924 0.396554 -0.128849
vn 0.908924 0.396554 -0.128849
vn 0.908923 0.337331 -0.245087
vn 0.908924 0.245084 -0.337328
vn 0.908923 0.337331 -0.245087
vn 0.908923 0.337331 -0.245087
vn 0.908924 0.245084 -0.337328
vn 0.908923 0.128848 -0.396556
vn 0.908924 0.245084 -0.337328
vn 0.908924 0.245084 -0.337328
vn 0.908923 0.128848 -0.396556
vn 0.908921 -0.000000 -0.416969
vn 0.908923 0.128848 -0.396556
vn 0.908923 0.128848 -0.396556
vn 0.908921 -0.000000 -0.416969
vn 0.908923 -0.128848 -0.396556
vn 0.908921 -0.000000 -0.416969
vn 0.908921 -0.000000 -0.416969
vn 0.908923 -0.128848 -0.396556
vn 0.908924 -0.245084 -0.337328
vn 0.908923 -0.128848 -0.396556
vn 0.908923 -0.128848 -0.396556
vn 0.908924 -0.245084 -0.337328
vn 0.908921 -0.337332 -0.245090
vn 0.908924 -0.245084 -0.337328
vn 0.908924 -0.245084 -0.337328
vn 0.908921 -0.337332 -0.245090
vn 0.908923 -0.396556 -0.128854
vn 0.908921 -0.337332 -0.245090
vn 0.908921 -0.337332 -0.245090
vn 0.908923 -0.396556 -0.128854
vn 0.908924 -0.416963 -0.000002
vn 0.908923 -0.396556 -0.128854
vn 0.908923 -0.396556 -0.128854
vn 0.908924 -0.416963 -0.000002
vn 0.908923 -0.396556 0.128850
vn 0.908924 -0.416963 -0.000002
vn 0.908924 -0.416963 -0.000002
vn 0.908923 -0.396556 0.128850
vn 0.908922 -0.337332 0.245088
vn 0.908923 -0.396556 0.128850
vn 0.908923 -0.396556 0.128850
vn 0.908922 -0.337332 0.245088
vn 0.908923 -0.245085 0.337331
vn 0.908922 -0.337332 0.245088
vn 0.908922 -0.337332 0.245088
vn 0.908923 -0.245086 0.337331
vn 0.908922 -0.128850 0.396558
vn 0.908923 -0.245085 0.337331
vn 0.908923 -0.245086 0.337331
vn 0.908922 -0.128850 0.396558
vn 0.908922 0.000000 0.416966
vn 0.908922 -0.128850 0.396558
vn 0.908922 -0.128850 0.396558
vn 0.908922 0.000000 0.416966
vn 0.908923 0.128849 0.396556
vn 0.908922 0.000000 0.416966
vn 0.908922 0.000000 0.416966
vn 0.908923 0.128849 0.396556
vn 0.908923 0.245086 0.337331
vn 0.908923 0.128849 0.396556
vn 0.908923 0.128849 0.396556
vn 0.908923 0.245086 0.337331
vn 0.908922 0.337332 0.245089
vn 0.908923 0.245086 0.337331
vn 0.908923 0.245086 0.337331
vn 0.908922 0.337332 0.245089
vn 0.908923 0.396555 0.128853
vn 0.908922 0.337332 0.245089
vn 0.908922 0.337332 0.245089
vn 0.908923 0.396555 0.128854
vn 0.908924 0.416961 0.000002
vn 0.908923 0.396555 0.128853
vn 0.908923 0.396555 0.128854
vn 0.908924 0.416961 0.000002
vn 0.908924 0.396554 -0.128849
vn 0.908924 0.416961 0.000002
vn 0.908924 0.416961 0.000002
vn 0.908924 0.396554 -0.128849
vn 0.989737 -0.115606 0.083996
vn 0.989735 -0.135915 0.044175
vn 1.000000 0.000000 0.000000
vn 0.989737 -0.083997 0.115612
vn 0.989737 -0.115606 0.083996
vn 1.000000 0.000000 0.000000
vn 0.989737 -0.044159 0.135907
vn 0.989737 -0.083997 0.115612
vn 1.000000 0.000000 0.000000
vn 0.989739 0.000000 0.142889
vn 0.989737 -0.044159 0.135907
vn 1.000000 0.000000 0.000000
vn 0.989738 0.044158 0.135899
vn 0.989739 0.000000 0.142889
vn 1.000000 0.000000 0.000000
vn 0.989736 0.084003 0.115612
vn 0.989738 0.044158 0.135899
vn 1.000000 0.000000 0.000000
vn 0.989736 0.115612 0.083999
vn 0.989736 0.084003 0.115612
vn 1.000000 0.000000 0.000000
vn 0.989736 0.135912 0.044174
vn 0.989736 0.115612 0.083999
vn 1.000000 0.000000 0.000000
vn 0.989737 0.142903 -0.000000
vn 0.989736 0.135912 0.044174
vn 1.000000 0.000000 0.000000
vn 0.989734 0.135921 -0.044179
vn 0.989737 0.142903 -0.000000
vn 1.000000 0.000000 0.000000
vn 0.989736 0.115613 -0.084000
vn 0.989734 0.135921 -0.044179
vn 1.000000 0.000000 0.000000
vn 0.989737 0.083995 -0.115609
vn 0.989736 0.115613 -0.084000
vn 1.000000 0.000000 0.000000
vn 0.989737 0.044157 -0.135904
vn 0.989737 0.083995 -0.115609
vn 1.000000 0.000000 0.000000
vn 0.989738 -0.000000 -0.142895
vn 0.989737 0.044157 -0.135904
vn 1.000000 0.000000 0.000000
vn 0.989737 -0.044160 -0.135908
vn 0.989738 -0.000000 -0.142895
vn 1.000000 0.000000 0.000000
vn 0.989735 -0.084005 -0.115616
vn 0.989737 -0.044160 -0.135908
vn 1.000000 0.000000 0.000000
vn 0.989736 -0.115612 -0.083998
vn 0.989735 -0.084005 -0.115616
vn 1.000000 0.000000 0.000000
vn 0.989736 -0.135910 -0.044174
vn 0.989736 -0.115612 -0.083998
vn 1.000000 0.000000 0.000000
vn 0.989737 -0.142901 0.000000
vn 0.989736 -0.135910 -0.044174
vn 1.000000 0.000000 0.000000
vn 0.989735 -0.135915 0.044175
vn 0.989737 -0.142901 0.000000
vn 1.000000 0.000000 0.000000
vn 1.000000 0.000000 0.000000
vn 1.000000 0.000000 0.000005
vn 0.996959 0.045808 0.063049
vn 0.996959 0.063046 0.045807
vn 1.000000 0.000000 0.000000
vn 1.000000 0.000000 0.000000
vn 0.996959 0.063046 0.045807
vn 0.996959 0.074110 0.024081
vn 1.000000 0.000000 0.000000
vn 1.000000 0.000000 0.000000
vn 0.996959 0.074110 0.024081
vn 0.996959 0.077930 -0.000000
vn 1.000000 0.000000 0.000000
vn 1.000000 0.000000 0.000000
vn 0.996959 0.077930 -0.000000
vn 0.996959 0.074115 -0.024083
vn 1.000000 0.000000 0.000005
vn 1.000000 0.000000 0.000000
vn 0.996959 0.074115 -0.024083
vn 0.996959 0.063047 -0.045802
vn 1.000000 0.000000 0.000005
vn 1.000000 0.000000 0.000005
vn 0.996959 0.063047 -0.045802
vn 0.996959 0.045804 -0.063040
vn 1.000000 0.000000 0.000000
vn 1.000000 0.000000 0.000005
vn 0.996959 0.045804 -0.063040
vn 0.996959 0.024081 -0.074114
vn 1.000000 0.000000 0.000000
vn 1.000000 0.000000 0.000000
vn 0.996959 0.024081 -0.074114
vn 0.996959 -0.000000 -0.077927
vn 1.000000 -0.000000 -0.000005
vn 1.000000 0.000000 0.000000
vn 0.996959 -0.000000 -0.077927
vn 0.996959 -0.024082 -0.074119
vn 1.000000 -0.000000 -0.000005
vn 1.000000 -0.000000 -0.000005
vn 0.996959 -0.024082 -0.074119
vn 0.996959 -0.045807 -0.063050
vn 1.000000 0.000000 0.000000
vn 1.000000 -0.000000 -0.000005
vn 0.996959 -0.045807 -0.063050
vn 0.996959 -0.063048 -0.045807
vn 1.000000 0.000000 0.000000
vn 1.000000 0.000000 0.000000
vn 0.996959 -0.063048 -0.045807
vn 0.996959 -0.074112 -0.024082
vn 1.000000 0.000000 0.000000
vn 1.000000 0.000000 0.000000
vn 0.996959 -0.074112 -0.024082
vn 0.996959 -0.077930 0.000000
vn 1.000000 0.000000 0.000000
vn 1.000000 0.000000 0.000000
vn 0.996959 -0.077930 0.000000
vn 0.996959 -0.074113 0.024082
vn 1.000000 -0.000000 -0.000005
vn 1.000000 0.000000 0.000000
vn 0.996959 -0.074113 0.024082
vn 0.996959 -0.063043 0.045801
vn 1.000000 -0.000000 -0.000005
vn 1.000000 -0.000000 -0.000005
vn 0.996959 -0.063043 0.045801
vn 0.996959 -0.045804 0.063039
vn 1.000000 0.000000 0.000000
vn 1.000000 -0.000000 -0.000005
vn 0.996959 -0.045804 0.063039
vn 0.996959 -0.024081 0.074114
vn 1.000000 0.000000 0.000000
vn 1.000000 0.000000 0.000000
vn 0.996959 -0.024081 0.074114
vn 0.996959 0.000000 0.077924
vn 1.000000 0.000000 0.000005
vn 1.000000 0.000000 0.000000
vn 0.996959 0.000000 0.077924
vn 0.996959 0.024081 0.074116
vn 1.000000 0.000000 0.000005
vn 1.000000 0.000000 0.000005
vn 0.996959 0.024081 0.074116
vn 0.996959 0.045808 0.063049
vn 0.996959 -0.063043 0.045801
vn 0.996959 -0.074113 0.024082
vn 0.989735 -0.135915 0.044175
vn 0.989737 -0.115606 0.083996
vn 0.996959 -0.045804 0.063039
vn 0.996959 -0.063043 0.045801
vn 0.989737 -0.115606 0.083996
vn 0.989737 -0.083997 0.115612
vn 0.996959 -0.024081 0.074114
vn 0.996959 -0.045804 0.063039
vn 0.989737 -0.083997 0.115612
vn 0.989737 -0.044159 0.135907
vn 0.996959 0.000000 0.077924
vn 0.996959 -0.024081 0.074114
vn 0.989737 -0.044159 0.135907
vn 0.989739 0.000000 0.142889
vn 0.996959 0.024081 0.074116
vn 0.996959 0.000000 0.077924
vn 0.989739 0.000000 0.142889
vn 0.989738 0.044158 0.135899
vn 0.996959 0.045808 0.063049
vn 0.996959 0.024081 0.074116
vn 0.989738 0.044158 0.135899
vn 0.989736 0.084003 0.115612
vn 0.996959 0.063046 0.045807
vn 0.996959 0.045808 0.063049
vn 0.989736 0.084003 0.115612
vn 0.989736 0.115612 0.083999
vn 0.996959 0.074110 0.024081
vn 0.996959 0.063046 0.045807
vn 0.989736 0.115612 0.083999
vn 0.989736 0.135912 0.044174
vn 0.996959 0.077930 -0.000000
vn 0.996959 0.074110 0.024081
vn 0.989736 0.135912 0.044174
vn 0.989737 0.142903 -0.000000
vn 0.996959 0.074115 -0.024083
vn 0.996959 0.077930 -0.000000
vn 0.989737 0.142903 -0.000000
vn 0.989734 0.135921 -0.044179
vn 0.996959 0.063047 -0.045802
vn 0.996959 0.074115 -0.024083
vn 0.989734 0.135921 -0.044179
vn 0.989736 0.115613 -0.084000
vn 0.996959 0.045804 -0.063040
vn 0.996959 0.063047 -0.045802
vn 0.989736 0.115613 -0.084000
vn 0.989737 0.083995 -0.115609
vn 0.996959 0.024081 -0.074114
vn 0.996959 0.045804 -0.063040
vn 0.989737 0.083995 -0.115609
vn 0.989737 0.044157 -0.135904
vn 0.996959 -0.000000 -0.077927
vn 0.996959 0.024081 -0.074114
vn 0.989737 0.044157 -0.135904
vn 0.989738 -0.000000 -0.142895
vn 0.996959 -0.024082 -0.074119
vn 0.996959 -0.000000 -0.077927
vn 0.989738 -0.000000 -0.142895
vn 0.989737 -0.044160 -0.135908
vn 0.996959 -0.045807 -0.063050
vn 0.996959 -0.024082 -0.074119
vn 0.989737 -0.044160 -0.135908
vn 0.989735 -0.084005 -0.115616
vn 0.996959 -0.063048 -0.045807
vn 0.996959 -0.045807 -0.063050
vn 0.989735 -0.084005 -0.115616
vn 0.989736 -0.115612 -0.083998
vn 0.996959 -0.074112 -0.024082
vn 0.996959 -0.063048 -0.045807
vn 0.989736 -0.115612 -0.083998
vn 0.989736 -0.135910 -0.044174
vn 0.996959 -0.077930 0.000000
vn 0.996959 -0.074112 -0.024082
vn 0.989736 -0.135910 -0.044174
vn 0.989737 -0.142901 0.000000
vn 0.996959 -0.074113 0.024082
vn 0.996959 -0.077930 0.000000
vn 0.989737 -0.142901 0.000000
vn 0.989735 -0.135915 0.044175
vn 0.090012 -0.956645 -0.276998
vn 0.160060 -0.855401 -0.492615
vn 0.419045 -0.855401 -0.304453
vn 0.235641 -0.956643 -0.171196
vn -0.090005 -0.956645 -0.277000
vn -0.160059 -0.855402 -0.492613
vn 0.160060 -0.855401 -0.492615
vn 0.090012 -0.956645 -0.276998
vn -0.235637 -0.956644 -0.171195
vn -0.419045 -0.855401 -0.304450
vn -0.160059 -0.855402 -0.492613
vn -0.090005 -0.956645 -0.277000
vn -0.291262 -0.956643 0.000000
vn -0.517965 -0.855402 0.000000
vn -0.419045 -0.855401 -0.304450
vn -0.235637 -0.956644 -0.171195
vn -0.235642 -0.956643 0.171194
vn -0.419043 -0.855402 0.304451
vn -0.517965 -0.855402 0.000000
vn -0.291262 -0.956643 0.000000
vn -0.090011 -0.956645 0.276999
vn -0.160061 -0.855402 0.492614
vn -0.419043 -0.855402 0.304451
vn -0.235642 -0.956643 0.171194
vn 0.090006 -0.956646 0.276998
vn 0.160061 -0.855401 0.492615
vn -0.160061 -0.855402 0.492614
vn -0.090011 -0.956645 0.276999
vn 0.235635 -0.956644 0.171196
vn 0.419041 -0.855402 0.304454
vn 0.160061 -0.855401 0.492615
vn 0.090006 -0.956646 0.276998
vn 0.291259 -0.956644 0.000000
vn 0.517965 -0.855402 0.000000
vn 0.419041 -0.855402 0.304454
vn 0.235635 -0.956644 0.171196
vn 0.235641 -0.956643 -0.171196
vn 0.419045 -0.855401 -0.304453
vn 0.517965 -0.855402 0.000000
vn 0.291259 -0.956644 0.000000
vn 0.160060 -0.855401 -0.492615
vn 0.228415 -0.673507 -0.703004
vn 0.598010 -0.673506 -0.434481
vn 0.419045 -0.855401 -0.304453
vn -0.160059 -0.855402 -0.492613
vn -0.228423 -0.673507 -0.703002
vn 0.228415 -0.673507 -0.703004
vn 0.160060 -0.855401 -0.492615
vn -0.419045 -0.855401 -0.304450
vn -0.598010 -0.673507 -0.434480
vn -0.228423 -0.673507 -0.703002
vn -0.160059 -0.855402 -0.492613
vn -0.517965 -0.855402 0.000000
vn -0.739180 -0.673508 0.000000
vn -0.598010 -0.673507 -0.434480
vn -0.419045 -0.855401 -0.304450
vn -0.419043 -0.855402 0.304451
vn -0.598010 -0.673507 0.434479
vn -0.739180 -0.673508 0.000000
vn -0.517965 -0.855402 0.000000
vn -0.160061 -0.855402 0.492614
vn -0.228423 -0.673506 0.703002
vn -0.598010 -0.673507 0.434479
vn -0.419043 -0.855402 0.304451
vn 0.160061 -0.855401 0.492615
vn 0.228420 -0.673506 0.703003
vn -0.228423 -0.673506 0.703002
vn -0.160061 -0.855402 0.492614
vn 0.419041 -0.855402 0.304454
vn 0.598012 -0.673505 0.434481
vn 0.228420 -0.673506 0.703003
vn 0.160061 -0.855401 0.492615
vn 0.517965 -0.855402 0.000000
vn 0.739182 -0.673506 0.000001
vn 0.598012 -0.673505 0.434481
vn 0.419041 -0.855402 0.304454
vn 0.419045 -0.855401 -0.304453
vn 0.598010 -0.673506 -0.434481
vn 0.739182 -0.673506 0.000001
vn 0.517965 -0.855402 0.000000
vn 0.228415 -0.673507 -0.703004
vn 0.279022 -0.429765 -0.858748
vn 0.730492 -0.429767 -0.530737
vn 0.598010 -0.673506 -0.434481
vn -0.228423 -0.673507 -0.703002
vn -0.279022 -0.429765 -0.858748
vn 0.279022 -0.429765 -0.858748
vn 0.228415 -0.673507 -0.703004
vn -0.598010 -0.673507 -0.434480
vn -0.730494 -0.429767 -0.530735
vn -0.279022 -0.429765 -0.858748
vn -0.228423 -0.673507 -0.703002
vn -0.739180 -0.673508 0.000000
vn -0.902939 -0.429768 0.000000
vn -0.730494 -0.429767 -0.530735
vn -0.598010 -0.673507 -0.434480
vn -0.598010 -0.673507 0.434479
vn -0.730492 -0.429768 0.530736
vn -0.902939 -0.429768 0.000000
vn -0.739180 -0.673508 0.000000
vn -0.228423 -0.673506 0.703002
vn -0.279020 -0.429766 0.858748
vn -0.730492 -0.429768 0.530736
vn -0.598010 -0.673507 0.434479
vn 0.228420 -0.673506 0.703003
vn 0.279025 -0.429765 0.858747
vn -0.279020 -0.429766 0.858748
vn -0.228423 -0.673506 0.703002
vn 0.598012 -0.673505 0.434481
vn 0.730492 -0.429767 0.530737
vn 0.279025 -0.429765 0.858747
vn 0.228420 -0.673506 0.703003
vn 0.739182 -0.673506 0.000001
vn 0.902940 -0.429767 0.000002
vn 0.730492 -0.429767 0.530737
vn 0.598012 -0.673505 0.434481
vn 0.598010 -0.673506 -0.434481
vn 0.730492 -0.429767 -0.530737
vn 0.902940 -0.429767 0.000002
vn 0.739182 -0.673506 0.000001
vn 0.279022 -0.429765 -0.858748
vn 0.305631 -0.147598 -0.940641
vn 0.800155 -0.147599 -0.581349
vn 0.730492 -0.429767 -0.530737
vn -0.279022 -0.429765 -0.858748
vn -0.305634 -0.147599 -0.940639
vn 0.305631 -0.147598 -0.940641
vn 0.279022 -0.429765 -0.858748
vn -0.730494 -0.429767 -0.530735
vn -0.800157 -0.147599 -0.581347
vn -0.305634 -0.147599 -0.940639
vn -0.279022 -0.429765 -0.858748
vn -0.902939 -0.429768 0.000000
vn -0.989047 -0.147599 0.000000
vn -0.800157 -0.147599 -0.581347
vn -0.730494 -0.429767 -0.530735
vn -0.730492 -0.429768 0.530736
vn -0.800155 -0.147600 0.581348
vn -0.989047 -0.147599 0.000000
vn -0.902939 -0.429768 0.000000
vn -0.279020 -0.429766 0.858748
vn -0.305632 -0.147600 0.940640
vn -0.800155 -0.147600 0.581348
vn -0.730492 -0.429768 0.530736
vn 0.279025 -0.429765 0.858747
vn 0.305631 -0.147599 0.940640
vn -0.305632 -0.147600 0.940640
vn -0.279020 -0.429766 0.858748
vn 0.730492 -0.429767 0.530737
vn 0.800156 -0.147600 0.581348
vn 0.305631 -0.147599 0.940640
vn 0.279025 -0.429765 0.858747
vn 0.902940 -0.429767 0.000002
vn 0.989047 -0.147600 0.000001
vn 0.800156 -0.147600 0.581348
vn 0.730492 -0.429767 0.530737
vn 0.730492 -0.429767 -0.530737
vn 0.800155 -0.147599 -0.581349
vn 0.989047 -0.147600 0.000001
vn 0.902940 -0.429767 0.000002
vn 0.305631 -0.147598 -0.940641
vn 0.305633 0.147599 -0.940640
vn 0.800156 0.147599 -0.581348
vn 0.800155 -0.147599 -0.581349
vn -0.305634 -0.147599 -0.940639
vn -0.305634 0.147599 -0.940639
vn 0.305633 0.147599 -0.940640
vn 0.305631 -0.147598 -0.940641
vn -0.800157 -0.147599 -0.581347
vn -0.800156 0.147599 -0.581347
vn -0.305634 0.147599 -0.940639
vn -0.305634 -0.147599 -0.940639
vn -0.989047 -0.147599 0.000000
vn -0.989047 0.147598 -0.000000
vn -0.800156 0.147599 -0.581347
vn -0.800157 -0.147599 -0.581347
vn -0.800155 -0.147600 0.581348
vn -0.800156 0.147600 0.581347
vn -0.989047 0.147598 -0.000000
vn -0.989047 -0.147599 0.000000
vn -0.305632 -0.147600 0.940640
vn -0.305633 0.147600 0.940640
vn -0.800156 0.147600 0.581347
vn -0.800155 -0.147600 0.581348
vn 0.305631 -0.147599 0.940640
vn 0.305632 0.147599 0.940640
vn -0.305633 0.147600 0.940640
vn -0.305632 -0.147600 0.940640
vn 0.800156 -0.147600 0.581348
vn 0.800155 0.147600 0.581348
vn 0.305632 0.147599 0.940640
vn 0.305631 -0.147599 0.940640
vn 0.989047 -0.147600 0.000001
vn 0.989047 0.147600 0.000001
vn 0.800155 0.147600 0.581348
vn 0.800156 -0.147600 0.581348
vn 0.800155 -0.147599 -0.581349
vn 0.800156 0.147599 -0.581348
vn 0.989047 0.147600 0.000001
vn 0.989047 -0.147600 0.000001
vn 0.305633 0.147599 -0.940640
vn 0.279026 0.429765 -0.858747
vn 0.730493 0.429766 -0.530736
vn 0.800156 0.147599 -0.581348
vn -0.305634 0.147599 -0.940639
vn -0.279023 0.429765 -0.858748
vn 0.279026 0.429765 -0.858747
vn 0.305633 0.147599 -0.940640
vn -0.800156 0.147599 -0.581347
vn -0.730495 0.429765 -0.530734
vn -0.279023 0.429765 -0.858748
vn -0.305634 0.147599 -0.940639
vn -0.989047 0.147598 -0.000000
vn -0.902939 0.429768 0.000001
vn -0.730495 0.429765 -0.530734
vn -0.800156 0.147599 -0.581347
vn -0.800156 0.147600 0.581347
vn -0.730492 0.429768 0.530736
vn -0.902939 0.429768 0.000001
vn -0.989047 0.147598 -0.000000
vn -0.305633 0.147600 0.940640
vn -0.279021 0.429767 0.858748
vn -0.730492 0.429768 0.530736
vn -0.800156 0.147600 0.581347
vn 0.305632 0.147599 0.940640
vn 0.279026 0.429765 0.858747
vn -0.279021 0.429767 0.858748
vn -0.305633 0.147600 0.940640
vn 0.800155 0.147600 0.581348
vn 0.730491 0.429767 0.530738
vn 0.279026 0.429765 0.858747
vn 0.305632 0.147599 0.940640
vn 0.989047 0.147600 0.000001
vn 0.902939 0.429768 0.000002
vn 0.730491 0.429767 0.530738
vn 0.800155 0.147600 0.581348
vn 0.800156 0.147599 -0.581348
vn 0.730493 0.429766 -0.530736
vn 0.902939 0.429768 0.000002
vn 0.989047 0.147600 0.000001
vn 0.279026 0.429765 -0.858747
vn 0.228419 0.673507 -0.703003
vn 0.598011 0.673505 -0.434480
vn 0.730493 0.429766 -0.530736
vn -0.279023 0.429765 -0.858748
vn -0.228426 0.673506 -0.703002
vn 0.228419 0.673507 -0.703003
vn 0.279026 0.429765 -0.858747
vn -0.730495 0.429765 -0.530734
vn -0.598013 0.673505 -0.434478
vn -0.228426 0.673506 -0.703002
vn -0.279023 0.429765 -0.858748
vn -0.902939 0.429768 0.000001
vn -0.739180 0.673508 0.000001
vn -0.598013 0.673505 -0.434478
vn -0.730495 0.429765 -0.530734
vn -0.730492 0.429768 0.530736
vn -0.598010 0.673507 0.434479
vn -0.739180 0.673508 0.000001
vn -0.902939 0.429768 0.000001
vn -0.279021 0.429767 0.858748
vn -0.228423 0.673507 0.703002
vn -0.598010 0.673507 0.434479
vn -0.730492 0.429768 0.530736
vn 0.279026 0.429765 0.858747
vn 0.228422 0.673505 0.703003
vn -0.228423 0.673507 0.703002
vn -0.279021 0.429767 0.858748
vn 0.730491 0.429767 0.530738
vn 0.598013 0.673503 0.434480
vn 0.228422 0.673505 0.703003
vn 0.279026 0.429765 0.858747
vn 0.902939 0.429768 0.000002
vn 0.739182 0.673506 0.000002
vn 0.598013 0.673503 0.434480
vn 0.730491 0.429767 0.530738
vn 0.730493 0.429766 -0.530736
vn 0.598011 0.673505 -0.434480
vn 0.739182 0.673506 0.000002
vn 0.902939 0.429768 0.000002
vn 0.228419 0.673507 -0.703003
vn 0.160063 0.855401 -0.492615
vn 0.419043 0.855401 -0.304453
vn 0.598011 0.673505 -0.434480
vn -0.228426 0.673506 -0.703002
vn -0.160061 0.855402 -0.492613
vn 0.160063 0.855401 -0.492615
vn 0.228419 0.673507 -0.703003
vn -0.598013 0.673505 -0.434478
vn -0.419042 0.855403 -0.304451
vn -0.160061 0.855402 -0.492613
vn -0.228426 0.673506 -0.703002
vn -0.739180 0.673508 0.000001
vn -0.517963 0.855403 -0.000000
vn -0.419042 0.855403 -0.304451
vn -0.598013 0.673505 -0.434478
vn -0.598010 0.673507 0.434479
vn -0.419046 0.855401 0.304450
vn -0.517963 0.855403 -0.000000
vn -0.739180 0.673508 0.000001
vn -0.228423 0.673507 0.703002
vn -0.160061 0.855402 0.492614
vn -0.419046 0.855401 0.304450
vn -0.598010 0.673507 0.434479
vn 0.228422 0.673505 0.703003
vn 0.160063 0.855401 0.492615
vn -0.160061 0.855402 0.492614
vn -0.228423 0.673507 0.703002
vn 0.598013 0.673503 0.434480
vn 0.419045 0.855400 0.304453
vn 0.160063 0.855401 0.492615
vn 0.228422 0.673505 0.703003
vn 0.739182 0.673506 0.000002
vn 0.517964 0.855403 -0.000000
vn 0.419045 0.855400 0.304453
vn 0.598013 0.673503 0.434480
vn 0.598011 0.673505 -0.434480
vn 0.419043 0.855401 -0.304453
vn 0.517964 0.855403 -0.000000
vn 0.739182 0.673506 0.000002
vn 0.160063 0.855401 -0.492615
vn 0.090002 0.956646 -0.276999
vn 0.235625 0.956647 -0.171197
vn 0.419043 0.855401 -0.304453
vn -0.160061 0.855402 -0.492613
vn -0.090000 0.956646 -0.277000
vn 0.090002 0.956646 -0.276999
vn 0.160063 0.855401 -0.492615
vn -0.419042 0.855403 -0.304451
vn -0.235627 0.956646 -0.171195
vn -0.090000 0.956646 -0.277000
vn -0.160061 0.855402 -0.492613
vn -0.517963 0.855403 -0.000000
vn -0.291252 0.956647 -0.000000
vn -0.235627 0.956646 -0.171195
vn -0.419042 0.855403 -0.304451
vn -0.419046 0.855401 0.304450
vn -0.235627 0.956646 0.171195
vn -0.291252 0.956647 -0.000000
vn -0.517963 0.855403 -0.000000
vn -0.160061 0.855402 0.492614
vn -0.090000 0.956646 0.277000
vn -0.235627 0.956646 0.171195
vn -0.419046 0.855401 0.304450
vn 0.160063 0.855401 0.492615
vn 0.090002 0.956646 0.276999
vn -0.090000 0.956646 0.277000
vn -0.160061 0.855402 0.492614
vn 0.419045 0.855400 0.304453
vn 0.235626 0.956646 0.171197
vn 0.090002 0.956646 0.276999
vn 0.160063 0.855401 0.492615
vn 0.517964 0.855403 -0.000000
vn 0.291249 0.956647 -0.000000
vn 0.235626 0.956646 0.171197
vn 0.419045 0.855400 0.304453
vn 0.419043 0.855401 -0.304453
vn 0.235625 0.956647 -0.171197
vn 0.291249 0.956647 -0.000000
vn 0.517964 0.855403 -0.000000
vn 0.090012 -0.956645 -0.276998
vn 0.235641 -0.956643 -0.171196
vn 0.000000 -1.000000 0.000000
vn -0.090005 -0.956645 -0.277000
vn 0.090012 -0.956645 -0.276998
vn 0.000000 -1.000000 0.000000
vn -0.235637 -0.956644 -0.171195
vn -0.090005 -0.956645 -0.277000
vn 0.000000 -1.000000 0.000000
vn -0.291262 -0.956643 0.000000
vn -0.235637 -0.956644 -0.171195
vn 0.000000 -1.000000 0.000000
vn -0.235642 -0.956643 0.171194
vn -0.291262 -0.956643 0.000000
vn 0.000000 -1.000000 0.000000
vn -0.090011 -0.956645 0.276999
vn -0.235642 -0.956643 0.171194
vn 0.000000 -1.000000 0.000000
vn 0.090006 -0.956646 0.276998
vn -0.090011 -0.956645 0.276999
vn 0.000000 -1.000000 0.000000
vn 0.235635 -0.956644 0.171196
vn 0.090006 -0.956646 0.276998
vn 0.000000 -1.000000 0.000000
vn 0.291259 -0.956644 0.000000
vn 0.235635 -0.956644 0.171196
vn 0.000000 -1.000000 0.000000
vn 0.235641 -0.956643 -0.171196
vn 0.291259 -0.956644 0.000000
vn 0.000000 -1.000000 0.000000
vn 0.000000 1.000000 -0.000000
vn 0.235625 0.956647 -0.171197
vn 0.090002 0.956646 -0.276999
vn 0.000000 1.000000 -0.000000
vn 0.090002 0.956646 -0.276999
vn -0.090000 0.956646 -0.277000
vn 0.000000 1.000000 -0.000000
vn -0.090000 0.956646 -0.277000
vn -0.235627 0.956646 -0.171195
vn 0.000000 1.000000 -0.000000
vn -0.235627 0.956646 -0.171195
vn -0.291252 0.956647 -0.000000
vn 0.000000 1.000000 -0.000000
vn -0.291252 0.956647 -0.000000
vn -0.235627 0.956646 0.171195
vn 0.000000 1.000000 -0.000000
vn -0.235627 0.956646 0.171195
vn -0.090000 0.956646 0.277000
vn 0.000000 1.000000 -0.000000
vn -0.090000 0.956646 0.277000
vn 0.090002 0.956646 0.276999
vn 0.000000 1.000000 -0.000000
vn 0.090002 0.956646 0.276999
vn 0.235626 0.956646 0.171197
vn 0.000000 1.000000 -0.000000
vn 0.235626 0.956646 0.171197
vn 0.291249 0.956647 -0.000000
vn 0.000000 1.000000 -0.000000
vn 0.291249 0.956647 -0.000000
vn 0.235625 0.956647 -0.171197
vn 0.000000 -0.587783 -0.809019
vn 0.000000 -0.951061 -0.309004
vn 0.517231 -0.813959 -0.264466
vn 0.517231 -0.503050 -0.692396
vn 0.000000 -0.000000 -1.000000
vn 0.000000 -0.587783 -0.809019
vn 0.517231 -0.503050 -0.692396
vn 0.517221 -0.000001 -0.855852
vn 0.000000 0.587789 -0.809014
vn 0.000000 -0.000000 -1.000000
vn 0.517221 -0.000001 -0.855852
vn 0.517221 0.503064 -0.692394
vn 0.000000 0.951059 -0.309010
vn 0.000000 0.587789 -0.809014
vn 0.517221 0.503064 -0.692394
vn 0.517211 0.813972 -0.264466
vn 0.000000 0.951059 0.309010
vn 0.000000 0.951059 -0.309010
vn 0.517211 0.813972 -0.264466
vn 0.517214 0.813970 0.264466
vn 0.000000 0.587798 0.809008
vn 0.000000 0.951059 0.309010
vn 0.517214 0.813970 0.264466
vn 0.517220 0.503070 0.692390
vn 0.000000 0.000000 1.000000
vn 0.000000 0.587798 0.809008
vn 0.517220 0.503070 0.692390
vn 0.517219 0.000000 0.855853
vn 0.000000 -0.587792 0.809012
vn 0.000000 0.000000 1.000000
vn 0.517219 0.000000 0.855853
vn 0.517227 -0.503057 0.692394
vn 0.000000 -0.951061 0.309004
vn 0.000000 -0.587792 0.809012
vn 0.517227 -0.503057 0.692394
vn 0.517232 -0.813959 0.264466
vn 0.000000 -0.951061 -0.309004
vn 0.000000 -0.951061 0.309004
vn 0.517232 -0.813959 0.264466
vn 0.517231 -0.813959 -0.264466
vn 0.248431 -0.569350 -0.783660
vn 0.517231 -0.503050 -0.692396
vn 0.517231 -0.813959 -0.264466
vn 0.248431 -0.921238 -0.299338
vn 0.248432 -0.000000 -0.968649
vn 0.517221 -0.000001 -0.855852
vn 0.517231 -0.503050 -0.692396
vn 0.248431 -0.569350 -0.783660
vn 0.248428 0.569371 -0.783645
vn 0.517221 0.503064 -0.692394
vn 0.517221 -0.000001 -0.855852
vn 0.248432 -0.000000 -0.968649
vn 0.248422 0.921246 -0.299320
vn 0.517211 0.813972 -0.264466
vn 0.517221 0.503064 -0.692394
vn 0.248428 0.569371 -0.783645
vn 0.248424 0.921246 0.299318
vn 0.517214 0.813970 0.264466
vn 0.517211 0.813972 -0.264466
vn 0.248422 0.921246 -0.299320
vn 0.248429 0.569371 0.783645
vn 0.517220 0.503070 0.692390
vn 0.517214 0.813970 0.264466
vn 0.248424 0.921246 0.299318
vn 0.248430 0.000000 0.968650
vn 0.517219 0.000000 0.855853
vn 0.517220 0.503070 0.692390
vn 0.248429 0.569371 0.783645
vn 0.248429 -0.569350 0.783660
vn 0.517227 -0.503057 0.692394
vn 0.517219 0.000000 0.855853
vn 0.248430 0.000000 0.968650
vn 0.248431 -0.921238 0.299337
vn 0.517232 -0.813959 0.264466
vn 0.517227 -0.503057 0.692394
vn 0.248429 -0.569350 0.783660
vn 0.248431 -0.921238 -0.299338
vn 0.517231 -0.813959 -0.264466
vn 0.517232 -0.813959 0.264466
vn 0.248431 -0.921238 0.299337
vn -0.100610 -0.000000 -0.994926
vn -0.100607 0.584817 -0.804902
vn 0.248428 0.569371 -0.783645
vn 0.248432 -0.000000 -0.968649
vn -0.100607 0.584817 -0.804902
vn -0.100601 0.946234 -0.307441
vn 0.248422 0.921246 -0.299320
vn 0.248428 0.569371 -0.783645
vn -0.100601 0.946234 -0.307441
vn -0.100602 0.946235 0.307440
vn 0.248424 0.921246 0.299318
vn 0.248422 0.921246 -0.299320
vn -0.100602 0.946235 0.307440
vn -0.100610 0.584816 0.804902
vn 0.248429 0.569371 0.783645
vn 0.248424 0.921246 0.299318
vn -0.100610 0.584816 0.804902
vn -0.100613 0.000000 0.994926
vn 0.248430 0.000000 0.968650
vn 0.248429 0.569371 0.783645
vn -0.100613 0.000000 0.994926
vn -0.100615 -0.584794 0.804918
vn 0.248429 -0.569350 0.783660
vn 0.248430 0.000000 0.968650
vn -0.100615 -0.584794 0.804918
vn -0.100614 -0.946228 0.307457
vn 0.248431 -0.921238 0.299337
vn 0.248429 -0.569350 0.783660
vn -0.100614 -0.946228 0.307457
vn -0.100613 -0.946228 -0.307458
vn 0.248431 -0.921238 -0.299338
vn 0.248431 -0.921238 0.299337
vn -0.100613 -0.946228 -0.307458
vn -0.100612 -0.584795 -0.804918
vn 0.248431 -0.569350 -0.783660
vn 0.248431 -0.921238 -0.299338
vn -0.100612 -0.584795 -0.804918
vn -0.100610 -0.000000 -0.994926
vn 0.248432 -0.000000 -0.968649
vn 0.248431 -0.569350 -0.783660
vn -0.215135 0.574030 -0.790067
vn -0.100607 0.584817 -0.804902
vn -0.100610 -0.000000 -0.994926
vn -0.215146 -0.000000 -0.976582
vn -0.215122 0.928787 -0.301789
vn -0.100601 0.946234 -0.307441
vn -0.100607 0.584817 -0.804902
vn -0.215135 0.574030 -0.790067
vn -0.215124 0.928787 0.301787
vn -0.100602 0.946235 0.307440
vn -0.100601 0.946234 -0.307441
vn -0.215122 0.928787 -0.301789
vn -0.215142 0.574030 0.790066
vn -0.100610 0.584816 0.804902
vn -0.100602 0.946235 0.307440
vn -0.215124 0.928787 0.301787
vn -0.215151 0.000000 0.976581
vn -0.100613 0.000000 0.994926
vn -0.100610 0.584816 0.804902
vn -0.215142 0.574030 0.790066
vn -0.215154 -0.574014 0.790074
vn -0.100615 -0.584794 0.804918
vn -0.100613 0.000000 0.994926
vn -0.215151 0.000000 0.976581
vn -0.215155 -0.928780 0.301788
vn -0.100614 -0.946228 0.307457
vn -0.100615 -0.584794 0.804918
vn -0.215154 -0.574014 0.790074
vn -0.215151 -0.928780 -0.301790
vn -0.100613 -0.946228 -0.307458
vn -0.100614 -0.946228 0.307457
vn -0.215155 -0.928780 0.301788
vn -0.215147 -0.574015 -0.790075
vn -0.100612 -0.584795 -0.804918
vn -0.100613 -0.946228 -0.307458
vn -0.215151 -0.928780 -0.301790
vn -0.215146 -0.000000 -0.976582
vn -0.100610 -0.000000 -0.994926
vn -0.100612 -0.584795 -0.804918
vn -0.215147 -0.574015 -0.790075
vn 0.164724 -0.938061 -0.304807
vn 0.164699 -0.579752 -0.797974
vn -0.215147 -0.574015 -0.790075
vn -0.215151 -0.928780 -0.301790
vn 0.164699 -0.579752 -0.797974
vn 0.164694 -0.000000 -0.986345
vn -0.215146 -0.000000 -0.976582
vn -0.215147 -0.574015 -0.790075
vn 0.164694 -0.000000 -0.986345
vn 0.164698 0.579763 -0.797966
vn -0.215135 0.574030 -0.790067
vn -0.215146 -0.000000 -0.976582
vn 0.164698 0.579763 -0.797966
vn 0.164719 0.938060 -0.304813
vn -0.215122 0.928787 -0.301789
vn -0.215135 0.574030 -0.790067
vn 0.164719 0.938060 -0.304813
vn 0.164722 0.938060 0.304811
vn -0.215124 0.928787 0.301787
vn -0.215122 0.928787 -0.301789
vn 0.164722 0.938060 0.304811
vn 0.164706 0.579764 0.797964
vn -0.215142 0.574030 0.790066
vn -0.215124 0.928787 0.301787
vn 0.164706 0.579764 0.797964
vn 0.164701 0.000000 0.986344
vn -0.215151 0.000000 0.976581
vn -0.215142 0.574030 0.790066
vn 0.164701 0.000000 0.986344
vn 0.164706 -0.579752 0.797972
vn -0.215154 -0.574014 0.790074
vn -0.215151 0.000000 0.976581
vn 0.164706 -0.579752 0.797972
vn 0.164727 -0.938061 0.304806
vn -0.215155 -0.928780 0.301788
vn -0.215154 -0.574014 0.790074
vn 0.164727 -0.938061 0.304806
vn 0.164724 -0.938061 -0.304807
vn -0.215151 -0.928780 -0.301790
vn -0.215155 -0.928780 0.301788
vn 0.519478 -0.502239 -0.691302
vn 0.164699 -0.579752 -0.797974
vn 0.164724 -0.938061 -0.304807
vn 0.519496 -0.812645 -0.264067
vn 0.519468 0.000001 -0.854490
vn 0.164694 -0.000000 -0.986345
vn 0.164699 -0.579752 -0.797974
vn 0.519478 -0.502239 -0.691302
vn 0.519453 0.502270 -0.691299
vn 0.164698 0.579763 -0.797966
vn 0.164694 -0.000000 -0.986345
vn 0.519468 0.000001 -0.854490
vn 0.519454 0.812671 -0.264071
vn 0.164719 0.938060 -0.304813
vn 0.164698 0.579763 -0.797966
vn 0.519453 0.502270 -0.691299
vn 0.519462 0.812668 0.264063
vn 0.164722 0.938060 0.304811
vn 0.164719 0.938060 -0.304813
vn 0.519454 0.812671 -0.264071
vn 0.519472 0.502265 0.691288
vn 0.164706 0.579764 0.797964
vn 0.164722 0.938060 0.304811
vn 0.519462 0.812668 0.264063
vn 0.519487 0.000000 0.854478
vn 0.164701 0.000000 0.986344
vn 0.164706 0.579764 0.797964
vn 0.519472 0.502265 0.691288
vn 0.519494 -0.502235 0.691293
vn 0.164706 -0.579752 0.797972
vn 0.164701 0.000000 0.986344
vn 0.519487 0.000000 0.854478
vn 0.519500 -0.812645 0.264062
vn 0.164727 -0.938061 0.304806
vn 0.164706 -0.579752 0.797972
vn 0.519494 -0.502235 0.691293
vn 0.519496 -0.812645 -0.264067
vn 0.164724 -0.938061 -0.304807
vn 0.164727 -0.938061 0.304806
vn 0.519500 -0.812645 0.264062
vn 0.824865 -0.537658 -0.174706
vn 0.824852 -0.332299 -0.457380
vn 0.519478 -0.502239 -0.691302
vn 0.519496 -0.812645 -0.264067
vn 0.824852 -0.332299 -0.457380
vn 0.824852 -0.000000 -0.565349
vn 0.519468 0.000001 -0.854490
vn 0.519478 -0.502239 -0.691302
vn 0.824852 -0.000000 -0.565349
vn 0.824836 0.332320 -0.457393
vn 0.519453 0.502270 -0.691299
vn 0.519468 0.000001 -0.854490
vn 0.824836 0.332320 -0.457393
vn 0.824836 0.537698 -0.174716
vn 0.519454 0.812671 -0.264071
vn 0.519453 0.502270 -0.691299
vn 0.824836 0.537698 -0.174716
vn 0.824837 0.537697 0.174717
vn 0.519462 0.812668 0.264063
vn 0.519454 0.812671 -0.264071
vn 0.824837 0.537697 0.174717
vn 0.824841 0.332316 0.457388
vn 0.519472 0.502265 0.691288
vn 0.519462 0.812668 0.264063
vn 0.824841 0.332316 0.457388
vn 0.824854 0.000000 0.565346
vn 0.519487 0.000000 0.854478
vn 0.519472 0.502265 0.691288
vn 0.824854 0.000000 0.565346
vn 0.824856 -0.332295 0.457376
vn 0.519494 -0.502235 0.691293
vn 0.519487 0.000000 0.854478
vn 0.824856 -0.332295 0.457376
vn 0.824864 -0.537658 0.174707
vn 0.519500 -0.812645 0.264062
vn 0.519494 -0.502235 0.691293
vn 0.824864 -0.537658 0.174707
vn 0.824865 -0.537658 -0.174706
vn 0.519496 -0.812645 -0.264067
vn 0.519500 -0.812645 0.264062
vn 0.595320 -0.472268 -0.650045
vn 0.824852 -0.332299 -0.457380
vn 0.824865 -0.537658 -0.174706
vn 0.595325 -0.764155 -0.248307
vn 0.595310 -0.000001 -0.803496
vn 0.824852 -0.000000 -0.565349
vn 0.824852 -0.332299 -0.457380
vn 0.595320 -0.472268 -0.650045
vn 0.595308 0.472291 -0.650038
vn 0.824836 0.332320 -0.457393
vn 0.824852 -0.000000 -0.565349
vn 0.595310 -0.000001 -0.803496
vn 0.595293 0.764179 -0.248308
vn 0.824836 0.537698 -0.174716
vn 0.824836 0.332320 -0.457393
vn 0.595308 0.472291 -0.650038
vn 0.595293 0.764180 0.248307
vn 0.824837 0.537697 0.174717
vn 0.824836 0.537698 -0.174716
vn 0.595293 0.764179 -0.248308
vn 0.595306 0.472293 0.650039
vn 0.824841 0.332316 0.457388
vn 0.824837 0.537697 0.174717
vn 0.595293 0.764180 0.248307
vn 0.595310 0.000000 0.803496
vn 0.824854 0.000000 0.565346
vn 0.824841 0.332316 0.457388
vn 0.595306 0.472293 0.650039
vn 0.595317 -0.472270 0.650046
vn 0.824856 -0.332295 0.457376
vn 0.824854 0.000000 0.565346
vn 0.595310 0.000000 0.803496
vn 0.595323 -0.764156 0.248305
vn 0.824864 -0.537658 0.174707
vn 0.824856 -0.332295 0.457376
vn 0.595317 -0.472270 0.650046
vn 0.595325 -0.764155 -0.248307
vn 0.824865 -0.537658 -0.174706
vn 0.824864 -0.537658 0.174707
vn 0.595323 -0.764156 0.248305
vn -0.374206 -0.545066 -0.750249
vn 0.595320 -0.472268 -0.650045
vn 0.595325 -0.764155 -0.248307
vn -0.374215 -0.881949 -0.286581
vn -0.374205 -0.000001 -0.927346
vn 0.595310 -0.000001 -0.803496
vn 0.595320 -0.472268 -0.650045
vn -0.374206 -0.545066 -0.750249
vn -0.374205 -0.000001 -0.927346
vn -0.374198 0.545089 -0.750235
vn 0.595308 0.472291 -0.650038
vn 0.595310 -0.000001 -0.803496
vn -0.374197 0.881958 -0.286578
vn 0.595293 0.764179 -0.248308
vn 0.595308 0.472291 -0.650038
vn -0.374198 0.545089 -0.750235
vn -0.374197 0.881958 0.286576
vn 0.595293 0.764180 0.248307
vn 0.595293 0.764179 -0.248308
vn -0.374197 0.881958 -0.286578
vn -0.374199 0.545090 0.750235
vn 0.595306 0.472293 0.650039
vn 0.595293 0.764180 0.248307
vn -0.374197 0.881958 0.286576
vn -0.374206 -0.000001 0.927346
vn 0.595310 0.000000 0.803496
vn 0.595306 0.472293 0.650039
vn -0.374199 0.545090 0.750235
vn -0.374206 -0.545066 0.750249
vn 0.595317 -0.472270 0.650046
vn 0.595310 0.000000 0.803496
vn -0.374206 -0.000001 0.927346
vn -0.374213 -0.881951 0.286579
vn 0.595323 -0.764156 0.248305
vn 0.595317 -0.472270 0.650046
vn -0.374206 -0.545066 0.750249
vn -0.374215 -0.881949 -0.286581
vn 0.595325 -0.764155 -0.248307
vn 0.595323 -0.764156 0.248305
vn -0.374213 -0.881951 0.286579
vn -0.171373 -0.936983 -0.304458
vn -0.171363 -0.579078 -0.797059
vn -0.374206 -0.545066 -0.750249
vn -0.374215 -0.881949 -0.286581
vn -0.171363 -0.579078 -0.797059
vn -0.171363 0.000001 -0.985208
vn -0.374205 -0.000001 -0.927346
vn -0.374206 -0.545066 -0.750249
vn -0.171357 0.579105 -0.797041
vn -0.374198 0.545089 -0.750235
vn -0.374205 -0.000001 -0.927346
vn -0.171363 0.000001 -0.985208
vn -0.171357 0.579105 -0.797041
vn -0.171361 0.936986 -0.304454
vn -0.374197 0.881958 -0.286578
vn -0.374198 0.545089 -0.750235
vn -0.171361 0.936986 -0.304454
vn -0.171362 0.936986 0.304454
vn -0.374197 0.881958 0.286576
vn -0.374197 0.881958 -0.286578
vn -0.171362 0.936986 0.304454
vn -0.171360 0.579105 0.797040
vn -0.374199 0.545090 0.750235
vn -0.374197 0.881958 0.286576
vn -0.171360 0.579105 0.797040
vn -0.171364 0.000001 0.985208
vn -0.374206 -0.000001 0.927346
vn -0.374199 0.545090 0.750235
vn -0.171364 0.000001 0.985208
vn -0.171365 -0.579078 0.797059
vn -0.374206 -0.545066 0.750249
vn -0.374206 -0.000001 0.927346
vn -0.171365 -0.579078 0.797059
vn -0.171372 -0.936983 0.304458
vn -0.374213 -0.881951 0.286579
vn -0.374206 -0.545066 0.750249
vn -0.171372 -0.936983 0.304458
vn -0.171373 -0.936983 -0.304458
vn -0.374215 -0.881949 -0.286581
vn -0.374213 -0.881951 0.286579
vn 0.257984 -0.567875 -0.781641
vn -0.171363 -0.579078 -0.797059
vn -0.171373 -0.936983 -0.304458
vn 0.257991 -0.918857 -0.298569
vn 0.257984 -0.000000 -0.966149
vn -0.171363 0.000001 -0.985208
vn -0.171363 -0.579078 -0.797059
vn 0.257984 -0.567875 -0.781641
vn 0.257979 0.567901 -0.781623
vn -0.171357 0.579105 -0.797041
vn -0.171363 0.000001 -0.985208
vn 0.257984 -0.000000 -0.966149
vn 0.257982 0.918860 -0.298565
vn -0.171361 0.936986 -0.304454
vn -0.171357 0.579105 -0.797041
vn 0.257979 0.567901 -0.781623
vn 0.257982 0.918861 0.298564
vn -0.171362 0.936986 0.304454
vn -0.171361 0.936986 -0.304454
vn 0.257982 0.918860 -0.298565
vn 0.257981 0.567902 0.781622
vn -0.171360 0.579105 0.797040
vn -0.171362 0.936986 0.304454
vn 0.257982 0.918861 0.298564
vn 0.257985 0.000000 0.966149
vn -0.171364 0.000001 0.985208
vn -0.171360 0.579105 0.797040
vn 0.257981 0.567902 0.781622
vn 0.257985 -0.567876 0.781640
vn -0.171365 -0.579078 0.797059
vn -0.171364 0.000001 0.985208
vn 0.257985 0.000000 0.966149
vn 0.257991 -0.918857 0.298568
vn -0.171372 -0.936983 0.304458
vn -0.171365 -0.579078 0.797059
vn 0.257985 -0.567876 0.781640
vn 0.257991 -0.918857 -0.298569
vn -0.171373 -0.936983 -0.304458
vn -0.171372 -0.936983 0.304458
vn 0.257991 -0.918857 0.298568
vn 0.515236 -0.815097 -0.264858
vn 0.515224 -0.503753 -0.693381
vn 0.257984 -0.567875 -0.781641
vn 0.257991 -0.918857 -0.298569
vn 0.515224 -0.503753 -0.693381
vn 0.515226 -0.000000 -0.857054
vn 0.257984 -0.000000 -0.966149
vn 0.257984 -0.567875 -0.781641
vn 0.515226 -0.000000 -0.857054
vn 0.515219 0.503777 -0.693367
vn 0.257979 0.567901 -0.781623
vn 0.257984 -0.000000 -0.966149
vn 0.515219 0.503777 -0.693367
vn 0.515221 0.815108 -0.264852
vn 0.257982 0.918860 -0.298565
vn 0.257979 0.567901 -0.781623
vn 0.515221 0.815108 -0.264852
vn 0.515222 0.815108 0.264852
vn 0.257982 0.918861 0.298564
vn 0.257982 0.918860 -0.298565
vn 0.515222 0.815108 0.264852
vn 0.515222 0.503777 0.693365
vn 0.257981 0.567902 0.781622
vn 0.257982 0.918861 0.298564
vn 0.515222 0.503777 0.693365
vn 0.515229 0.000000 0.857052
vn 0.257985 0.000000 0.966149
vn 0.257981 0.567902 0.781622
vn 0.515229 0.000000 0.857052
vn 0.515227 -0.503753 0.693379
vn 0.257985 -0.567876 0.781640
vn 0.257985 0.000000 0.966149
vn 0.515227 -0.503753 0.693379
vn 0.515237 -0.815096 0.264857
vn 0.257991 -0.918857 0.298568
vn 0.257985 -0.567876 0.781640
vn 0.515237 -0.815096 0.264857
vn 0.515236 -0.815097 -0.264858
vn 0.257991 -0.918857 -0.298569
vn 0.257991 -0.918857 0.298568
vn 0.500317 -0.823460 -0.267577
vn 0.500309 -0.508920 -0.700494
vn 0.633723 -0.454676 -0.625832
vn 0.633733 -0.735686 -0.239056
vn 0.500309 -0.508920 -0.700494
vn 0.500308 -0.000000 -0.865848
vn 0.633725 -0.000000 -0.773559
vn 0.633723 -0.454676 -0.625832
vn 0.500302 0.508945 -0.700481
vn 0.633717 0.454701 -0.625819
vn 0.633725 -0.000000 -0.773559
vn 0.500308 -0.000000 -0.865848
vn 0.500302 0.508945 -0.700481
vn 0.500302 0.823471 -0.267571
vn 0.633719 0.735701 -0.239050
vn 0.633717 0.454701 -0.625819
vn 0.500302 0.823471 -0.267571
vn 0.500301 0.823471 0.267571
vn 0.633718 0.735701 0.239050
vn 0.633719 0.735701 -0.239050
vn 0.500301 0.823471 0.267571
vn 0.500301 0.508947 0.700480
vn 0.633717 0.454701 0.625819
vn 0.633718 0.735701 0.239050
vn 0.500301 0.508947 0.700480
vn 0.500307 0.000000 0.865848
vn 0.633726 0.000000 0.773558
vn 0.633717 0.454701 0.625819
vn 0.500307 0.000000 0.865848
vn 0.500308 -0.508922 0.700494
vn 0.633723 -0.454676 0.625831
vn 0.633726 0.000000 0.773558
vn 0.500308 -0.508922 0.700494
vn 0.500316 -0.823460 0.267577
vn 0.633733 -0.735686 0.239056
vn 0.633723 -0.454676 0.625831
vn 0.500316 -0.823460 0.267577
vn 0.500317 -0.823460 -0.267577
vn 0.633733 -0.735686 -0.239056
vn 0.633733 -0.735686 0.239056
vn -0.009428 -0.951008 -0.309022
vn -0.009427 -0.587746 -0.808991
vn 0.239255 -0.570701 -0.785530
vn 0.239260 -0.923427 -0.300061
vn -0.009427 -0.587746 -0.808991
vn -0.009427 -0.000000 -0.999956
vn 0.239255 -0.000000 -0.970957
vn 0.239255 -0.570701 -0.785530
vn -0.009427 0.587771 -0.808973
vn 0.239250 0.570726 -0.785513
vn 0.239255 -0.000000 -0.970957
vn -0.009427 -0.000000 -0.999956
vn -0.009427 0.587771 -0.808973
vn -0.009428 0.951011 -0.309014
vn 0.239250 0.923433 -0.300053
vn 0.239250 0.570726 -0.785513
vn -0.009428 0.951011 -0.309014
vn -0.009427 0.951011 0.309014
vn 0.239250 0.923433 0.300052
vn 0.239250 0.923433 -0.300053
vn -0.009427 0.951011 0.309014
vn -0.009427 0.587772 0.808972
vn 0.239249 0.570727 0.785513
vn 0.239250 0.923433 0.300052
vn -0.009427 0.587772 0.808972
vn -0.009428 0.000000 0.999956
vn 0.239253 0.000000 0.970957
vn 0.239249 0.570727 0.785513
vn -0.009428 0.000000 0.999956
vn -0.009428 -0.587747 0.808990
vn 0.239254 -0.570702 0.785529
vn 0.239253 0.000000 0.970957
vn -0.009428 -0.587747 0.808990
vn -0.009428 -0.951008 0.309022
vn 0.239260 -0.923428 0.300060
vn 0.239254 -0.570702 0.785529
vn -0.009428 -0.951008 0.309022
vn -0.009428 -0.951008 -0.309022
vn 0.239260 -0.923427 -0.300061
vn 0.239260 -0.923428 0.300060
vn -0.493042 -0.827419 -0.268864
vn -0.493035 -0.511367 -0.703861
vn -0.202496 -0.575595 -0.792266
vn -0.202500 -0.931347 -0.302634
vn -0.493035 -0.511367 -0.703861
vn -0.493036 -0.000000 -0.870009
vn -0.202498 -0.000000 -0.979283
vn -0.202496 -0.575595 -0.792266
vn -0.493036 -0.000000 -0.870009
vn -0.493031 0.511391 -0.703847
vn -0.202494 0.575621 -0.792248
vn -0.202498 -0.000000 -0.979283
vn -0.493031 0.511391 -0.703847
vn -0.493030 0.827428 -0.268857
vn -0.202494 0.931351 -0.302626
vn -0.202494 0.575621 -0.792248
vn -0.493030 0.827428 -0.268857
vn -0.493030 0.827428 0.268857
vn -0.202494 0.931351 0.302625
vn -0.202494 0.931351 -0.302626
vn -0.493030 0.827428 0.268857
vn -0.493031 0.511392 0.703846
vn -0.202494 0.575621 0.792248
vn -0.202494 0.931351 0.302625
vn -0.493031 0.511392 0.703846
vn -0.493034 0.000000 0.870010
vn -0.202497 0.000000 0.979283
vn -0.202494 0.575621 0.792248
vn -0.493034 0.000000 0.870010
vn -0.493035 -0.511368 0.703860
vn -0.202496 -0.575596 0.792266
vn -0.202497 0.000000 0.979283
vn -0.493035 -0.511368 0.703860
vn -0.493042 -0.827419 0.268863
vn -0.202501 -0.931346 0.302634
vn -0.202496 -0.575596 0.792266
vn -0.493042 -0.827419 0.268863
vn -0.493042 -0.827419 -0.268864
vn -0.202500 -0.931347 -0.302634
vn -0.202501 -0.931346 0.302634
vn -1.000000 0.000000 0.000000
vn -0.814566 -0.340948 -0.469294
vn -0.814570 -0.551670 -0.179263
vn -1.000000 0.000000 0.000000
vn -0.814564 -0.000000 -0.580073
vn -0.814566 -0.340948 -0.469294
vn -1.000000 0.000000 0.000000
vn -0.814562 0.340969 -0.469285
vn -0.814564 -0.000000 -0.580073
vn -1.000000 0.000000 0.000000
vn -0.814561 0.551685 -0.179259
vn -0.814562 0.340969 -0.469285
vn -1.000000 0.000000 0.000000
vn -0.814561 0.551685 0.179259
vn -0.814561 0.551685 -0.179259
vn -1.000000 0.000000 0.000000
vn -0.814562 0.340969 0.469285
vn -0.814561 0.551685 0.179259
vn -1.000000 0.000000 0.000000
vn -0.814565 0.000000 0.580073
vn -0.814562 0.340969 0.469285
vn -1.000000 0.000000 0.000000
vn -0.814566 -0.340949 0.469293
vn -0.814565 0.000000 0.580073
vn -1.000000 0.000000 0.000000
vn -0.814570 -0.551671 0.179263
vn -0.814566 -0.340949 0.469293
vn -1.000000 0.000000 0.000000
vn -0.814570 -0.551670 -0.179263
vn -0.814570 -0.551671 0.179263
vn 0.633717 0.454701 -0.625819
vn 0.633719 0.735701 -0.239050
vn 0.515221 0.815108 -0.264852
vn 0.515219 0.503777 -0.693367
vn 0.633719 0.735701 -0.239050
vn 0.633718 0.735701 0.239050
vn 0.515222 0.815108 0.264852
vn 0.515221 0.815108 -0.264852
vn 0.633718 0.735701 0.239050
vn 0.633717 0.454701 0.625819
vn 0.515222 0.503777 0.693365
vn 0.515222 0.815108 0.264852
vn 0.633717 0.454701 0.625819
vn 0.633726 0.000000 0.773558
vn 0.515229 0.000000 0.857052
vn 0.515222 0.503777 0.693365
vn 0.633726 0.000000 0.773558
vn 0.633723 -0.454676 0.625831
vn 0.515227 -0.503753 0.693379
vn 0.515229 0.000000 0.857052
vn 0.633723 -0.454676 0.625831
vn 0.633733 -0.735686 0.239056
vn 0.515237 -0.815096 0.264857
vn 0.515227 -0.503753 0.693379
vn 0.633733 -0.735686 0.239056
vn 0.633733 -0.735686 -0.239056
vn 0.515236 -0.815097 -0.264858
vn 0.515237 -0.815096 0.264857
vn 0.633733 -0.735686 -0.239056
vn 0.633723 -0.454676 -0.625832
vn 0.515224 -0.503753 -0.693381
vn 0.515236 -0.815097 -0.264858
vn 0.633723 -0.454676 -0.625832
vn 0.633725 -0.000000 -0.773559
vn 0.515226 -0.000000 -0.857054
vn 0.515224 -0.503753 -0.693381
vn 0.633725 -0.000000 -0.773559
vn 0.633717 0.454701 -0.625819
vn 0.515219 0.503777 -0.693367
vn 0.515226 -0.000000 -0.857054
vn -0.814562 0.340969 -0.469285
vn -0.814561 0.551685 -0.179259
vn -0.493030 0.827428 -0.268857
vn -0.493031 0.511391 -0.703847
vn -0.814561 0.551685 -0.179259
vn -0.814561 0.551685 0.179259
vn -0.493030 0.827428 0.268857
vn -0.493030 0.827428 -0.268857
vn -0.814561 0.551685 0.179259
vn -0.814562 0.340969 0.469285
vn -0.493031 0.511392 0.703846
vn -0.493030 0.827428 0.268857
vn -0.814562 0.340969 0.469285
vn -0.814565 0.000000 0.580073
vn -0.493034 0.000000 0.870010
vn -0.493031 0.511392 0.703846
vn -0.814565 0.000000 0.580073
vn -0.814566 -0.340949 0.469293
vn -0.493035 -0.511368 0.703860
vn -0.493034 0.000000 0.870010
vn -0.814566 -0.340949 0.469293
vn -0.814570 -0.551671 0.179263
vn -0.493042 -0.827419 0.268863
vn -0.493035 -0.511368 0.703860
vn -0.814570 -0.551671 0.179263
vn -0.814570 -0.551670 -0.179263
vn -0.493042 -0.827419 -0.268864
vn -0.493042 -0.827419 0.268863
vn -0.814570 -0.551670 -0.179263
vn -0.814566 -0.340948 -0.469294
vn -0.493035 -0.511367 -0.703861
vn -0.493042 -0.827419 -0.268864
vn -0.814566 -0.340948 -0.469294
vn -0.814564 -0.000000 -0.580073
vn -0.493036 -0.000000 -0.870009
vn -0.493035 -0.511367 -0.703861
vn -0.814564 -0.000000 -0.580073
vn -0.814562 0.340969 -0.469285
vn -0.493031 0.511391 -0.703847
vn -0.493036 -0.000000 -0.870009
vn -0.202498 -0.000000 -0.979283
vn -0.202494 0.575621 -0.792248
vn -0.009427 0.587771 -0.808973
vn -0.009427 -0.000000 -0.999956
vn -0.202494 0.575621 -0.792248
vn -0.202494 0.931351 -0.302626
vn -0.009428 0.951011 -0.309014
vn -0.009427 0.587771 -0.808973
vn -0.202494 0.931351 -0.302626
vn -0.202494 0.931351 0.302625
vn -0.009427 0.951011 0.309014
vn -0.009428 0.951011 -0.309014
vn -0.202494 0.931351 0.302625
vn -0.202494 0.575621 0.792248
vn -0.009427 0.587772 0.808972
vn -0.009427 0.951011 0.309014
vn -0.202494 0.575621 0.792248
vn -0.202497 0.000000 0.979283
vn -0.009428 0.000000 0.999956
vn -0.009427 0.587772 0.808972
vn -0.202497 0.000000 0.979283
vn -0.202496 -0.575596 0.792266
vn -0.009428 -0.587747 0.808990
vn -0.009428 0.000000 0.999956
vn -0.202496 -0.575596 0.792266
vn -0.202501 -0.931346 0.302634
vn -0.009428 -0.951008 0.309022
vn -0.009428 -0.587747 0.808990
vn -0.202501 -0.931346 0.302634
vn -0.202500 -0.931347 -0.302634
vn -0.009428 -0.951008 -0.309022
vn -0.009428 -0.951008 0.309022
vn -0.202500 -0.931347 -0.302634
vn -0.202496 -0.575595 -0.792266
vn -0.009427 -0.587746 -0.808991
vn -0.009428 -0.951008 -0.309022
vn -0.202496 -0.575595 -0.792266
vn -0.202498 -0.000000 -0.979283
vn -0.009427 -0.000000 -0.999956
vn -0.009427 -0.587746 -0.808991
vn 0.239255 -0.000000 -0.970957
vn 0.239250 0.570726 -0.785513
vn 0.500302 0.508945 -0.700481
vn 0.500308 -0.000000 -0.865848
vn 0.239250 0.570726 -0.785513
vn 0.239250 0.923433 -0.300053
vn 0.500302 0.823471 -0.267571
vn 0.500302 0.508945 -0.700481
vn 0.239250 0.923433 -0.300053
vn 0.239250 0.923433 0.300052
vn 0.500301 0.823471 0.267571
vn 0.500302 0.823471 -0.267571
vn 0.239250 0.923433 0.300052
vn 0.239249 0.570727 0.785513
vn 0.500301 0.508947 0.700480
vn 0.500301 0.823471 0.267571
vn 0.239249 0.570727 0.785513
vn 0.239253 0.000000 0.970957
vn 0.500307 0.000000 0.865848
vn 0.500301 0.508947 0.700480
vn 0.239253 0.000000 0.970957
vn 0.239254 -0.570702 0.785529
vn 0.500308 -0.508922 0.700494
vn 0.500307 0.000000 0.865848
vn 0.239254 -0.570702 0.785529
vn 0.239260 -0.923428 0.300060
vn 0.500316 -0.823460 0.267577
vn 0.500308 -0.508922 0.700494
vn 0.239260 -0.923428 0.300060
vn 0.239260 -0.923427 -0.300061
vn 0.500317 -0.823460 -0.267577
vn 0.500316 -0.823460 0.267577
vn 0.239260 -0.923427 -0.300061
vn 0.239255 -0.570701 -0.785530
vn 0.500309 -0.508920 -0.700494
vn 0.500317 -0.823460 -0.267577
vn 0.239255 -0.570701 -0.785530
vn 0.239255 -0.000000 -0.970957
vn 0.500308 -0.000000 -0.865848
vn 0.500309 -0.508920 -0.700494
vn 0.309014 -0.000000 -0.951057
vn 0.809017 -0.000000 -0.587785
vn 0.809017 -0.000000 -0.587785
vn 0.309014 -0.000000 -0.951057
vn -0.309014 -0.000000 -0.951057
vn 0.309014 -0.000000 -0.951057
vn 0.309014 -0.000000 -0.951057
vn -0.309014 -0.000000 -0.951057
vn -0.809017 -0.000000 -0.587785
vn -0.309014 -0.000000 -0.951057
vn -0.309014 -0.000000 -0.951057
vn -0.809017 -0.000000 -0.587785
vn -1.000000 0.000000 -0.000000
vn -0.809017 -0.000000 -0.587785
vn -0.809017 -0.000000 -0.587785
vn -1.000000 0.000000 -0.000000
vn -0.809017 0.000000 0.587785
vn -1.000000 0.000000 -0.000000
vn -1.000000 0.000000 -0.000000
vn -0.809017 0.000000 0.587785
vn -0.309014 0.000000 0.951057
vn -0.809017 0.000000 0.587785
vn -0.809017 0.000000 0.587785
vn -0.309014 0.000000 0.951057
vn 0.309014 0.000000 0.951057
vn -0.309014 0.000000 0.951057
vn -0.309014 0.000000 0.951057
vn 0.309014 0.000000 0.951057
vn 0.809017 0.000000 0.587785
vn 0.309014 0.000000 0.951057
vn 0.309014 0.000000 0.951057
vn 0.809017 0.000000 0.587785
vn 1.000000 0.000000 0.000000
vn 0.809017 0.000000 0.587785
vn 0.809017 0.000000 0.587785
vn 1.000000 0.000000 0.000000
vn 0.809017 -0.000000 -0.587785
vn 1.000000 0.000000 0.000000
vn 1.000000 0.000000 0.000000
vn 0.809017 -0.000000 -0.587785
vn 0.489937 -0.795777 -0.355952
vn 0.489936 -0.795777 -0.355952
vn 0.605594 -0.795774 -0.000001
vn 0.605594 -0.795774 -0.000001
vn 0.187137 -0.795785 -0.575939
vn 0.187137 -0.795785 -0.575939
vn 0.489936 -0.795777 -0.355952
vn 0.489937 -0.795777 -0.355952
vn -0.187136 -0.795786 -0.575938
vn -0.187137 -0.795786 -0.575938
vn 0.187137 -0.795785 -0.575939
vn 0.187137 -0.795785 -0.575939
vn -0.489936 -0.795778 -0.355950
vn -0.489936 -0.795778 -0.355950
vn -0.187137 -0.795786 -0.575938
vn -0.187136 -0.795786 -0.575938
vn -0.605594 -0.795774 0.000001
vn -0.605594 -0.795774 0.000001
vn -0.489936 -0.795778 -0.355950
vn -0.489936 -0.795778 -0.355950
vn -0.489938 -0.795776 0.355951
vn -0.489938 -0.795776 0.355951
vn -0.605594 -0.795774 0.000001
vn -0.605594 -0.795774 0.000001
vn -0.187137 -0.795783 0.575942
vn -0.187138 -0.795783 0.575942
vn -0.489938 -0.795776 0.355951
vn -0.489938 -0.795776 0.355951
vn 0.187138 -0.795783 0.575942
vn 0.187138 -0.795783 0.575942
vn -0.187138 -0.795783 0.575942
vn -0.187137 -0.795783 0.575942
vn 0.489937 -0.795776 0.355953
vn 0.489937 -0.795776 0.355954
vn 0.187138 -0.795783 0.575942
vn 0.187138 -0.795783 0.575942
vn 0.605594 -0.795774 -0.000001
vn 0.605594 -0.795774 -0.000001
vn 0.489937 -0.795776 0.355954
vn 0.489937 -0.795776 0.355953
vn 0.000000 -1.000000 0.000000
vn 0.000000 -1.000000 0.000000
vn 0.000000 -1.000000 0.000000
vn 0.000000 -1.000000 0.000000
vn 0.000000 -1.000000 0.000000
vn 0.000000 -1.000000 0.000000
vn 0.000000 -1.000000 0.000000
vn 0.000000 -1.000000 0.000000
vn 0.000000 -1.000000 0.000000
vn 0.000000 -1.000000 0.000000
vn 0.000000 -1.000000 0.000000
vn 0.000000 -1.000000 0.000000
vn 0.000000 -1.000000 0.000000
vn 0.000000 -1.000000 0.000000
vn 0.000000 -1.000000 0.000000
vn 0.000000 -1.000000 0.000000
vn 0.000000 -1.000000 0.000000
vn 0.000000 -1.000000 0.000000
vn 0.000000 -1.000000 0.000000
vn 0.000000 -1.000000 0.000000
vn 0.000000 -1.000000 0.000000
vn 0.000000 -1.000000 0.000000
vn 0.000000 -1.000000 0.000000
vn 0.000000 -1.000000 0.000000
vn 0.000000 -1.000000 0.000000
vn 0.000000 -1.000000 0.000000
vn 0.000000 -1.000000 0.000000
vn 0.000000 -1.000000 0.000000
vn 0.000000 -1.000000 0.000000
vn 0.000000 -1.000000 0.000000
vn 0.924980 0.318786 0.206851
vn 0.618052 0.726655 0.299974
vn 0.489305 0.608136 0.625101
vn 0.791625 0.223116 0.568814
vn 0.984038 0.083145 0.157343
vn 0.786093 0.013810 0.617954
vn 0.768475 -0.055016 0.637510
vn 0.986892 0.037895 0.156873
vn 0.984038 0.083145 0.157343
vn 0.924980 0.318786 0.206851
vn 0.791625 0.223116 0.568814
vn 0.786093 0.013810 0.617954
vn 0.924980 0.318786 0.206851
vn 0.925333 0.378765 -0.017215
vn 0.618936 0.778337 0.105400
vn 0.618052 0.726655 0.299974
vn 0.984608 0.149309 -0.090849
vn 0.984038 0.083145 0.157343
vn 0.986892 0.037895 0.156873
vn 0.987929 0.108886 -0.110184
vn 0.924980 0.318786 0.206851
vn 0.984038 0.083145 0.157343
vn 0.984608 0.149309 -0.090849
vn 0.925333 0.378765 -0.017215
vn 0.370710 0.616905 -0.694264
vn 0.375029 0.801754 -0.465343
vn 0.496390 0.837766 -0.227474
vn 0.790729 0.478444 -0.381888
vn 0.370764 0.276406 -0.886642
vn 0.364932 0.400811 -0.840342
vn 0.785607 0.323161 -0.527625
vn 0.770198 0.273228 -0.576318
vn 0.364932 0.400811 -0.840342
vn 0.370710 0.616905 -0.694264
vn 0.790729 0.478444 -0.381888
vn 0.785607 0.323161 -0.527625
vn 0.360208 -0.077650 0.929635
vn 0.049523 -0.094444 0.994298
vn 0.052592 -0.258200 0.964659
vn 0.361832 -0.208114 0.908717
vn 0.049135 0.187533 0.981029
vn 0.049523 -0.094444 0.994298
vn 0.360208 -0.077650 0.929635
vn 0.370772 0.181988 0.910719
vn 0.056973 0.491868 0.868804
vn 0.049135 0.187533 0.981029
vn 0.370772 0.181988 0.910719
vn 0.371605 0.460554 0.806101
vn 0.618052 0.726655 0.299974
vn 0.047940 0.925716 0.375170
vn 0.059263 0.748303 0.660705
vn 0.489305 0.608136 0.625101
vn 0.047831 0.989023 0.139803
vn 0.047940 0.925716 0.375170
vn 0.618052 0.726655 0.299974
vn 0.618936 0.778337 0.105400
vn 0.375029 0.801754 -0.465343
vn 0.056786 0.861551 -0.504485
vn 0.059156 0.982460 -0.176839
vn 0.496390 0.837766 -0.227474
vn 0.049322 0.658096 -0.751317
vn 0.056786 0.861551 -0.504485
vn 0.375029 0.801754 -0.465343
vn 0.370710 0.616905 -0.694264
vn 0.049586 0.419730 -0.906294
vn 0.049322 0.658096 -0.751317
vn 0.370710 0.616905 -0.694264
vn 0.364932 0.400811 -0.840342
vn 0.049586 0.419730 -0.906294
vn 0.364932 0.400811 -0.840342
vn 0.370764 0.276406 -0.886642
vn 0.053320 0.258736 -0.964475
vn 0.047940 0.925716 0.375170
vn 0.000000 0.928717 0.370790
vn 0.000000 0.758400 0.651789
vn 0.059263 0.748303 0.660705
vn 0.056786 0.861551 -0.504485
vn 0.000000 0.863425 -0.504477
vn 0.000000 0.986557 -0.163417
vn 0.059156 0.982460 -0.176839
vn -0.552422 -0.774572 -0.308007
vn -0.914464 -0.338183 -0.222234
vn -0.778721 -0.235703 -0.581410
vn -0.494995 -0.619952 -0.608802
vn -0.986942 -0.050540 -0.152945
vn -0.767197 0.046638 -0.639714
vn -0.784238 -0.034808 -0.619483
vn -0.982000 -0.094986 -0.163261
vn -0.914464 -0.338183 -0.222234
vn -0.982000 -0.094986 -0.163261
vn -0.784238 -0.034808 -0.619483
vn -0.778721 -0.235703 -0.581410
vn -0.914464 -0.338183 -0.222234
vn -0.552422 -0.774572 -0.308007
vn -0.553022 -0.824137 -0.122333
vn -0.914842 -0.403267 0.020968
vn -0.987366 -0.119145 0.104465
vn -0.986942 -0.050540 -0.152945
vn -0.982000 -0.094986 -0.163261
vn -0.982504 -0.162498 0.091000
vn -0.914464 -0.338183 -0.222234
vn -0.914842 -0.403267 0.020968
vn -0.982504 -0.162498 0.091000
vn -0.982000 -0.094986 -0.163261
vn -0.353152 -0.837885 0.416212
vn -0.349313 -0.659628 0.665486
vn -0.776852 -0.496531 0.387244
vn -0.491818 -0.842743 0.218860
vn -0.363702 -0.282963 0.887498
vn -0.769182 -0.280058 0.574393
vn -0.783294 -0.341113 0.519704
vn -0.357237 -0.405159 0.841563
vn -0.349313 -0.659628 0.665486
vn -0.357237 -0.405159 0.841563
vn -0.783294 -0.341113 0.519704
vn -0.776852 -0.496531 0.387244
vn -0.348488 0.204136 -0.914814
vn -0.047894 0.258522 -0.964817
vn -0.045371 0.097809 -0.994170
vn -0.350931 0.074490 -0.933434
vn -0.047335 -0.251804 -0.966620
vn -0.346150 -0.238635 -0.907322
vn -0.350931 0.074490 -0.933434
vn -0.045371 0.097809 -0.994170
vn -0.053420 -0.539647 -0.840195
vn -0.350718 -0.516979 -0.780852
vn -0.346150 -0.238635 -0.907322
vn -0.047335 -0.251804 -0.966620
vn -0.043296 -0.934881 -0.352311
vn -0.552422 -0.774572 -0.308007
vn -0.494995 -0.619952 -0.608802
vn -0.055800 -0.807304 -0.587492
vn -0.043190 -0.985509 -0.164035
vn -0.553022 -0.824137 -0.122333
vn -0.552422 -0.774572 -0.308007
vn -0.043296 -0.934881 -0.352311
vn -0.053450 -0.888258 0.456225
vn -0.353152 -0.837885 0.416212
vn -0.491818 -0.842743 0.218860
vn -0.055817 -0.992670 0.107197
vn -0.047335 -0.701378 0.711216
vn -0.349313 -0.659628 0.665486
vn -0.353152 -0.837885 0.416212
vn -0.053450 -0.888258 0.456225
vn -0.045480 -0.416857 0.907834
vn -0.357237 -0.405159 0.841563
vn -0.349313 -0.659628 0.665486
vn -0.047335 -0.701378 0.711216
vn -0.048630 -0.258513 0.964783
vn -0.363702 -0.282963 0.887498
vn -0.357237 -0.405159 0.841563
vn -0.045480 -0.416857 0.907834
vn -0.007653 -0.986325 -0.164634
vn 0.078156 -0.969599 -0.231882
vn 0.066694 -0.973515 -0.218680
vn -0.009862 -0.985483 -0.169489
vn 0.078156 -0.969599 -0.231882
vn 0.095499 -0.950790 -0.294752
vn 0.092793 -0.944817 -0.314181
vn 0.066694 -0.973515 -0.218680
vn 0.037114 -0.908475 -0.416289
vn -0.026593 -0.943657 -0.329854
vn -0.026233 -0.943066 -0.331569
vn 0.027522 -0.909251 -0.415338
vn -0.004795 -0.967543 -0.252663
vn -0.018770 -0.975344 -0.219889
vn -0.018782 -0.975504 -0.219177
vn -0.004524 -0.967453 -0.253011
vn -0.026233 -0.943066 -0.331569
vn -0.026593 -0.943657 -0.329854
vn -0.009253 -0.963961 -0.265882
vn -0.008731 -0.964076 -0.265485
vn -0.008731 -0.964076 -0.265485
vn -0.009253 -0.963961 -0.265882
vn 0.000000 -0.965926 -0.258819
vn 0.000000 -0.965926 -0.258819
vn 0.095499 -0.950790 -0.294752
vn 0.037114 -0.908475 -0.416289
vn 0.027522 -0.909251 -0.415338
vn 0.092793 -0.944817 -0.314181
vn -0.783294 -0.341113 0.519704
vn -0.769182 -0.280058 0.574393
vn -0.987366 -0.119145 0.104465
vn -0.982504 -0.162498 0.091000
vn -0.776852 -0.496531 0.387244
vn -0.783294 -0.341113 0.519704
vn -0.982504 -0.162498 0.091000
vn -0.914842 -0.403267 0.020968
vn -0.491818 -0.842743 0.218860
vn -0.776852 -0.496531 0.387244
vn -0.914842 -0.403267 0.020968
vn -0.553022 -0.824137 -0.122333
vn -0.055817 -0.992670 0.107197
vn -0.491818 -0.842743 0.218860
vn -0.553022 -0.824137 -0.122333
vn -0.043190 -0.985509 -0.164035
vn 0.059156 0.982460 -0.176839
vn 0.000000 0.986557 -0.163417
vn 0.000000 0.989430 0.145009
vn 0.047831 0.989023 0.139803
vn 0.496390 0.837766 -0.227474
vn 0.059156 0.982460 -0.176839
vn 0.047831 0.989023 0.139803
vn 0.618936 0.778337 0.105400
vn 0.790729 0.478444 -0.381888
vn 0.496390 0.837766 -0.227474
vn 0.618936 0.778337 0.105400
vn 0.925333 0.378765 -0.017215
vn 0.785607 0.323161 -0.527625
vn 0.790729 0.478444 -0.381888
vn 0.925333 0.378765 -0.017215
vn 0.984608 0.149309 -0.090849
vn 0.785607 0.323161 -0.527625
vn 0.984608 0.149309 -0.090849
vn 0.987929 0.108886 -0.110184
vn 0.770198 0.273228 -0.576318
vn -0.018770 -0.975344 -0.219889
vn -0.007653 -0.986325 -0.164634
vn -0.009862 -0.985483 -0.169489
vn -0.018782 -0.975504 -0.219177
vn -0.767197 0.046638 -0.639714
vn -0.348488 0.204136 -0.914814
vn -0.350931 0.074490 -0.933434
vn -0.784238 -0.034808 -0.619483
vn -0.778721 -0.235703 -0.581410
vn -0.784238 -0.034808 -0.619483
vn -0.350931 0.074490 -0.933434
vn -0.346150 -0.238635 -0.907322
vn -0.494995 -0.619952 -0.608802
vn -0.778721 -0.235703 -0.581410
vn -0.346150 -0.238635 -0.907322
vn -0.350718 -0.516979 -0.780852
vn -0.055800 -0.807304 -0.587492
vn -0.494995 -0.619952 -0.608802
vn -0.350718 -0.516979 -0.780852
vn -0.053420 -0.539647 -0.840195
vn 0.059263 0.748303 0.660705
vn 0.000000 0.758400 0.651789
vn 0.000000 0.493344 0.869834
vn 0.056973 0.491868 0.868804
vn 0.489305 0.608136 0.625101
vn 0.059263 0.748303 0.660705
vn 0.056973 0.491868 0.868804
vn 0.371605 0.460554 0.806101
vn 0.791625 0.223116 0.568814
vn 0.489305 0.608136 0.625101
vn 0.371605 0.460554 0.806101
vn 0.370772 0.181988 0.910719
vn 0.786093 0.013810 0.617954
vn 0.791625 0.223116 0.568814
vn 0.370772 0.181988 0.910719
vn 0.360208 -0.077650 0.929635
vn 0.786093 0.013810 0.617954
vn 0.360208 -0.077650 0.929635
vn 0.361832 -0.208114 0.908717
vn 0.768475 -0.055016 0.637510
vn 0.052592 -0.258200 0.964659
vn 0.049523 -0.094444 0.994298
vn 0.000000 -0.094302 0.995544
vn 0.000000 -0.257140 0.966374
vn 0.000000 0.184058 0.982915
vn 0.000000 -0.094302 0.995544
vn 0.049523 -0.094444 0.994298
vn 0.049135 0.187533 0.981029
vn 0.000000 0.493344 0.869834
vn 0.000000 0.184058 0.982915
vn 0.049135 0.187533 0.981029
vn 0.056973 0.491868 0.868804
vn 0.000000 0.989430 0.145009
vn 0.000000 0.928717 0.370790
vn 0.047940 0.925716 0.375170
vn 0.047831 0.989023 0.139803
vn 0.000000 0.655988 -0.754771
vn 0.000000 0.863425 -0.504477
vn 0.056786 0.861551 -0.504485
vn 0.049322 0.658096 -0.751317
vn 0.000000 0.420737 -0.907183
vn 0.000000 0.655988 -0.754771
vn 0.049322 0.658096 -0.751317
vn 0.049586 0.419730 -0.906294
vn 0.000000 0.420737 -0.907183
vn 0.049586 0.419730 -0.906294
vn 0.053320 0.258736 -0.964475
vn 0.000000 0.260615 -0.965443
vn -0.045371 0.097809 -0.994170
vn -0.047894 0.258522 -0.964817
vn 0.000000 0.258819 -0.965926
vn 0.000000 0.098170 -0.995170
vn 0.000000 0.098170 -0.995170
vn 0.000000 -0.246679 -0.969097
vn -0.047335 -0.251804 -0.966620
vn -0.045371 0.097809 -0.994170
vn 0.000000 -0.246679 -0.969097
vn 0.000000 -0.538934 -0.842348
vn -0.053420 -0.539647 -0.840195
vn -0.047335 -0.251804 -0.966620
vn 0.000000 -0.819550 -0.573008
vn 0.000000 -0.937573 -0.347788
vn -0.043296 -0.934881 -0.352311
vn -0.055800 -0.807304 -0.587492
vn 0.000000 -0.937573 -0.347788
vn 0.000000 -0.985581 -0.169207
vn -0.043190 -0.985509 -0.164035
vn -0.043296 -0.934881 -0.352311
vn 0.000000 -0.996081 0.088451
vn 0.000000 -0.888794 0.458308
vn -0.053450 -0.888258 0.456225
vn -0.055817 -0.992670 0.107197
vn 0.000000 -0.888794 0.458308
vn 0.000000 -0.698178 0.715924
vn -0.047335 -0.701378 0.711216
vn -0.053450 -0.888258 0.456225
vn 0.000000 -0.698178 0.715924
vn 0.000000 -0.417301 0.908768
vn -0.045480 -0.416857 0.907834
vn -0.047335 -0.701378 0.711216
vn 0.000000 -0.258819 0.965926
vn -0.048630 -0.258513 0.964783
vn -0.045480 -0.416857 0.907834
vn 0.000000 -0.417301 0.908768
vn 0.000000 -0.965925 -0.258823
vn -0.004795 -0.967543 -0.252663
vn -0.004524 -0.967453 -0.253011
vn 0.000000 -0.965925 -0.258823
vn 0.000000 -0.985581 -0.169207
vn 0.000000 -0.996081 0.088451
vn -0.055817 -0.992670 0.107197
vn -0.043190 -0.985509 -0.164035
vn 0.000000 -0.538934 -0.842348
vn 0.000000 -0.819550 -0.573008
vn -0.055800 -0.807304 -0.587492
vn -0.053420 -0.539647 -0.840195
vn -0.924980 0.318786 0.206851
vn -0.791625 0.223116 0.568814
vn -0.489305 0.608136 0.625101
vn -0.618051 0.726655 0.299974
vn -0.984038 0.083145 0.157343
vn -0.786093 0.013810 0.617954
vn -0.791625 0.223116 0.568814
vn -0.924980 0.318786 0.206851
vn -0.924980 0.318786 0.206851
vn -0.618051 0.726655 0.299974
vn -0.618936 0.778338 0.105400
vn -0.925333 0.378765 -0.017215
vn -0.924980 0.318786 0.206851
vn -0.925333 0.378765 -0.017215
vn -0.984608 0.149310 -0.090849
vn -0.984038 0.083145 0.157343
vn -0.370711 0.616905 -0.694264
vn -0.790729 0.478444 -0.381888
vn -0.496390 0.837766 -0.227474
vn -0.375028 0.801754 -0.465343
vn -0.364932 0.400811 -0.840342
vn -0.785608 0.323161 -0.527624
vn -0.790729 0.478444 -0.381888
vn -0.370711 0.616905 -0.694264
vn -0.049135 0.187533 0.981029
vn -0.370772 0.181988 0.910719
vn -0.360208 -0.077650 0.929635
vn -0.049523 -0.094444 0.994298
vn -0.056973 0.491868 0.868804
vn -0.371605 0.460554 0.806101
vn -0.370772 0.181988 0.910719
vn -0.049135 0.187533 0.981029
vn -0.618051 0.726655 0.299974
vn -0.489305 0.608136 0.625101
vn -0.059263 0.748303 0.660705
vn -0.047940 0.925716 0.375170
vn -0.047831 0.989023 0.139803
vn -0.618936 0.778338 0.105400
vn -0.618051 0.726655 0.299974
vn -0.047940 0.925716 0.375170
vn -0.375028 0.801754 -0.465343
vn -0.496390 0.837766 -0.227474
vn -0.059156 0.982460 -0.176839
vn -0.056786 0.861551 -0.504485
vn -0.049322 0.658096 -0.751317
vn -0.370711 0.616905 -0.694264
vn -0.375028 0.801754 -0.465343
vn -0.056786 0.861551 -0.504485
vn -0.049586 0.419730 -0.906294
vn -0.364932 0.400811 -0.840342
vn -0.370711 0.616905 -0.694264
vn -0.049322 0.658096 -0.751317
vn -0.047940 0.925716 0.375170
vn -0.059263 0.748303 0.660705
vn 0.000000 0.758400 0.651789
vn 0.000000 0.928717 0.370790
vn -0.056786 0.861551 -0.504485
vn -0.059156 0.982460 -0.176839
vn 0.000000 0.986557 -0.163417
vn 0.000000 0.863425 -0.504477
vn 0.552422 -0.774572 -0.308008
vn 0.494995 -0.619951 -0.608802
vn 0.778721 -0.235703 -0.581410
vn 0.914464 -0.338182 -0.222234
vn 0.914464 -0.338182 -0.222234
vn 0.778721 -0.235703 -0.581410
vn 0.784238 -0.034809 -0.619483
vn 0.982000 -0.094986 -0.163261
vn 0.914464 -0.338182 -0.222234
vn 0.914842 -0.403267 0.020968
vn 0.553022 -0.824137 -0.122333
vn 0.552422 -0.774572 -0.308008
vn 0.914464 -0.338182 -0.222234
vn 0.982000 -0.094986 -0.163261
vn 0.982504 -0.162498 0.091000
vn 0.914842 -0.403267 0.020968
vn 0.353152 -0.837885 0.416211
vn 0.491818 -0.842743 0.218860
vn 0.776853 -0.496531 0.387243
vn 0.349313 -0.659628 0.665486
vn 0.349313 -0.659628 0.665486
vn 0.776853 -0.496531 0.387243
vn 0.783295 -0.341113 0.519703
vn 0.357237 -0.405159 0.841563
vn 0.047335 -0.251804 -0.966620
vn 0.045371 0.097809 -0.994170
vn 0.350931 0.074490 -0.933434
vn 0.346150 -0.238635 -0.907322
vn 0.053420 -0.539647 -0.840195
vn 0.047335 -0.251804 -0.966620
vn 0.346150 -0.238635 -0.907322
vn 0.350719 -0.516979 -0.780852
vn 0.043296 -0.934881 -0.352311
vn 0.055800 -0.807304 -0.587492
vn 0.494995 -0.619951 -0.608802
vn 0.552422 -0.774572 -0.308008
vn 0.043191 -0.985509 -0.164035
vn 0.043296 -0.934881 -0.352311
vn 0.552422 -0.774572 -0.308008
vn 0.553022 -0.824137 -0.122333
vn 0.053450 -0.888258 0.456225
vn 0.055817 -0.992670 0.107197
vn 0.491818 -0.842743 0.218860
vn 0.353152 -0.837885 0.416211
vn 0.047335 -0.701378 0.711216
vn 0.053450 -0.888258 0.456225
vn 0.353152 -0.837885 0.416211
vn 0.349313 -0.659628 0.665486
vn 0.045480 -0.416857 0.907834
vn 0.047335 -0.701378 0.711216
vn 0.349313 -0.659628 0.665486
vn 0.357237 -0.405159 0.841563
vn 0.776853 -0.496531 0.387243
vn 0.914842 -0.403267 0.020968
vn 0.982504 -0.162498 0.091000
vn 0.783295 -0.341113 0.519703
vn 0.491818 -0.842743 0.218860
vn 0.553022 -0.824137 -0.122333
vn 0.914842 -0.403267 0.020968
vn 0.776853 -0.496531 0.387243
vn 0.055817 -0.992670 0.107197
vn 0.043191 -0.985509 -0.164035
vn 0.553022 -0.824137 -0.122333
vn 0.491818 -0.842743 0.218860
vn -0.059156 0.982460 -0.176839
vn -0.047831 0.989023 0.139803
vn 0.000000 0.989430 0.145009
vn 0.000000 0.986557 -0.163417
vn -0.496390 0.837766 -0.227474
vn -0.618936 0.778338 0.105400
vn -0.047831 0.989023 0.139803
vn -0.059156 0.982460 -0.176839
vn -0.790729 0.478444 -0.381888
vn -0.925333 0.378765 -0.017215
vn -0.618936 0.778338 0.105400
vn -0.496390 0.837766 -0.227474
vn -0.785608 0.323161 -0.527624
vn -0.984608 0.149310 -0.090849
vn -0.925333 0.378765 -0.017215
vn -0.790729 0.478444 -0.381888
vn 0.778721 -0.235703 -0.581410
vn 0.346150 -0.238635 -0.907322
vn 0.350931 0.074490 -0.933434
vn 0.784238 -0.034809 -0.619483
vn 0.494995 -0.619951 -0.608802
vn 0.350719 -0.516979 -0.780852
vn 0.346150 -0.238635 -0.907322
vn 0.778721 -0.235703 -0.581410
vn 0.055800 -0.807304 -0.587492
vn 0.053420 -0.539647 -0.840195
vn 0.350719 -0.516979 -0.780852
vn 0.494995 -0.619951 -0.608802
vn -0.059263 0.748303 0.660705
vn -0.056973 0.491868 0.868804
vn 0.000000 0.493344 0.869834
vn 0.000000 0.758400 0.651789
vn -0.489305 0.608136 0.625101
vn -0.371605 0.460554 0.806101
vn -0.056973 0.491868 0.868804
vn -0.059263 0.748303 0.660705
vn -0.791625 0.223116 0.568814
vn -0.370772 0.181988 0.910719
vn -0.371605 0.460554 0.806101
vn -0.489305 0.608136 0.625101
vn -0.786093 0.013810 0.617954
vn -0.360208 -0.077650 0.929635
vn -0.370772 0.181988 0.910719
vn -0.791625 0.223116 0.568814
vn -0.053320 0.258736 -0.964475
vn -0.370764 0.276406 -0.886642
vn -0.364932 0.400811 -0.840342
vn -0.049586 0.419730 -0.906294
vn -0.049523 -0.094444 0.994298
vn -0.052592 -0.258199 0.964659
vn 0.000000 -0.257140 0.966374
vn 0.000000 -0.094302 0.995544
vn -0.360208 -0.077650 0.929635
vn -0.361832 -0.208113 0.908717
vn -0.052592 -0.258199 0.964659
vn -0.049523 -0.094444 0.994298
vn -0.786093 0.013810 0.617954
vn -0.768475 -0.055016 0.637510
vn -0.361832 -0.208113 0.908717
vn -0.360208 -0.077650 0.929635
vn -0.984038 0.083145 0.157343
vn -0.986892 0.037895 0.156873
vn -0.768475 -0.055016 0.637510
vn -0.786093 0.013810 0.617954
vn -0.984608 0.149310 -0.090849
vn -0.987929 0.108887 -0.110184
vn -0.986892 0.037895 0.156873
vn -0.984038 0.083145 0.157343
vn -0.785608 0.323161 -0.527624
vn -0.770198 0.273229 -0.576316
vn -0.987929 0.108887 -0.110184
vn -0.984608 0.149310 -0.090849
vn -0.364932 0.400811 -0.840342
vn -0.370764 0.276406 -0.886642
vn -0.770198 0.273229 -0.576316
vn -0.785608 0.323161 -0.527624
vn -0.027523 -0.909251 -0.415338
vn 0.026233 -0.943066 -0.331570
vn 0.026594 -0.943657 -0.329854
vn -0.037116 -0.908475 -0.416289
vn -0.092794 -0.944817 -0.314181
vn -0.027523 -0.909251 -0.415338
vn -0.037116 -0.908475 -0.416289
vn -0.095500 -0.950790 -0.294753
vn -0.066695 -0.973514 -0.218681
vn -0.092794 -0.944817 -0.314181
vn -0.095500 -0.950790 -0.294753
vn -0.078157 -0.969599 -0.231882
vn 0.009860 -0.985483 -0.169489
vn -0.066695 -0.973514 -0.218681
vn -0.078157 -0.969599 -0.231882
vn 0.007651 -0.986325 -0.164633
vn 0.018781 -0.975504 -0.219177
vn 0.009860 -0.985483 -0.169489
vn 0.007651 -0.986325 -0.164633
vn 0.018770 -0.975344 -0.219889
vn 0.004524 -0.967453 -0.253011
vn 0.018781 -0.975504 -0.219177
vn 0.018770 -0.975344 -0.219889
vn 0.004795 -0.967543 -0.252663
vn 0.008731 -0.964076 -0.265484
vn 0.000000 -0.965926 -0.258819
vn 0.000000 -0.965926 -0.258819
vn 0.009254 -0.963961 -0.265882
vn 0.026233 -0.943066 -0.331570
vn 0.008731 -0.964076 -0.265484
vn 0.009254 -0.963961 -0.265882
vn 0.026594 -0.943657 -0.329854
vn 0.363703 -0.282963 0.887498
vn 0.357237 -0.405159 0.841563
vn 0.783295 -0.341113 0.519703
vn 0.769182 -0.280058 0.574392
vn 0.045480 -0.416857 0.907834
vn 0.357237 -0.405159 0.841563
vn 0.363703 -0.282963 0.887498
vn 0.048630 -0.258513 0.964783
vn 0.348488 0.204136 -0.914814
vn 0.350931 0.074490 -0.933434
vn 0.045371 0.097809 -0.994170
vn 0.047894 0.258522 -0.964817
vn 0.767197 0.046637 -0.639714
vn 0.784238 -0.034809 -0.619483
vn 0.350931 0.074490 -0.933434
vn 0.348488 0.204136 -0.914814
vn 0.986942 -0.050540 -0.152945
vn 0.982000 -0.094986 -0.163261
vn 0.784238 -0.034809 -0.619483
vn 0.767197 0.046637 -0.639714
vn 0.987366 -0.119146 0.104464
vn 0.982504 -0.162498 0.091000
vn 0.982000 -0.094986 -0.163261
vn 0.986942 -0.050540 -0.152945
vn 0.769182 -0.280058 0.574392
vn 0.783295 -0.341113 0.519703
vn 0.982504 -0.162498 0.091000
vn 0.987366 -0.119146 0.104464
vn 0.000000 0.184058 0.982915
vn -0.049135 0.187533 0.981029
vn -0.049523 -0.094444 0.994298
vn 0.000000 -0.094302 0.995544
vn 0.000000 0.493344 0.869834
vn -0.056973 0.491868 0.868804
vn -0.049135 0.187533 0.981029
vn 0.000000 0.184058 0.982915
vn 0.000000 0.989430 0.145009
vn -0.047831 0.989023 0.139803
vn -0.047940 0.925716 0.375170
vn 0.000000 0.928717 0.370790
vn 0.000000 0.655988 -0.754771
vn -0.049322 0.658096 -0.751317
vn -0.056786 0.861551 -0.504485
vn 0.000000 0.863425 -0.504477
vn 0.000000 0.420737 -0.907183
vn -0.049586 0.419730 -0.906294
vn -0.049322 0.658096 -0.751317
vn 0.000000 0.655988 -0.754771
vn 0.000000 0.098170 -0.995170
vn 0.045371 0.097809 -0.994170
vn 0.047335 -0.251804 -0.966620
vn 0.000000 -0.246679 -0.969097
vn 0.000000 -0.246679 -0.969097
vn 0.047335 -0.251804 -0.966620
vn 0.053420 -0.539647 -0.840195
vn 0.000000 -0.538934 -0.842348
vn 0.000000 -0.819550 -0.573008
vn 0.055800 -0.807304 -0.587492
vn 0.043296 -0.934881 -0.352311
vn 0.000000 -0.937573 -0.347788
vn 0.000000 -0.937573 -0.347788
vn 0.043296 -0.934881 -0.352311
vn 0.043191 -0.985509 -0.164035
vn 0.000000 -0.985581 -0.169207
vn 0.000000 -0.996081 0.088451
vn 0.055817 -0.992670 0.107197
vn 0.053450 -0.888258 0.456225
vn 0.000000 -0.888794 0.458308
vn 0.000000 -0.888794 0.458308
vn 0.053450 -0.888258 0.456225
vn 0.047335 -0.701378 0.711216
vn 0.000000 -0.698178 0.715924
vn 0.000000 -0.698178 0.715924
vn 0.047335 -0.701378 0.711216
vn 0.045480 -0.416857 0.907834
vn 0.000000 -0.417301 0.908768
vn 0.000000 -0.985581 -0.169207
vn 0.043191 -0.985509 -0.164035
vn 0.055817 -0.992670 0.107197
vn 0.000000 -0.996081 0.088451
vn 0.000000 -0.538934 -0.842348
vn 0.053420 -0.539647 -0.840195
vn 0.055800 -0.807304 -0.587492
vn 0.000000 -0.819550 -0.573008
vn 0.000000 0.420737 -0.907183
vn 0.000000 0.260615 -0.965443
vn -0.053320 0.258736 -0.964475
vn -0.049586 0.419730 -0.906294
vn 0.000000 -0.965925 -0.258823
vn 0.000000 -0.965925 -0.258823
vn 0.004524 -0.967453 -0.253011
vn 0.004795 -0.967543 -0.252663
vn 0.000000 -0.258819 0.965926
vn 0.000000 -0.417301 0.908768
vn 0.045480 -0.416857 0.907834
vn 0.048630 -0.258513 0.964783
vn 0.047894 0.258522 -0.964817
vn 0.045371 0.097809 -0.994170
vn 0.000000 0.098170 -0.995170
vn 0.000000 0.258819 -0.965926
vn 0.002973 0.777402 -0.628997
vn 0.001135 0.998680 -0.051359
vn -0.000151 0.998632 -0.052285
vn -0.000397 0.777179 -0.629279
vn 0.003612 0.258814 -0.965920
vn 0.002973 0.777402 -0.628997
vn -0.000397 0.777179 -0.629279
vn -0.000490 0.258816 -0.965927
vn 0.002973 -0.358747 -0.933430
vn 0.003612 0.258814 -0.965920
vn -0.000490 0.258816 -0.965927
vn -0.000397 -0.358413 -0.933563
vn 0.001135 -0.839220 -0.543791
vn 0.002973 -0.358747 -0.933430
vn -0.000397 -0.358413 -0.933563
vn -0.000152 -0.838715 -0.544570
vn -0.001442 -0.998552 0.053777
vn 0.001135 -0.839220 -0.543791
vn -0.000152 -0.838715 -0.544570
vn 0.000152 -0.998624 0.052437
vn -0.003743 -0.776458 0.630158
vn -0.001442 -0.998552 0.053777
vn 0.000152 -0.998624 0.052437
vn 0.000397 -0.777112 0.629362
vn -0.004667 -0.258813 0.965916
vn -0.003743 -0.776458 0.630158
vn 0.000397 -0.777112 0.629362
vn 0.000490 -0.258815 0.965927
vn -0.003743 0.357353 0.933962
vn -0.004667 -0.258813 0.965916
vn 0.000490 -0.258815 0.965927
vn 0.000397 0.358317 0.933600
vn -0.003743 0.357353 0.933962
vn 0.000397 0.358317 0.933600
vn 0.000152 0.838599 0.544750
vn -0.001442 0.837866 0.545874
vn 0.001135 0.998680 -0.051359
vn -0.001442 0.837866 0.545874
vn 0.000152 0.838599 0.544750
vn -0.000151 0.998632 -0.052285
vn 0.134675 0.990114 0.039213
vn 0.056592 0.998348 -0.009938
vn 0.159844 0.787377 -0.595389
vn 0.418645 0.768159 -0.484426
vn 0.418645 0.768159 -0.484426
vn 0.159844 0.787377 -0.595389
vn 0.199484 0.253614 -0.946513
vn 0.531367 0.219254 -0.818277
vn 0.531367 0.219254 -0.818277
vn 0.199484 0.253614 -0.946513
vn 0.159847 -0.384192 -0.909310
vn 0.418647 -0.423032 -0.803603
vn 0.418647 -0.423032 -0.803603
vn 0.159847 -0.384192 -0.909310
vn 0.056588 -0.859640 -0.507757
vn 0.134659 -0.877083 -0.461078
vn 0.134659 -0.877083 -0.461078
vn 0.056588 -0.859640 -0.507757
vn -0.070024 -0.994250 0.081020
vn -0.197078 -0.979268 0.046855
vn -0.197078 -0.979268 0.046855
vn -0.070024 -0.994250 0.081020
vn -0.171553 -0.758653 0.628503
vn -0.451038 -0.722585 0.523866
vn -0.451038 -0.722585 0.523866
vn -0.171553 -0.758653 0.628503
vn -0.210098 -0.253039 0.944368
vn -0.544717 -0.217048 0.810045
vn -0.544717 -0.217048 0.810045
vn -0.210098 -0.253039 0.944368
vn -0.171553 0.342767 0.923623
vn -0.451037 0.363854 0.814970
vn -0.451037 0.363854 0.814970
vn -0.171553 0.342767 0.923623
vn -0.070030 0.820519 0.567314
vn -0.197095 0.824625 0.530234
vn -0.197095 0.824625 0.530234
vn -0.070030 0.820519 0.567314
vn 0.056592 0.998348 -0.009938
vn 0.134675 0.990114 0.039213
vn 0.219031 0.964769 0.145758
vn 0.134675 0.990114 0.039213
vn 0.418645 0.768159 -0.484426
vn 0.705622 0.688166 -0.168897
vn 0.705622 0.688166 -0.168897
vn 0.418645 0.768159 -0.484426
vn 0.531367 0.219254 -0.818277
vn 0.901896 0.111798 -0.417235
vn 0.901896 0.111798 -0.417235
vn 0.531367 0.219254 -0.818277
vn 0.418647 -0.423032 -0.803603
vn 0.705625 -0.511518 -0.490349
vn 0.705625 -0.511518 -0.490349
vn 0.418647 -0.423032 -0.803603
vn 0.134659 -0.877083 -0.461078
vn 0.219003 -0.908405 -0.356144
vn 0.219003 -0.908405 -0.356144
vn 0.134659 -0.877083 -0.461078
vn -0.197078 -0.979268 0.046855
vn -0.332694 -0.939673 -0.079555
vn -0.332694 -0.939673 -0.079555
vn -0.197078 -0.979268 0.046855
vn -0.451038 -0.722585 0.523866
vn -0.742035 -0.632651 0.221671
vn -0.742035 -0.632651 0.221671
vn -0.451038 -0.722585 0.523866
vn -0.544717 -0.217048 0.810045
vn -0.890114 -0.117952 0.440210
vn -0.890114 -0.117952 0.440210
vn -0.544717 -0.217048 0.810045
vn -0.451037 0.363854 0.814970
vn -0.742029 0.437066 0.508297
vn -0.742029 0.437066 0.508297
vn -0.451037 0.363854 0.814970
vn -0.197095 0.824625 0.530234
vn -0.332726 0.853541 0.400951
vn -0.332726 0.853541 0.400951
vn -0.197095 0.824625 0.530234
vn 0.134675 0.990114 0.039213
vn 0.219031 0.964769 0.145758
vn 0.303946 0.922231 0.238971
vn 0.219031 0.964769 0.145758
vn 0.705622 0.688166 -0.168897
vn 0.807281 0.575404 0.131178
vn 0.807281 0.575404 0.131178
vn 0.705622 0.688166 -0.168897
vn 0.901896 0.111798 -0.417235
vn 0.999629 0.007050 -0.026309
vn 0.999629 0.007050 -0.026309
vn 0.901896 0.111798 -0.417235
vn 0.705625 -0.511518 -0.490349
vn 0.807285 -0.563898 -0.174097
vn 0.807285 -0.563898 -0.174097
vn 0.705625 -0.511518 -0.490349
vn 0.219003 -0.908405 -0.356144
vn 0.303920 -0.918169 -0.254161
vn 0.303920 -0.918169 -0.254161
vn 0.219003 -0.908405 -0.356144
vn -0.332694 -0.939673 -0.079555
vn -0.315304 -0.919588 -0.234396
vn -0.315304 -0.919588 -0.234396
vn -0.332694 -0.939673 -0.079555
vn -0.742035 -0.632651 0.221671
vn -0.811443 -0.571125 -0.123999
vn -0.811443 -0.571125 -0.123999
vn -0.742035 -0.632651 0.221671
vn -0.890114 -0.117952 0.440210
vn -0.999409 -0.008897 0.033207
vn -0.999409 -0.008897 0.033207
vn -0.890114 -0.117952 0.440210
vn -0.742029 0.437066 0.508297
vn -0.811439 0.556614 0.178180
vn -0.811439 0.556614 0.178180
vn -0.742029 0.437066 0.508297
vn -0.332726 0.853541 0.400951
vn -0.315332 0.913575 0.256800
vn -0.315332 0.913575 0.256800
vn -0.332726 0.853541 0.400951
vn 0.219031 0.964769 0.145758
vn 0.303946 0.922231 0.238971
vn 0.808668 0.569267 0.148293
vn 0.308152 0.919324 0.244716
vn 0.303946 0.922231 0.238971
vn 0.807281 0.575404 0.131178
vn 0.999987 0.001313 -0.004895
vn 0.808668 0.569267 0.148293
vn 0.807281 0.575404 0.131178
vn 0.999629 0.007050 -0.026309
vn 0.808673 -0.567140 -0.156207
vn 0.999987 0.001313 -0.004895
vn 0.999629 0.007050 -0.026309
vn 0.807285 -0.563898 -0.174097
vn 0.308126 -0.918524 -0.247733
vn 0.808673 -0.567140 -0.156207
vn 0.807285 -0.563898 -0.174097
vn 0.303920 -0.918169 -0.254161
vn -0.309929 -0.918768 -0.244558
vn 0.308126 -0.918524 -0.247733
vn 0.303920 -0.918169 -0.254161
vn -0.315304 -0.919588 -0.234396
vn -0.809361 -0.568346 -0.148044
vn -0.309929 -0.918768 -0.244558
vn -0.315304 -0.919588 -0.234396
vn -0.811443 -0.571125 -0.123999
vn -0.999987 -0.001310 0.004895
vn -0.809361 -0.568346 -0.148044
vn -0.811443 -0.571125 -0.123999
vn -0.999409 -0.008897 0.033207
vn -0.809356 0.566230 0.155968
vn -0.999987 -0.001310 0.004895
vn -0.999409 -0.008897 0.033207
vn -0.811439 0.556614 0.178180
vn -0.309955 0.917948 0.247588
vn -0.809356 0.566230 0.155968
vn -0.811439 0.556614 0.178180
vn -0.315332 0.913575 0.256800
vn 0.308152 0.919324 0.244716
vn -0.309955 0.917948 0.247588
vn -0.315332 0.913575 0.256800
vn 0.303946 0.922231 0.238971
vn -0.070030 0.820519 0.567314
vn -0.171553 0.342767 0.923623
vn -0.003743 0.357353 0.933962
vn -0.001442 0.837866 0.545874
vn -0.171553 0.342767 0.923623
vn -0.210098 -0.253039 0.944368
vn -0.004667 -0.258813 0.965916
vn -0.003743 0.357353 0.933962
vn -0.210098 -0.253039 0.944368
vn -0.171553 -0.758653 0.628503
vn -0.003743 -0.776458 0.630158
vn -0.004667 -0.258813 0.965916
vn -0.171553 -0.758653 0.628503
vn -0.070024 -0.994250 0.081020
vn -0.001442 -0.998552 0.053777
vn -0.003743 -0.776458 0.630158
vn -0.070024 -0.994250 0.081020
vn 0.056588 -0.859640 -0.507757
vn 0.001135 -0.839220 -0.543791
vn -0.001442 -0.998552 0.053777
vn 0.056588 -0.859640 -0.507757
vn 0.159847 -0.384192 -0.909310
vn 0.002973 -0.358747 -0.933430
vn 0.001135 -0.839220 -0.543791
vn 0.159847 -0.384192 -0.909310
vn 0.199484 0.253614 -0.946513
vn 0.003612 0.258814 -0.965920
vn 0.002973 -0.358747 -0.933430
vn 0.199484 0.253614 -0.946513
vn 0.159844 0.787377 -0.595389
vn 0.002973 0.777402 -0.628997
vn 0.003612 0.258814 -0.965920
vn 0.159844 0.787377 -0.595389
vn 0.056592 0.998348 -0.009938
vn 0.001135 0.998680 -0.051359
vn 0.002973 0.777402 -0.628997
vn 0.056592 0.998348 -0.009938
vn -0.070030 0.820519 0.567314
vn -0.001442 0.837866 0.545874
vn 0.001135 0.998680 -0.051359
vn -0.003047 0.777240 -0.629197
vn -0.000397 0.777179 -0.629279
vn -0.000151 0.998632 -0.052285
vn -0.001180 0.998661 -0.051711
vn -0.003691 0.258814 -0.965920
vn -0.000490 0.258816 -0.965927
vn -0.000397 0.777179 -0.629279
vn -0.003047 0.777240 -0.629197
vn -0.003047 -0.358507 -0.933522
vn -0.000397 -0.358413 -0.933563
vn -0.000490 0.258816 -0.965927
vn -0.003691 0.258814 -0.965920
vn -0.001180 -0.839027 -0.544089
vn -0.000152 -0.838715 -0.544570
vn -0.000397 -0.358413 -0.933563
vn -0.003047 -0.358507 -0.933522
vn 0.001461 -0.998567 0.053504
vn 0.000152 -0.998624 0.052437
vn -0.000152 -0.838715 -0.544570
vn -0.001180 -0.839027 -0.544089
vn 0.003841 -0.776539 0.630057
vn 0.000397 -0.777112 0.629362
vn 0.000152 -0.998624 0.052437
vn 0.001461 -0.998567 0.053504
vn 0.004802 -0.258812 0.965916
vn 0.000490 -0.258815 0.965927
vn 0.000397 -0.777112 0.629362
vn 0.003841 -0.776539 0.630057
vn 0.003841 0.357474 0.933915
vn 0.000397 0.358317 0.933600
vn 0.000490 -0.258815 0.965927
vn 0.004802 -0.258812 0.965916
vn 0.001461 0.838016 0.545644
vn 0.000152 0.838599 0.544750
vn 0.000397 0.358317 0.933600
vn 0.003841 0.357474 0.933915
vn -0.001180 0.998661 -0.051711
vn -0.000151 0.998632 -0.052285
vn 0.000152 0.838599 0.544750
vn 0.001461 0.838016 0.545644
vn -0.416817 0.768464 -0.485517
vn -0.153913 0.788381 -0.595622
vn -0.054577 0.998471 -0.008770
vn -0.134112 0.990205 0.038833
vn -0.528966 0.219643 -0.819727
vn -0.191934 0.254004 -0.947968
vn -0.153913 0.788381 -0.595622
vn -0.416817 0.768464 -0.485517
vn -0.416814 -0.422754 -0.804702
vn -0.153911 -0.384946 -0.910015
vn -0.191934 0.254004 -0.947968
vn -0.528966 0.219643 -0.819727
vn -0.134096 -0.876972 -0.461452
vn -0.054572 -0.860330 -0.506809
vn -0.153911 -0.384946 -0.910015
vn -0.416814 -0.422754 -0.804702
vn 0.196421 -0.979385 0.047166
vn 0.067834 -0.994266 0.082664
vn -0.054572 -0.860330 -0.506809
vn -0.134096 -0.876972 -0.461452
vn 0.449627 -0.722874 0.524679
vn 0.166491 -0.758563 0.629970
vn 0.067834 -0.994266 0.082664
vn 0.196421 -0.979385 0.047166
vn 0.543064 -0.217326 0.811080
vn 0.204070 -0.253370 0.945600
vn 0.166491 -0.758563 0.629970
vn 0.449627 -0.722874 0.524679
vn 0.449628 0.363694 0.815820
vn 0.166492 0.341956 0.924849
vn 0.204070 -0.253370 0.945600
vn 0.543064 -0.217326 0.811080
vn 0.196440 0.824569 0.530563
vn 0.067842 0.819710 0.568748
vn 0.166492 0.341956 0.924849
vn 0.449628 0.363694 0.815820
vn -0.134112 0.990205 0.038833
vn -0.054577 0.998471 -0.008770
vn 0.067842 0.819710 0.568748
vn 0.196440 0.824569 0.530563
vn -0.706588 0.687116 -0.169128
vn -0.416817 0.768464 -0.485517
vn -0.134112 0.990205 0.038833
vn -0.220290 0.964518 0.145523
vn -0.902078 0.111699 -0.416867
vn -0.528966 0.219643 -0.819727
vn -0.416817 0.768464 -0.485517
vn -0.706588 0.687116 -0.169128
vn -0.706585 -0.510501 -0.490028
vn -0.416814 -0.422754 -0.804702
vn -0.528966 0.219643 -0.819727
vn -0.902078 0.111699 -0.416867
vn -0.220258 -0.908071 -0.356222
vn -0.134096 -0.876972 -0.461452
vn -0.416814 -0.422754 -0.804702
vn -0.706585 -0.510501 -0.490028
vn 0.332336 -0.939785 -0.079732
vn 0.196421 -0.979385 0.047166
vn -0.134096 -0.876972 -0.461452
vn -0.220258 -0.908071 -0.356222
vn 0.742288 -0.632502 0.221247
vn 0.449627 -0.722874 0.524679
vn 0.196421 -0.979385 0.047166
vn 0.332336 -0.939785 -0.079732
vn 0.890464 -0.117776 0.439549
vn 0.543064 -0.217326 0.811080
vn 0.449627 -0.722874 0.524679
vn 0.742288 -0.632502 0.221247
vn 0.742289 0.437143 0.507851
vn 0.449628 0.363694 0.815820
vn 0.543064 -0.217326 0.811080
vn 0.890464 -0.117776 0.439549
vn 0.332374 0.853726 0.400849
vn 0.196440 0.824569 0.530563
vn 0.449628 0.363694 0.815820
vn 0.742289 0.437143 0.507851
vn -0.220290 0.964518 0.145523
vn -0.134112 0.990205 0.038833
vn 0.196440 0.824569 0.530563
vn 0.332374 0.853726 0.400849
vn -0.807070 0.575996 0.129875
vn -0.706588 0.687116 -0.169128
vn -0.220290 0.964518 0.145523
vn -0.303579 0.922449 0.238596
vn -0.999578 0.007521 -0.028070
vn -0.902078 0.111699 -0.416867
vn -0.706588 0.687116 -0.169128
vn -0.807070 0.575996 0.129875
vn -0.807073 -0.563761 -0.175520
vn -0.706585 -0.510501 -0.490028
vn -0.902078 0.111699 -0.416867
vn -0.999578 0.007521 -0.028070
vn -0.303552 -0.918171 -0.254595
vn -0.220258 -0.908071 -0.356222
vn -0.706585 -0.510501 -0.490028
vn -0.807073 -0.563761 -0.175520
vn 0.315483 -0.919683 -0.233783
vn 0.332336 -0.939785 -0.079732
vn -0.220258 -0.908071 -0.356222
vn -0.303552 -0.918171 -0.254595
vn 0.811440 -0.571404 -0.122729
vn 0.742288 -0.632502 0.221247
vn 0.332336 -0.939785 -0.079732
vn 0.315483 -0.919683 -0.233783
vn 0.999355 -0.009291 0.034678
vn 0.890464 -0.117776 0.439549
vn 0.742288 -0.632502 0.221247
vn 0.811440 -0.571404 -0.122729
vn 0.811437 0.556219 0.179416
vn 0.742289 0.437143 0.507851
vn 0.890464 -0.117776 0.439549
vn 0.999355 -0.009291 0.034678
vn 0.315512 0.913351 0.257376
vn 0.332374 0.853726 0.400849
vn 0.742289 0.437143 0.507851
vn 0.811437 0.556219 0.179416
vn -0.303579 0.922449 0.238596
vn -0.220290 0.964518 0.145523
vn 0.332374 0.853726 0.400849
vn 0.315512 0.913351 0.257376
vn -0.308142 0.919330 0.244706
vn -0.808679 0.569260 0.148261
vn -0.807070 0.575996 0.129875
vn -0.303579 0.922449 0.238596
vn -0.808679 0.569260 0.148261
vn -0.999987 0.001322 -0.004926
vn -0.999578 0.007521 -0.028070
vn -0.807070 0.575996 0.129875
vn -0.999987 0.001322 -0.004926
vn -0.808683 -0.567119 -0.156229
vn -0.807073 -0.563761 -0.175520
vn -0.999578 0.007521 -0.028070
vn -0.808683 -0.567119 -0.156229
vn -0.308116 -0.918524 -0.247745
vn -0.303552 -0.918171 -0.254595
vn -0.807073 -0.563761 -0.175520
vn -0.308116 -0.918524 -0.247745
vn 0.309931 -0.918771 -0.244547
vn 0.315483 -0.919683 -0.233783
vn -0.303552 -0.918171 -0.254595
vn 0.309931 -0.918771 -0.244547
vn 0.809370 -0.568342 -0.148014
vn 0.811440 -0.571404 -0.122729
vn 0.315483 -0.919683 -0.233783
vn 0.809370 -0.568342 -0.148014
vn 0.999987 -0.001318 0.004926
vn 0.999355 -0.009291 0.034678
vn 0.811440 -0.571404 -0.122729
vn 0.999987 -0.001318 0.004926
vn 0.809366 0.566211 0.155988
vn 0.811437 0.556219 0.179416
vn 0.999355 -0.009291 0.034678
vn 0.809366 0.566211 0.155988
vn 0.309957 0.917944 0.247598
vn 0.315512 0.913351 0.257376
vn 0.811437 0.556219 0.179416
vn 0.309957 0.917944 0.247598
vn -0.308142 0.919330 0.244706
vn -0.303579 0.922449 0.238596
vn 0.315512 0.913351 0.257376
vn 0.204070 -0.253370 0.945600
vn 0.166492 0.341956 0.924849
vn 0.003841 0.357474 0.933915
vn 0.004802 -0.258812 0.965916
vn 0.166491 -0.758563 0.629970
vn 0.204070 -0.253370 0.945600
vn 0.004802 -0.258812 0.965916
vn 0.003841 -0.776539 0.630057
vn 0.067834 -0.994266 0.082664
vn 0.166491 -0.758563 0.629970
vn 0.003841 -0.776539 0.630057
vn 0.001461 -0.998567 0.053504
vn -0.054572 -0.860330 -0.506809
vn 0.067834 -0.994266 0.082664
vn 0.001461 -0.998567 0.053504
vn -0.001180 -0.839027 -0.544089
vn -0.153911 -0.384946 -0.910015
vn -0.054572 -0.860330 -0.506809
vn -0.001180 -0.839027 -0.544089
vn -0.003047 -0.358507 -0.933522
vn -0.191934 0.254004 -0.947968
vn -0.153911 -0.384946 -0.910015
vn -0.003047 -0.358507 -0.933522
vn -0.003691 0.258814 -0.965920
vn -0.153913 0.788381 -0.595622
vn -0.191934 0.254004 -0.947968
vn -0.003691 0.258814 -0.965920
vn -0.003047 0.777240 -0.629197
vn -0.054577 0.998471 -0.008770
vn -0.153913 0.788381 -0.595622
vn -0.003047 0.777240 -0.629197
vn -0.001180 0.998661 -0.051711
vn 0.067842 0.819710 0.568748
vn -0.054577 0.998471 -0.008770
vn -0.001180 0.998661 -0.051711
vn 0.001461 0.838016 0.545644
vn 0.166492 0.341956 0.924849
vn 0.067842 0.819710 0.568748
vn 0.001461 0.838016 0.545644
vn 0.003841 0.357474 0.933915
vn 0.938327 0.163067 -0.304880
vn 0.798188 0.163066 -0.579918
vn 0.787798 0.227524 -0.572370
vn 0.926113 0.227525 -0.300911
vn 0.798188 0.163066 -0.579918
vn 0.579918 0.163066 -0.798189
vn 0.572369 0.227525 -0.787798
vn 0.787798 0.227524 -0.572370
vn 0.579918 0.163066 -0.798189
vn 0.304881 0.163067 -0.938327
vn 0.300912 0.227526 -0.926112
vn 0.572369 0.227525 -0.787798
vn 0.300912 0.227526 -0.926112
vn 0.304881 0.163067 -0.938327
vn 0.000000 0.163067 -0.986615
vn 0.000000 0.227526 -0.973772
vn 0.000000 0.163067 -0.986615
vn -0.304881 0.163067 -0.938327
vn -0.300912 0.227527 -0.926112
vn 0.000000 0.227526 -0.973772
vn -0.304881 0.163067 -0.938327
vn -0.579918 0.163066 -0.798188
vn -0.572369 0.227525 -0.787798
vn -0.300912 0.227527 -0.926112
vn -0.579918 0.163066 -0.798188
vn -0.798189 0.163065 -0.579917
vn -0.787799 0.227524 -0.572369
vn -0.572369 0.227525 -0.787798
vn -0.798189 0.163065 -0.579917
vn -0.938327 0.163067 -0.304880
vn -0.926113 0.227523 -0.300912
vn -0.787799 0.227524 -0.572369
vn -0.938327 0.163067 -0.304880
vn -0.986615 0.163069 -0.000000
vn -0.973773 0.227523 -0.000000
vn -0.926113 0.227523 -0.300912
vn -0.986615 0.163069 -0.000000
vn -0.938327 0.163067 0.304880
vn -0.926113 0.227524 0.300912
vn -0.973773 0.227523 -0.000000
vn -0.938327 0.163067 0.304880
vn -0.798189 0.163065 0.579918
vn -0.787798 0.227524 0.572369
vn -0.926113 0.227524 0.300912
vn -0.798189 0.163065 0.579918
vn -0.579918 0.163066 0.798189
vn -0.572369 0.227525 0.787799
vn -0.787798 0.227524 0.572369
vn -0.579918 0.163066 0.798189
vn -0.304881 0.163065 0.938327
vn -0.300912 0.227525 0.926112
vn -0.572369 0.227525 0.787799
vn -0.304881 0.163065 0.938327
vn 0.000000 0.163065 0.986615
vn 0.000000 0.227525 0.973772
vn -0.300912 0.227525 0.926112
vn 0.000000 0.163065 0.986615
vn 0.304881 0.163066 0.938327
vn 0.300912 0.227526 0.926112
vn 0.000000 0.227525 0.973772
vn 0.304881 0.163066 0.938327
vn 0.579918 0.163067 0.798188
vn 0.572369 0.227527 0.787798
vn 0.300912 0.227526 0.926112
vn 0.579918 0.163067 0.798188
vn 0.798189 0.163068 0.579917
vn 0.787798 0.227527 0.572369
vn 0.572369 0.227527 0.787798
vn 0.798189 0.163068 0.579917
vn 0.938327 0.163069 0.304880
vn 0.926112 0.227527 0.300912
vn 0.787798 0.227527 0.572369
vn 0.938327 0.163069 0.304880
vn 0.986615 0.163069 0.000001
vn 0.973772 0.227526 0.000002
vn 0.926112 0.227527 0.300912
vn 0.986615 0.163069 0.000001
vn 0.938327 0.163067 -0.304880
vn 0.926113 0.227525 -0.300911
vn 0.973772 0.227526 0.000002
vn 0.000000 -1.000000 0.000000
vn 0.000000 -1.000000 0.000000
vn 0.000000 -1.000000 0.000000
vn 0.000000 -1.000000 0.000000
vn 0.000000 -1.000000 0.000000
vn 0.000000 -1.000000 0.000000
vn 0.000000 -1.000000 0.000000
vn 0.000000 -1.000000 0.000000
vn 0.000000 -1.000000 0.000000
vn 0.000000 -1.000000 0.000000
vn 0.000000 -1.000000 0.000000
vn 0.000000 -1.000000 0.000000
vn 0.000000 -1.000000 0.000000
vn 0.000000 -1.000000 0.000000
vn 0.000000 -1.000000 0.000000
vn 0.000000 -1.000000 0.000000
vn 0.000000 -1.000000 0.000000
vn 0.000000 -1.000000 0.000000
vn 0.000000 -1.000000 0.000000
vn 0.000000 -1.000000 0.000000
vn 0.000000 -1.000000 0.000000
vn 0.000000 -1.000000 0.000000
vn 0.000000 -1.000000 0.000000
vn 0.000000 -1.000000 0.000000
vn 0.000000 -1.000000 0.000000
vn 0.000000 -1.000000 0.000000
vn 0.000000 -1.000000 0.000000
vn 0.000000 -1.000000 0.000000
vn 0.000000 -1.000000 0.000000
vn 0.000000 -1.000000 0.000000
vn 0.000000 -1.000000 0.000000
vn 0.000000 -1.000000 0.000000
vn 0.000000 -1.000000 0.000000
vn 0.000000 -1.000000 0.000000
vn 0.000000 -1.000000 0.000000
vn 0.000000 -1.000000 0.000000
vn 0.000000 -1.000000 0.000000
vn 0.000000 -1.000000 0.000000
vn 0.000000 -1.000000 0.000000
vn 0.000000 -1.000000 0.000000
vn 0.000000 -1.000000 0.000000
vn 0.000000 -1.000000 0.000000
vn 0.000000 -1.000000 0.000000
vn 0.000000 -1.000000 0.000000
vn 0.000000 -1.000000 0.000000
vn 0.000000 -1.000000 0.000000
vn 0.000000 -1.000000 0.000000
vn 0.000000 -1.000000 0.000000
vn 0.000000 -1.000000 0.000000
vn 0.000000 -1.000000 0.000000
vn 0.000000 -1.000000 0.000000
vn 0.000000 -1.000000 0.000000
vn 0.000000 -1.000000 0.000000
vn 0.000000 -1.000000 0.000000
vn 0.000000 -1.000000 0.000000
vn 0.000000 -1.000000 0.000000
vn 0.000000 -1.000000 0.000000
vn 0.000000 -1.000000 0.000000
vn 0.000000 -1.000000 0.000000
vn 0.000000 -1.000000 0.000000
vn 0.211992 0.974841 -0.068880
vn 0.180331 0.974841 -0.131018
vn 0.305461 0.925981 -0.221931
vn 0.359091 0.925981 -0.116676
vn 0.180331 0.974841 -0.131018
vn 0.131018 0.974841 -0.180331
vn 0.221931 0.925981 -0.305461
vn 0.305461 0.925981 -0.221931
vn 0.221931 0.925981 -0.305461
vn 0.131018 0.974841 -0.180331
vn 0.068880 0.974841 -0.211991
vn 0.116676 0.925980 -0.359092
vn 0.068880 0.974841 -0.211991
vn 0.000000 0.974841 -0.222901
vn 0.000000 0.925980 -0.377572
vn 0.116676 0.925980 -0.359092
vn 0.000000 0.974841 -0.222901
vn -0.068880 0.974841 -0.211991
vn -0.116676 0.925980 -0.359092
vn 0.000000 0.925980 -0.377572
vn -0.068880 0.974841 -0.211991
vn -0.131018 0.974841 -0.180330
vn -0.221931 0.925980 -0.305462
vn -0.116676 0.925980 -0.359092
vn -0.131018 0.974841 -0.180330
vn -0.180330 0.974841 -0.131018
vn -0.305462 0.925981 -0.221930
vn -0.221931 0.925980 -0.305462
vn -0.180330 0.974841 -0.131018
vn -0.211992 0.974841 -0.068880
vn -0.359092 0.925980 -0.116676
vn -0.305462 0.925981 -0.221930
vn -0.211992 0.974841 -0.068880
vn -0.222901 0.974841 -0.000000
vn -0.377571 0.925981 -0.000000
vn -0.359092 0.925980 -0.116676
vn -0.222901 0.974841 -0.000000
vn -0.211992 0.974841 0.068880
vn -0.359092 0.925980 0.116676
vn -0.377571 0.925981 -0.000000
vn -0.211992 0.974841 0.068880
vn -0.180331 0.974841 0.131018
vn -0.305461 0.925981 0.221931
vn -0.359092 0.925980 0.116676
vn -0.180331 0.974841 0.131018
vn -0.131018 0.974841 0.180330
vn -0.221931 0.925980 0.305462
vn -0.305461 0.925981 0.221931
vn -0.131018 0.974841 0.180330
vn -0.068880 0.974841 0.211991
vn -0.116676 0.925980 0.359092
vn -0.221931 0.925980 0.305462
vn -0.068880 0.974841 0.211991
vn 0.000000 0.974841 0.222901
vn 0.000000 0.925980 0.377572
vn -0.116676 0.925980 0.359092
vn 0.000000 0.974841 0.222901
vn 0.068880 0.974841 0.211991
vn 0.116676 0.925980 0.359092
vn 0.000000 0.925980 0.377572
vn 0.068880 0.974841 0.211991
vn 0.131018 0.974841 0.180331
vn 0.221931 0.925980 0.305462
vn 0.116676 0.925980 0.359092
vn 0.131018 0.974841 0.180331
vn 0.180331 0.974841 0.131018
vn 0.305462 0.925980 0.221931
vn 0.221931 0.925980 0.305462
vn 0.180331 0.974841 0.131018
vn 0.211992 0.974841 0.068880
vn 0.359092 0.925980 0.116676
vn 0.305462 0.925980 0.221931
vn 0.211992 0.974841 0.068880
vn 0.222901 0.974841 -0.000000
vn 0.377572 0.925980 0.000001
vn 0.359092 0.925980 0.116676
vn 0.222901 0.974841 -0.000000
vn 0.211992 0.974841 -0.068880
vn 0.359091 0.925981 -0.116676
vn 0.377572 0.925980 0.000001
vn 0.359091 0.925981 -0.116676
vn 0.305461 0.925981 -0.221931
vn 0.579620 0.697638 -0.421119
vn 0.681386 0.697637 -0.221395
vn 0.305461 0.925981 -0.221931
vn 0.221931 0.925981 -0.305461
vn 0.421119 0.697638 -0.579621
vn 0.579620 0.697638 -0.421119
vn 0.421119 0.697638 -0.579621
vn 0.221931 0.925981 -0.305461
vn 0.116676 0.925980 -0.359092
vn 0.221395 0.697638 -0.681385
vn 0.116676 0.925980 -0.359092
vn 0.000000 0.925980 -0.377572
vn 0.000000 0.697638 -0.716451
vn 0.221395 0.697638 -0.681385
vn 0.000000 0.925980 -0.377572
vn -0.116676 0.925980 -0.359092
vn -0.221396 0.697637 -0.681386
vn 0.000000 0.697638 -0.716451
vn -0.116676 0.925980 -0.359092
vn -0.221931 0.925980 -0.305462
vn -0.421120 0.697637 -0.579622
vn -0.221396 0.697637 -0.681386
vn -0.221931 0.925980 -0.305462
vn -0.305462 0.925981 -0.221930
vn -0.579621 0.697637 -0.421120
vn -0.421120 0.697637 -0.579622
vn -0.305462 0.925981 -0.221930
vn -0.359092 0.925980 -0.116676
vn -0.681385 0.697637 -0.221396
vn -0.579621 0.697637 -0.421120
vn -0.359092 0.925980 -0.116676
vn -0.377571 0.925981 -0.000000
vn -0.716451 0.697637 -0.000000
vn -0.681385 0.697637 -0.221396
vn -0.377571 0.925981 -0.000000
vn -0.359092 0.925980 0.116676
vn -0.681385 0.697637 0.221396
vn -0.716451 0.697637 -0.000000
vn -0.359092 0.925980 0.116676
vn -0.305461 0.925981 0.221931
vn -0.579620 0.697638 0.421120
vn -0.681385 0.697637 0.221396
vn -0.305461 0.925981 0.221931
vn -0.221931 0.925980 0.305462
vn -0.421119 0.697638 0.579621
vn -0.579620 0.697638 0.421120
vn -0.221931 0.925980 0.305462
vn -0.116676 0.925980 0.359092
vn -0.221396 0.697638 0.681385
vn -0.421119 0.697638 0.579621
vn -0.116676 0.925980 0.359092
vn 0.000000 0.925980 0.377572
vn 0.000000 0.697638 0.716451
vn -0.221396 0.697638 0.681385
vn 0.000000 0.925980 0.377572
vn 0.116676 0.925980 0.359092
vn 0.221396 0.697638 0.681385
vn 0.000000 0.697638 0.716451
vn 0.116676 0.925980 0.359092
vn 0.221931 0.925980 0.305462
vn 0.421119 0.697638 0.579621
vn 0.221396 0.697638 0.681385
vn 0.221931 0.925980 0.305462
vn 0.305462 0.925980 0.221931
vn 0.579621 0.697638 0.421119
vn 0.421119 0.697638 0.579621
vn 0.305462 0.925980 0.221931
vn 0.359092 0.925980 0.116676
vn 0.681386 0.697637 0.221396
vn 0.579621 0.697638 0.421119
vn 0.359092 0.925980 0.116676
vn 0.377572 0.925980 0.000001
vn 0.716452 0.697637 0.000002
vn 0.681386 0.697637 0.221396
vn 0.377572 0.925980 0.000001
vn 0.359091 0.925981 -0.116676
vn 0.681386 0.697637 -0.221395
vn 0.716452 0.697637 0.000002
vn 0.422454 0.895930 -0.137266
vn 0.359362 0.895930 -0.261092
vn 0.806605 -0.077171 -0.586032
vn 0.948219 -0.077168 -0.308101
vn 0.806605 -0.077171 -0.586032
vn 0.359362 0.895930 -0.261092
vn 0.261090 0.895931 -0.359359
vn 0.586032 -0.077172 -0.806605
vn 0.261090 0.895931 -0.359359
vn 0.137266 0.895929 -0.422456
vn 0.308101 -0.077171 -0.948219
vn 0.586032 -0.077172 -0.806605
vn 0.137266 0.895929 -0.422456
vn 0.000000 0.895931 -0.444193
vn 0.000000 -0.077174 -0.997018
vn 0.308101 -0.077171 -0.948219
vn 0.000000 0.895931 -0.444193
vn -0.137266 0.895929 -0.422456
vn -0.308100 -0.077171 -0.948219
vn 0.000000 -0.077174 -0.997018
vn -0.137266 0.895929 -0.422456
vn -0.261090 0.895931 -0.359361
vn -0.586030 -0.077173 -0.806606
vn -0.308100 -0.077171 -0.948219
vn -0.261090 0.895931 -0.359361
vn -0.359361 0.895931 -0.261088
vn -0.806608 -0.077176 -0.586027
vn -0.586030 -0.077173 -0.806606
vn -0.359361 0.895931 -0.261088
vn -0.422457 0.895929 -0.137266
vn -0.948219 -0.077172 -0.308100
vn -0.806608 -0.077176 -0.586027
vn -0.422457 0.895929 -0.137266
vn -0.444191 0.895932 -0.000000
vn -0.997017 -0.077178 0.000000
vn -0.948219 -0.077172 -0.308100
vn -0.444191 0.895932 -0.000000
vn -0.422457 0.895929 0.137267
vn -0.948219 -0.077172 0.308100
vn -0.997017 -0.077178 0.000000
vn -0.422457 0.895929 0.137267
vn -0.359361 0.895931 0.261089
vn -0.806608 -0.077176 0.586027
vn -0.948219 -0.077172 0.308100
vn -0.359361 0.895931 0.261089
vn -0.261090 0.895931 0.359361
vn -0.586031 -0.077173 0.806605
vn -0.806608 -0.077176 0.586027
vn -0.261090 0.895931 0.359361
vn -0.137266 0.895929 0.422456
vn -0.308100 -0.077171 0.948219
vn -0.586031 -0.077173 0.806605
vn -0.137266 0.895929 0.422456
vn 0.000000 0.895931 0.444193
vn 0.000000 -0.077174 0.997018
vn -0.308100 -0.077171 0.948219
vn 0.000000 0.895931 0.444193
vn 0.137266 0.895929 0.422456
vn 0.308101 -0.077171 0.948219
vn 0.000000 -0.077174 0.997018
vn 0.137266 0.895929 0.422456
vn 0.261090 0.895931 0.359360
vn 0.586032 -0.077172 0.806605
vn 0.308101 -0.077171 0.948219
vn 0.261090 0.895931 0.359360
vn 0.359362 0.895930 0.261090
vn 0.806606 -0.077173 0.586030
vn 0.586032 -0.077172 0.806605
vn 0.359362 0.895930 0.261090
vn 0.422456 0.895929 0.137267
vn 0.948219 -0.077170 0.308101
vn 0.806606 -0.077173 0.586030
vn 0.422456 0.895929 0.137267
vn 0.444193 0.895931 0.000002
vn 0.997018 -0.077171 0.000004
vn 0.948219 -0.077170 0.308101
vn 0.444193 0.895931 0.000002
vn 0.422454 0.895930 -0.137266
vn 0.948219 -0.077168 -0.308101
vn 0.997018 -0.077171 0.000004
vn 0.947048 0.091691 -0.307721
vn 0.805610 0.091707 -0.585306
vn 0.631868 0.624493 -0.459077
vn 0.742807 0.624487 -0.241357
vn 0.805610 0.091707 -0.585306
vn 0.585308 0.091708 -0.805608
vn 0.459076 0.624493 -0.631868
vn 0.631868 0.624493 -0.459077
vn 0.585308 0.091708 -0.805608
vn 0.307719 0.091703 -0.947048
vn 0.241356 0.624494 -0.742802
vn 0.459076 0.624493 -0.631868
vn 0.307719 0.091703 -0.947048
vn 0.000000 0.091703 -0.995786
vn 0.000000 0.624490 -0.781033
vn 0.241356 0.624494 -0.742802
vn 0.000000 0.091703 -0.995786
vn -0.307722 0.091707 -0.947047
vn -0.241353 0.624496 -0.742801
vn 0.000000 0.624490 -0.781033
vn -0.307722 0.091707 -0.947047
vn -0.585306 0.091710 -0.805609
vn -0.459074 0.624498 -0.631865
vn -0.241353 0.624496 -0.742801
vn -0.585306 0.091710 -0.805609
vn -0.805610 0.091711 -0.585304
vn -0.631864 0.624498 -0.459075
vn -0.459074 0.624498 -0.631865
vn -0.805610 0.091711 -0.585304
vn -0.947048 0.091699 -0.307719
vn -0.742803 0.624493 -0.241354
vn -0.631864 0.624498 -0.459075
vn -0.947048 0.091699 -0.307719
vn -0.995788 0.091688 -0.000000
vn -0.781037 0.624485 -0.000000
vn -0.742803 0.624493 -0.241354
vn -0.995788 0.091688 -0.000000
vn -0.947048 0.091699 0.307719
vn -0.742803 0.624493 0.241355
vn -0.781037 0.624485 -0.000000
vn -0.947048 0.091699 0.307719
vn -0.805610 0.091711 0.585304
vn -0.631864 0.624498 0.459075
vn -0.742803 0.624493 0.241355
vn -0.805610 0.091711 0.585304
vn -0.585307 0.091710 0.805609
vn -0.459075 0.624498 0.631865
vn -0.631864 0.624498 0.459075
vn -0.585307 0.091710 0.805609
vn -0.307722 0.091706 0.947047
vn -0.241353 0.624496 0.742802
vn -0.459075 0.624498 0.631865
vn -0.307722 0.091706 0.947047
vn 0.000000 0.091703 0.995786
vn 0.000000 0.624489 0.781034
vn -0.241353 0.624496 0.742802
vn 0.000000 0.091703 0.995786
vn 0.307720 0.091702 0.947048
vn 0.241356 0.624494 0.742802
vn 0.000000 0.624489 0.781034
vn 0.307720 0.091702 0.947048
vn 0.585308 0.091708 0.805608
vn 0.459076 0.624493 0.631868
vn 0.241356 0.624494 0.742802
vn 0.585308 0.091708 0.805608
vn 0.805610 0.091708 0.585305
vn 0.631869 0.624491 0.459077
vn 0.459076 0.624493 0.631868
vn 0.805610 0.091708 0.585305
vn 0.947048 0.091691 0.307722
vn 0.742809 0.624485 0.241358
vn 0.631869 0.624491 0.459077
vn 0.947048 0.091691 0.307722
vn 0.995789 0.091680 0.000002
vn 0.781041 0.624479 0.000002
vn 0.742809 0.624485 0.241358
vn 0.995789 0.091680 0.000002
vn 0.947048 0.091691 -0.307721
vn 0.742807 0.624487 -0.241357
vn 0.781041 0.624479 0.000002
vn 0.809016 -0.000593 -0.587786
vn 0.951054 -0.000593 -0.309025
vn 0.874303 -0.393560 -0.284085
vn 0.743725 -0.393567 -0.540350
vn 0.587785 -0.000593 -0.809017
vn 0.809016 -0.000593 -0.587786
vn 0.743725 -0.393567 -0.540350
vn 0.540348 -0.393569 -0.743726
vn 0.309021 -0.000593 -0.951055
vn 0.587785 -0.000593 -0.809017
vn 0.540348 -0.393569 -0.743726
vn 0.284082 -0.393567 -0.874301
vn 0.000000 -0.000593 -1.000000
vn 0.309021 -0.000593 -0.951055
vn 0.284082 -0.393567 -0.874301
vn 0.000000 -0.393569 -0.919295
vn -0.309021 -0.000593 -0.951055
vn 0.000000 -0.000593 -1.000000
vn 0.000000 -0.393569 -0.919295
vn -0.284082 -0.393571 -0.874300
vn -0.587786 -0.000593 -0.809017
vn -0.309021 -0.000593 -0.951055
vn -0.284082 -0.393571 -0.874300
vn -0.540343 -0.393575 -0.743726
vn -0.809020 -0.000593 -0.587780
vn -0.587786 -0.000593 -0.809017
vn -0.540343 -0.393575 -0.743726
vn -0.743726 -0.393576 -0.540342
vn -0.951056 -0.000592 -0.309019
vn -0.809020 -0.000593 -0.587780
vn -0.743726 -0.393576 -0.540342
vn -0.874298 -0.393574 -0.284081
vn -1.000000 -0.000593 0.000000
vn -0.951056 -0.000592 -0.309019
vn -0.874298 -0.393574 -0.284081
vn -0.919292 -0.393577 0.000000
vn -0.951055 -0.000593 0.309021
vn -1.000000 -0.000593 0.000000
vn -0.919292 -0.393577 0.000000
vn -0.874297 -0.393576 0.284082
vn -0.809019 -0.000593 0.587783
vn -0.951055 -0.000593 0.309021
vn -0.874297 -0.393576 0.284082
vn -0.743725 -0.393576 0.540344
vn -0.587786 -0.000593 0.809016
vn -0.809019 -0.000593 0.587783
vn -0.743725 -0.393576 0.540344
vn -0.540345 -0.393574 0.743725
vn -0.309022 -0.000593 0.951055
vn -0.587786 -0.000593 0.809016
vn -0.540345 -0.393574 0.743725
vn -0.284084 -0.393571 0.874299
vn 0.000000 -0.000593 1.000000
vn -0.309022 -0.000593 0.951055
vn -0.284084 -0.393571 0.874299
vn 0.000000 -0.393570 0.919295
vn 0.309022 -0.000593 0.951055
vn 0.000000 -0.000593 1.000000
vn 0.000000 -0.393570 0.919295
vn 0.284083 -0.393567 0.874301
vn 0.587785 -0.000593 0.809017
vn 0.309022 -0.000593 0.951055
vn 0.284083 -0.393567 0.874301
vn 0.540348 -0.393569 0.743726
vn 0.809018 -0.000593 0.587783
vn 0.587785 -0.000593 0.809017
vn 0.540348 -0.393569 0.743726
vn 0.743723 -0.393577 0.540346
vn 0.951054 -0.000593 0.309024
vn 0.809018 -0.000593 0.587783
vn 0.743723 -0.393577 0.540346
vn 0.874295 -0.393578 0.284085
vn 1.000000 -0.000592 0.000006
vn 0.951054 -0.000593 0.309024
vn 0.874295 -0.393578 0.284085
vn 0.919296 -0.393566 0.000006
vn 0.874303 -0.393560 -0.284085
vn 0.951054 -0.000593 -0.309025
vn 1.000000 -0.000592 0.000006
vn 0.919296 -0.393566 0.000006
vn 0.021068 0.999661 -0.015308
vn 0.021068 0.999661 -0.015308
vn 0.024769 0.999661 -0.008048
vn 0.024769 0.999661 -0.008048
vn 0.015306 0.999661 -0.021069
vn 0.015306 0.999661 -0.021069
vn 0.021068 0.999661 -0.015308
vn 0.021068 0.999661 -0.015308
vn 0.008048 0.999661 -0.024768
vn 0.008048 0.999661 -0.024768
vn 0.015306 0.999661 -0.021069
vn 0.015306 0.999661 -0.021069
vn 0.000000 0.999661 -0.026043
vn 0.000000 0.999661 -0.026043
vn 0.008048 0.999661 -0.024768
vn 0.008048 0.999661 -0.024768
vn -0.008048 0.999661 -0.024768
vn -0.008048 0.999661 -0.024768
vn 0.000000 0.999661 -0.026043
vn 0.000000 0.999661 -0.026043
vn -0.015307 0.999661 -0.021069
vn -0.015307 0.999661 -0.021069
vn -0.008048 0.999661 -0.024768
vn -0.008048 0.999661 -0.024768
vn -0.021068 0.999661 -0.015307
vn -0.021068 0.999661 -0.015307
vn -0.015307 0.999661 -0.021069
vn -0.015307 0.999661 -0.021069
vn -0.024767 0.999661 -0.008048
vn -0.024767 0.999661 -0.008048
vn -0.021068 0.999661 -0.015307
vn -0.021068 0.999661 -0.015307
vn -0.026042 0.999661 -0.000000
vn -0.026042 0.999661 -0.000000
vn -0.024767 0.999661 -0.008048
vn -0.024767 0.999661 -0.008048
vn -0.024768 0.999661 0.008048
vn -0.024768 0.999661 0.008048
vn -0.026042 0.999661 -0.000000
vn -0.026042 0.999661 -0.000000
vn -0.021070 0.999661 0.015307
vn -0.021070 0.999661 0.015307
vn -0.024768 0.999661 0.008048
vn -0.024768 0.999661 0.008048
vn -0.015308 0.999661 0.021069
vn -0.015308 0.999661 0.021069
vn -0.021070 0.999661 0.015307
vn -0.021070 0.999661 0.015307
vn -0.008047 0.999661 0.024768
vn -0.008047 0.999661 0.024768
vn -0.015308 0.999661 0.021069
vn -0.015308 0.999661 0.021069
vn 0.000001 0.999661 0.026043
vn 0.000001 0.999661 0.026043
vn -0.008047 0.999661 0.024768
vn -0.008047 0.999661 0.024768
vn 0.008049 0.999661 0.024768
vn 0.008049 0.999661 0.024768
vn 0.000001 0.999661 0.026043
vn 0.000001 0.999661 0.026043
vn 0.015308 0.999661 0.021069
vn 0.015308 0.999661 0.021069
vn 0.008049 0.999661 0.024768
vn 0.008049 0.999661 0.024768
vn 0.021068 0.999661 0.015307
vn 0.021068 0.999661 0.015307
vn 0.015308 0.999661 0.021069
vn 0.015308 0.999661 0.021069
vn 0.024767 0.999661 0.008048
vn 0.024767 0.999661 0.008048
vn 0.021068 0.999661 0.015307
vn 0.021068 0.999661 0.015307
vn 0.026043 0.999661 -0.000000
vn 0.026043 0.999661 -0.000000
vn 0.024767 0.999661 0.008048
vn 0.024767 0.999661 0.008048
vn 0.024769 0.999661 -0.008048
vn 0.024769 0.999661 -0.008048
vn 0.026043 0.999661 -0.000000
vn 0.026043 0.999661 -0.000000
vn 0.806882 -0.072653 -0.586228
vn 0.808904 -0.016900 -0.587698
vn 0.950916 -0.016900 -0.308986
vn 0.948539 -0.072653 -0.308214
vn 0.587703 -0.016900 -0.808900
vn 0.808904 -0.016900 -0.587698
vn 0.806882 -0.072653 -0.586228
vn 0.586234 -0.072653 -0.806878
vn 0.308204 -0.072653 -0.948542
vn 0.308977 -0.016900 -0.950919
vn 0.587703 -0.016900 -0.808900
vn 0.586234 -0.072653 -0.806878
vn 0.000000 -0.072654 -0.997357
vn 0.000000 -0.016901 -0.999857
vn 0.308977 -0.016900 -0.950919
vn 0.308204 -0.072653 -0.948542
vn -0.308204 -0.072653 -0.948542
vn -0.308976 -0.016900 -0.950920
vn 0.000000 -0.016901 -0.999857
vn 0.000000 -0.072654 -0.997357
vn -0.586234 -0.072654 -0.806877
vn -0.587703 -0.016900 -0.808900
vn -0.308976 -0.016900 -0.950920
vn -0.308204 -0.072653 -0.948542
vn -0.806884 -0.072653 -0.586225
vn -0.808906 -0.016900 -0.587695
vn -0.587703 -0.016900 -0.808900
vn -0.586234 -0.072654 -0.806877
vn -0.948538 -0.072653 -0.308215
vn -0.950916 -0.016901 -0.308987
vn -0.808906 -0.016900 -0.587695
vn -0.806884 -0.072653 -0.586225
vn -0.997357 -0.072654 0.000000
vn -0.999857 -0.016901 0.000000
vn -0.950916 -0.016901 -0.308987
vn -0.948538 -0.072653 -0.308215
vn -0.948538 -0.072653 0.308216
vn -0.950916 -0.016901 0.308988
vn -0.999857 -0.016901 0.000000
vn -0.997357 -0.072654 0.000000
vn -0.806884 -0.072653 0.586225
vn -0.808906 -0.016900 0.587695
vn -0.950916 -0.016901 0.308988
vn -0.948538 -0.072653 0.308216
vn -0.586235 -0.072653 0.806877
vn -0.587704 -0.016900 0.808899
vn -0.808906 -0.016900 0.587695
vn -0.806884 -0.072653 0.586225
vn -0.308204 -0.072653 0.948542
vn -0.308976 -0.016900 0.950920
vn -0.587704 -0.016900 0.808899
vn -0.586235 -0.072653 0.806877
vn 0.000000 -0.072654 0.997357
vn 0.000000 -0.016901 0.999857
vn -0.308976 -0.016900 0.950920
vn -0.308204 -0.072653 0.948542
vn 0.308204 -0.072653 0.948542
vn 0.308977 -0.016900 0.950919
vn 0.000000 -0.016901 0.999857
vn 0.000000 -0.072654 0.997357
vn 0.586234 -0.072653 0.806878
vn 0.587703 -0.016900 0.808900
vn 0.308977 -0.016900 0.950919
vn 0.308204 -0.072653 0.948542
vn 0.806883 -0.072653 0.586226
vn 0.808905 -0.016900 0.587696
vn 0.587703 -0.016900 0.808900
vn 0.586234 -0.072653 0.806878
vn 0.948539 -0.072653 0.308214
vn 0.950916 -0.016900 0.308987
vn 0.808905 -0.016900 0.587696
vn 0.806883 -0.072653 0.586226
vn 0.997357 -0.072654 0.000003
vn 0.999857 -0.016901 0.000003
vn 0.950916 -0.016900 0.308987
vn 0.948539 -0.072653 0.308214
vn 0.948539 -0.072653 -0.308214
vn 0.950916 -0.016900 -0.308986
vn 0.999857 -0.016901 0.000003
vn 0.997357 -0.072654 0.000003
vn 0.275915 -0.450321 -0.849166
vn 0.296803 -0.278407 -0.913454
vn 0.000000 -0.278409 -0.960463
vn 0.000000 -0.450324 -0.892865
vn 0.564547 -0.278408 -0.777030
vn 0.296803 -0.278407 -0.913454
vn 0.275915 -0.450321 -0.849166
vn 0.524815 -0.450322 -0.722343
vn 0.777033 -0.278407 -0.564544
vn 0.564547 -0.278408 -0.777030
vn 0.524815 -0.450322 -0.722343
vn 0.722345 -0.450322 -0.524813
vn 0.913451 -0.278408 -0.296809
vn 0.777033 -0.278407 -0.564544
vn 0.722345 -0.450322 -0.524813
vn 0.849163 -0.450324 -0.275919
vn 0.960462 -0.278410 0.000007
vn 0.913451 -0.278408 -0.296809
vn 0.849163 -0.450324 -0.275919
vn 0.892865 -0.450325 0.000006
vn 0.913452 -0.278407 0.296809
vn 0.960462 -0.278410 0.000007
vn 0.892865 -0.450325 0.000006
vn 0.849164 -0.450320 0.275920
vn 0.777036 -0.278407 0.564540
vn 0.913452 -0.278407 0.296809
vn 0.849164 -0.450320 0.275920
vn 0.722348 -0.450321 0.524809
vn 0.564547 -0.278408 0.777030
vn 0.777036 -0.278407 0.564540
vn 0.722348 -0.450321 0.524809
vn 0.524815 -0.450322 0.722343
vn 0.296803 -0.278407 0.913454
vn 0.564547 -0.278408 0.777030
vn 0.524815 -0.450322 0.722343
vn 0.275915 -0.450321 0.849166
vn 0.000000 -0.278409 0.960463
vn 0.296803 -0.278407 0.913454
vn 0.275915 -0.450321 0.849166
vn 0.000000 -0.450324 0.892865
vn -0.296803 -0.278407 0.913454
vn 0.000000 -0.278409 0.960463
vn 0.000000 -0.450324 0.892865
vn -0.275915 -0.450320 0.849166
vn -0.564546 -0.278408 0.777031
vn -0.296803 -0.278407 0.913454
vn -0.275915 -0.450320 0.849166
vn -0.524814 -0.450321 0.722344
vn -0.777034 -0.278408 0.564542
vn -0.564546 -0.278408 0.777031
vn -0.524814 -0.450321 0.722344
vn -0.722347 -0.450321 0.524811
vn -0.913452 -0.278408 0.296806
vn -0.777034 -0.278408 0.564542
vn -0.722347 -0.450321 0.524811
vn -0.849166 -0.450319 0.275917
vn -0.960462 -0.278410 0.000000
vn -0.913452 -0.278408 0.296806
vn -0.849166 -0.450319 0.275917
vn -0.892866 -0.450323 0.000000
vn -0.913453 -0.278408 -0.296805
vn -0.960462 -0.278410 0.000000
vn -0.892866 -0.450323 0.000000
vn -0.849166 -0.450319 -0.275917
vn -0.777034 -0.278408 -0.564542
vn -0.913453 -0.278408 -0.296805
vn -0.849166 -0.450319 -0.275917
vn -0.722347 -0.450321 -0.524810
vn -0.564545 -0.278408 -0.777032
vn -0.777034 -0.278408 -0.564542
vn -0.722347 -0.450321 -0.524810
vn -0.524812 -0.450321 -0.722345
vn -0.296803 -0.278407 -0.913454
vn -0.564545 -0.278408 -0.777032
vn -0.524812 -0.450321 -0.722345
vn -0.275914 -0.450321 -0.849166
vn 0.000000 -0.278409 -0.960463
vn -0.296803 -0.278407 -0.913454
vn -0.275914 -0.450321 -0.849166
vn 0.000000 -0.450324 -0.892865
vn 0.308992 -0.013779 -0.950965
vn 0.298172 0.262643 -0.917667
vn 0.000000 0.262645 -0.964893
vn 0.000000 -0.013779 -0.999905
vn 0.587729 -0.013780 -0.808941
vn 0.567148 0.262644 -0.780616
vn 0.298172 0.262643 -0.917667
vn 0.308992 -0.013779 -0.950965
vn 0.808941 -0.013779 -0.587728
vn 0.780616 0.262642 -0.567149
vn 0.567148 0.262644 -0.780616
vn 0.587729 -0.013780 -0.808941
vn 0.950964 -0.013778 -0.308995
vn 0.917665 0.262645 -0.298177
vn 0.780616 0.262642 -0.567149
vn 0.808941 -0.013779 -0.587728
vn 0.999905 -0.013779 0.000008
vn 0.964891 0.262651 0.000007
vn 0.917665 0.262645 -0.298177
vn 0.950964 -0.013778 -0.308995
vn 0.950964 -0.013778 0.308995
vn 0.917664 0.262645 0.298177
vn 0.964891 0.262651 0.000007
vn 0.999905 -0.013779 0.000008
vn 0.808945 -0.013779 0.587723
vn 0.780619 0.262644 0.567144
vn 0.917664 0.262645 0.298177
vn 0.950964 -0.013778 0.308995
vn 0.587729 -0.013780 0.808941
vn 0.567148 0.262644 0.780616
vn 0.780619 0.262644 0.567144
vn 0.808945 -0.013779 0.587723
vn 0.308992 -0.013780 0.950965
vn 0.298172 0.262642 0.917667
vn 0.567148 0.262644 0.780616
vn 0.587729 -0.013780 0.808941
vn 0.000000 -0.013779 0.999905
vn 0.000000 0.262645 0.964893
vn 0.298172 0.262642 0.917667
vn 0.308992 -0.013780 0.950965
vn -0.308992 -0.013780 0.950965
vn -0.298171 0.262643 0.917667
vn 0.000000 0.262645 0.964893
vn 0.000000 -0.013779 0.999905
vn -0.587728 -0.013780 0.808941
vn -0.567148 0.262645 0.780616
vn -0.298171 0.262643 0.917667
vn -0.308992 -0.013780 0.950965
vn -0.808944 -0.013778 0.587725
vn -0.780618 0.262645 0.567145
vn -0.567148 0.262645 0.780616
vn -0.587728 -0.013780 0.808941
vn -0.950964 -0.013776 0.308994
vn -0.917665 0.262645 0.298176
vn -0.780618 0.262645 0.567145
vn -0.808944 -0.013778 0.587725
vn -0.999905 -0.013776 0.000000
vn -0.964891 0.262650 -0.000000
vn -0.917665 0.262645 0.298176
vn -0.950964 -0.013776 0.308994
vn -0.950965 -0.013776 -0.308993
vn -0.917665 0.262644 -0.298175
vn -0.964891 0.262650 -0.000000
vn -0.999905 -0.013776 0.000000
vn -0.808944 -0.013778 -0.587725
vn -0.780618 0.262645 -0.567145
vn -0.917665 0.262644 -0.298175
vn -0.950965 -0.013776 -0.308993
vn -0.587727 -0.013779 -0.808942
vn -0.567146 0.262645 -0.780617
vn -0.780618 0.262645 -0.567145
vn -0.808944 -0.013778 -0.587725
vn -0.308992 -0.013780 -0.950965
vn -0.298171 0.262643 -0.917667
vn -0.567146 0.262645 -0.780617
vn -0.587727 -0.013779 -0.808942
vn 0.000000 -0.013779 -0.999905
vn 0.000000 0.262645 -0.964893
vn -0.298171 0.262643 -0.917667
vn -0.308992 -0.013780 -0.950965
vn 0.780616 0.262642 -0.567149
vn 0.664565 0.570287 -0.482831
vn 0.482832 0.570288 -0.664564
vn 0.567148 0.262644 -0.780616
vn 0.917665 0.262645 -0.298177
vn 0.781238 0.570287 -0.253850
vn 0.664565 0.570287 -0.482831
vn 0.780616 0.262642 -0.567149
vn 0.964891 0.262651 0.000007
vn 0.821444 0.570289 0.000003
vn 0.781238 0.570287 -0.253850
vn 0.917665 0.262645 -0.298177
vn 0.917664 0.262645 0.298177
vn 0.781238 0.570287 0.253850
vn 0.821444 0.570289 0.000003
vn 0.964891 0.262651 0.000007
vn 0.780619 0.262644 0.567144
vn 0.664565 0.570288 0.482830
vn 0.781238 0.570287 0.253850
vn 0.917664 0.262645 0.298177
vn 0.567148 0.262644 0.780616
vn 0.482832 0.570288 0.664564
vn 0.664565 0.570288 0.482830
vn 0.780619 0.262644 0.567144
vn 0.298172 0.262642 0.917667
vn 0.253845 0.570287 0.781239
vn 0.482832 0.570288 0.664564
vn 0.567148 0.262644 0.780616
vn 0.000000 0.262645 0.964893
vn 0.000000 0.570289 0.821444
vn 0.253845 0.570287 0.781239
vn 0.298172 0.262642 0.917667
vn -0.298171 0.262643 0.917667
vn -0.253844 0.570288 0.781239
vn 0.000000 0.570289 0.821444
vn 0.000000 0.262645 0.964893
vn -0.567148 0.262645 0.780616
vn -0.482832 0.570288 0.664564
vn -0.253844 0.570288 0.781239
vn -0.298171 0.262643 0.917667
vn -0.780618 0.262645 0.567145
vn -0.664565 0.570288 0.482830
vn -0.482832 0.570288 0.664564
vn -0.567148 0.262645 0.780616
vn -0.917665 0.262645 0.298176
vn -0.781238 0.570288 0.253848
vn -0.664565 0.570288 0.482830
vn -0.780618 0.262645 0.567145
vn -0.964891 0.262650 -0.000000
vn -0.821444 0.570290 -0.000000
vn -0.781238 0.570288 0.253848
vn -0.917665 0.262645 0.298176
vn -0.917665 0.262644 -0.298175
vn -0.781238 0.570288 -0.253847
vn -0.821444 0.570290 -0.000000
vn -0.964891 0.262650 -0.000000
vn -0.780618 0.262645 -0.567145
vn -0.664565 0.570288 -0.482830
vn -0.781238 0.570288 -0.253847
vn -0.917665 0.262644 -0.298175
vn -0.567146 0.262645 -0.780617
vn -0.482831 0.570288 -0.664564
vn -0.664565 0.570288 -0.482830
vn -0.780618 0.262645 -0.567145
vn -0.298171 0.262643 -0.917667
vn -0.253844 0.570288 -0.781239
vn -0.482831 0.570288 -0.664564
vn -0.567146 0.262645 -0.780617
vn 0.000000 0.262645 -0.964893
vn 0.000000 0.570290 -0.821444
vn -0.253844 0.570288 -0.781239
vn -0.298171 0.262643 -0.917667
vn 0.298172 0.262643 -0.917667
vn 0.253845 0.570288 -0.781239
vn 0.000000 0.570290 -0.821444
vn 0.000000 0.262645 -0.964893
vn 0.567148 0.262644 -0.780616
vn 0.482832 0.570288 -0.664564
vn 0.253845 0.570288 -0.781239
vn 0.298172 0.262643 -0.917667
vn 0.579620 0.697638 -0.421119
vn 0.421119 0.697638 -0.579621
vn 0.210977 0.933362 -0.290385
vn 0.290384 0.933363 -0.210977
vn 0.681386 0.697637 -0.221395
vn 0.579620 0.697638 -0.421119
vn 0.290384 0.933363 -0.210977
vn 0.341367 0.933363 -0.110917
vn 0.716452 0.697637 0.000002
vn 0.681386 0.697637 -0.221395
vn 0.341367 0.933363 -0.110917
vn 0.358935 0.933363 0.000001
vn 0.681386 0.697637 0.221396
vn 0.716452 0.697637 0.000002
vn 0.358935 0.933363 0.000001
vn 0.341367 0.933363 0.110917
vn 0.579621 0.697638 0.421119
vn 0.681386 0.697637 0.221396
vn 0.341367 0.933363 0.110917
vn 0.290385 0.933362 0.210977
vn 0.421119 0.697638 0.579621
vn 0.579621 0.697638 0.421119
vn 0.290385 0.933362 0.210977
vn 0.210977 0.933362 0.290385
vn 0.221396 0.697638 0.681385
vn 0.421119 0.697638 0.579621
vn 0.210977 0.933362 0.290385
vn 0.110917 0.933363 0.341367
vn 0.000000 0.697638 0.716451
vn 0.221396 0.697638 0.681385
vn 0.110917 0.933363 0.341367
vn 0.000000 0.933363 0.358935
vn -0.221396 0.697638 0.681385
vn 0.000000 0.697638 0.716451
vn 0.000000 0.933363 0.358935
vn -0.110917 0.933363 0.341367
vn -0.421119 0.697638 0.579621
vn -0.221396 0.697638 0.681385
vn -0.110917 0.933363 0.341367
vn -0.210976 0.933363 0.290385
vn -0.579620 0.697638 0.421120
vn -0.421119 0.697638 0.579621
vn -0.210976 0.933363 0.290385
vn -0.290384 0.933363 0.210977
vn -0.681385 0.697637 0.221396
vn -0.579620 0.697638 0.421120
vn -0.290384 0.933363 0.210977
vn -0.341367 0.933363 0.110917
vn -0.716451 0.697637 -0.000000
vn -0.681385 0.697637 0.221396
vn -0.341367 0.933363 0.110917
vn -0.358935 0.933363 -0.000000
vn -0.681385 0.697637 -0.221396
vn -0.716451 0.697637 -0.000000
vn -0.358935 0.933363 -0.000000
vn -0.341367 0.933363 -0.110917
vn -0.579621 0.697637 -0.421120
vn -0.681385 0.697637 -0.221396
vn -0.341367 0.933363 -0.110917
vn -0.290385 0.933363 -0.210976
vn -0.421120 0.697637 -0.579622
vn -0.579621 0.697637 -0.421120
vn -0.290385 0.933363 -0.210976
vn -0.210977 0.933363 -0.290384
vn -0.221396 0.697637 -0.681386
vn -0.421120 0.697637 -0.579622
vn -0.210977 0.933363 -0.290384
vn -0.110917 0.933363 -0.341367
vn 0.000000 0.697638 -0.716451
vn -0.221396 0.697637 -0.681386
vn -0.110917 0.933363 -0.341367
vn 0.000000 0.933363 -0.358935
vn 0.221395 0.697638 -0.681385
vn 0.000000 0.697638 -0.716451
vn 0.000000 0.933363 -0.358935
vn 0.110917 0.933363 -0.341367
vn 0.421119 0.697638 -0.579621
vn 0.221395 0.697638 -0.681385
vn 0.110917 0.933363 -0.341367
vn 0.210977 0.933362 -0.290385
vn 0.290384 0.933363 -0.210977
vn 0.210977 0.933362 -0.290385
vn 0.139632 0.971374 -0.192187
vn 0.192187 0.971374 -0.139632
vn 0.341367 0.933363 -0.110917
vn 0.290384 0.933363 -0.210977
vn 0.192187 0.971374 -0.139632
vn 0.225929 0.971374 -0.073409
vn 0.358935 0.933363 0.000001
vn 0.341367 0.933363 -0.110917
vn 0.225929 0.971374 -0.073409
vn 0.237556 0.971374 -0.000000
vn 0.341367 0.933363 0.110917
vn 0.358935 0.933363 0.000001
vn 0.237556 0.971374 -0.000000
vn 0.225929 0.971374 0.073409
vn 0.290385 0.933362 0.210977
vn 0.341367 0.933363 0.110917
vn 0.225929 0.971374 0.073409
vn 0.192187 0.971374 0.139631
vn 0.210977 0.933362 0.290385
vn 0.290385 0.933362 0.210977
vn 0.192187 0.971374 0.139631
vn 0.139632 0.971374 0.192187
vn 0.110917 0.933363 0.341367
vn 0.210977 0.933362 0.290385
vn 0.139632 0.971374 0.192187
vn 0.073409 0.971374 0.225929
vn 0.000000 0.933363 0.358935
vn 0.110917 0.933363 0.341367
vn 0.073409 0.971374 0.225929
vn 0.000000 0.971374 0.237556
vn -0.110917 0.933363 0.341367
vn 0.000000 0.933363 0.358935
vn 0.000000 0.971374 0.237556
vn -0.073409 0.971374 0.225929
vn -0.210976 0.933363 0.290385
vn -0.110917 0.933363 0.341367
vn -0.073409 0.971374 0.225929
vn -0.139632 0.971374 0.192187
vn -0.290384 0.933363 0.210977
vn -0.210976 0.933363 0.290385
vn -0.139632 0.971374 0.192187
vn -0.192187 0.971374 0.139632
vn -0.341367 0.933363 0.110917
vn -0.290384 0.933363 0.210977
vn -0.192187 0.971374 0.139632
vn -0.225929 0.971374 0.073409
vn -0.358935 0.933363 -0.000000
vn -0.341367 0.933363 0.110917
vn -0.225929 0.971374 0.073409
vn -0.237556 0.971374 -0.000000
vn -0.341367 0.933363 -0.110917
vn -0.358935 0.933363 -0.000000
vn -0.237556 0.971374 -0.000000
vn -0.225929 0.971374 -0.073409
vn -0.290385 0.933363 -0.210976
vn -0.341367 0.933363 -0.110917
vn -0.225929 0.971374 -0.073409
vn -0.192187 0.971374 -0.139632
vn -0.210977 0.933363 -0.290384
vn -0.290385 0.933363 -0.210976
vn -0.192187 0.971374 -0.139632
vn -0.139632 0.971374 -0.192187
vn -0.110917 0.933363 -0.341367
vn -0.210977 0.933363 -0.290384
vn -0.139632 0.971374 -0.192187
vn -0.073409 0.971374 -0.225929
vn 0.000000 0.933363 -0.358935
vn -0.110917 0.933363 -0.341367
vn -0.073409 0.971374 -0.225929
vn 0.000000 0.971374 -0.237556
vn 0.110917 0.933363 -0.341367
vn 0.000000 0.933363 -0.358935
vn 0.000000 0.971374 -0.237556
vn 0.073409 0.971374 -0.225929
vn 0.210977 0.933362 -0.290385
vn 0.110917 0.933363 -0.341367
vn 0.073409 0.971374 -0.225929
vn 0.139632 0.971374 -0.192187
vn 0.787798 0.227524 -0.572370
vn 0.572369 0.227525 -0.787798
vn 0.131018 0.974841 -0.180331
vn 0.180331 0.974841 -0.131018
vn 0.926113 0.227525 -0.300911
vn 0.787798 0.227524 -0.572370
vn 0.180331 0.974841 -0.131018
vn 0.211992 0.974841 -0.068880
vn 0.973772 0.227526 0.000002
vn 0.926113 0.227525 -0.300911
vn 0.211992 0.974841 -0.068880
vn 0.222901 0.974841 -0.000000
vn 0.926112 0.227527 0.300912
vn 0.973772 0.227526 0.000002
vn 0.222901 0.974841 -0.000000
vn 0.211992 0.974841 0.068880
vn 0.787798 0.227527 0.572369
vn 0.926112 0.227527 0.300912
vn 0.211992 0.974841 0.068880
vn 0.180331 0.974841 0.131018
vn 0.572369 0.227527 0.787798
vn 0.787798 0.227527 0.572369
vn 0.180331 0.974841 0.131018
vn 0.131018 0.974841 0.180331
vn 0.300912 0.227526 0.926112
vn 0.572369 0.227527 0.787798
vn 0.131018 0.974841 0.180331
vn 0.068880 0.974841 0.211991
vn 0.000000 0.227525 0.973772
vn 0.300912 0.227526 0.926112
vn 0.068880 0.974841 0.211991
vn 0.000000 0.974841 0.222901
vn -0.300912 0.227525 0.926112
vn 0.000000 0.227525 0.973772
vn 0.000000 0.974841 0.222901
vn -0.068880 0.974841 0.211991
vn -0.572369 0.227525 0.787799
vn -0.300912 0.227525 0.926112
vn -0.068880 0.974841 0.211991
vn -0.131018 0.974841 0.180330
vn -0.787798 0.227524 0.572369
vn -0.572369 0.227525 0.787799
vn -0.131018 0.974841 0.180330
vn -0.180331 0.974841 0.131018
vn -0.926113 0.227524 0.300912
vn -0.787798 0.227524 0.572369
vn -0.180331 0.974841 0.131018
vn -0.211992 0.974841 0.068880
vn -0.973773 0.227523 -0.000000
vn -0.926113 0.227524 0.300912
vn -0.211992 0.974841 0.068880
vn -0.222901 0.974841 -0.000000
vn -0.926113 0.227523 -0.300912
vn -0.973773 0.227523 -0.000000
vn -0.222901 0.974841 -0.000000
vn -0.211992 0.974841 -0.068880
vn -0.787799 0.227524 -0.572369
vn -0.926113 0.227523 -0.300912
vn -0.211992 0.974841 -0.068880
vn -0.180330 0.974841 -0.131018
vn -0.572369 0.227525 -0.787798
vn -0.787799 0.227524 -0.572369
vn -0.180330 0.974841 -0.131018
vn -0.131018 0.974841 -0.180330
vn -0.300912 0.227527 -0.926112
vn -0.572369 0.227525 -0.787798
vn -0.131018 0.974841 -0.180330
vn -0.068880 0.974841 -0.211991
vn 0.000000 0.227526 -0.973772
vn -0.300912 0.227527 -0.926112
vn -0.068880 0.974841 -0.211991
vn 0.000000 0.974841 -0.222901
vn 0.300912 0.227526 -0.926112
vn 0.000000 0.227526 -0.973772
vn 0.000000 0.974841 -0.222901
vn 0.068880 0.974841 -0.211991
vn 0.572369 0.227525 -0.787798
vn 0.300912 0.227526 -0.926112
vn 0.068880 0.974841 -0.211991
vn 0.131018 0.974841 -0.180331
vn 0.192187 0.971374 -0.139632
vn 0.139632 0.971374 -0.192187
vn 0.261090 0.895931 -0.359359
vn 0.359362 0.895930 -0.261092
vn 0.225929 0.971374 -0.073409
vn 0.192187 0.971374 -0.139632
vn 0.359362 0.895930 -0.261092
vn 0.422454 0.895930 -0.137266
vn 0.237556 0.971374 -0.000000
vn 0.225929 0.971374 -0.073409
vn 0.422454 0.895930 -0.137266
vn 0.444193 0.895931 0.000002
vn 0.225929 0.971374 0.073409
vn 0.237556 0.971374 -0.000000
vn 0.444193 0.895931 0.000002
vn 0.422456 0.895929 0.137267
vn 0.192187 0.971374 0.139631
vn 0.225929 0.971374 0.073409
vn 0.422456 0.895929 0.137267
vn 0.359362 0.895930 0.261090
vn 0.139632 0.971374 0.192187
vn 0.192187 0.971374 0.139631
vn 0.359362 0.895930 0.261090
vn 0.261090 0.895931 0.359360
vn 0.073409 0.971374 0.225929
vn 0.139632 0.971374 0.192187
vn 0.261090 0.895931 0.359360
vn 0.137266 0.895929 0.422456
vn 0.000000 0.971374 0.237556
vn 0.073409 0.971374 0.225929
vn 0.137266 0.895929 0.422456
vn 0.000000 0.895931 0.444193
vn -0.073409 0.971374 0.225929
vn 0.000000 0.971374 0.237556
vn 0.000000 0.895931 0.444193
vn -0.137266 0.895929 0.422456
vn -0.139632 0.971374 0.192187
vn -0.073409 0.971374 0.225929
vn -0.137266 0.895929 0.422456
vn -0.261090 0.895931 0.359361
vn -0.192187 0.971374 0.139632
vn -0.139632 0.971374 0.192187
vn -0.261090 0.895931 0.359361
vn -0.359361 0.895931 0.261089
vn -0.225929 0.971374 0.073409
vn -0.192187 0.971374 0.139632
vn -0.359361 0.895931 0.261089
vn -0.422457 0.895929 0.137267
vn -0.237556 0.971374 -0.000000
vn -0.225929 0.971374 0.073409
vn -0.422457 0.895929 0.137267
vn -0.444191 0.895932 -0.000000
vn -0.225929 0.971374 -0.073409
vn -0.237556 0.971374 -0.000000
vn -0.444191 0.895932 -0.000000
vn -0.422457 0.895929 -0.137266
vn -0.192187 0.971374 -0.139632
vn -0.225929 0.971374 -0.073409
vn -0.422457 0.895929 -0.137266
vn -0.359361 0.895931 -0.261088
vn -0.139632 0.971374 -0.192187
vn -0.192187 0.971374 -0.139632
vn -0.359361 0.895931 -0.261088
vn -0.261090 0.895931 -0.359361
vn -0.073409 0.971374 -0.225929
vn -0.139632 0.971374 -0.192187
vn -0.261090 0.895931 -0.359361
vn -0.137266 0.895929 -0.422456
vn 0.000000 0.971374 -0.237556
vn -0.073409 0.971374 -0.225929
vn -0.137266 0.895929 -0.422456
vn 0.000000 0.895931 -0.444193
vn 0.073409 0.971374 -0.225929
vn 0.000000 0.971374 -0.237556
vn 0.000000 0.895931 -0.444193
vn 0.137266 0.895929 -0.422456
vn 0.139632 0.971374 -0.192187
vn 0.073409 0.971374 -0.225929
vn 0.137266 0.895929 -0.422456
vn 0.261090 0.895931 -0.359359
vn 0.564547 -0.278408 -0.777030
vn 0.587729 -0.013780 -0.808941
vn 0.308992 -0.013779 -0.950965
vn 0.296803 -0.278407 -0.913454
vn 0.777033 -0.278407 -0.564544
vn 0.808941 -0.013779 -0.587728
vn 0.587729 -0.013780 -0.808941
vn 0.564547 -0.278408 -0.777030
vn 0.913451 -0.278408 -0.296809
vn 0.950964 -0.013778 -0.308995
vn 0.808941 -0.013779 -0.587728
vn 0.777033 -0.278407 -0.564544
vn 0.960462 -0.278410 0.000007
vn 0.999905 -0.013779 0.000008
vn 0.950964 -0.013778 -0.308995
vn 0.913451 -0.278408 -0.296809
vn 0.913452 -0.278407 0.296809
vn 0.950964 -0.013778 0.308995
vn 0.999905 -0.013779 0.000008
vn 0.960462 -0.278410 0.000007
vn 0.777036 -0.278407 0.564540
vn 0.808945 -0.013779 0.587723
vn 0.950964 -0.013778 0.308995
vn 0.913452 -0.278407 0.296809
vn 0.564547 -0.278408 0.777030
vn 0.587729 -0.013780 0.808941
vn 0.808945 -0.013779 0.587723
vn 0.777036 -0.278407 0.564540
vn 0.296803 -0.278407 0.913454
vn 0.308992 -0.013780 0.950965
vn 0.587729 -0.013780 0.808941
vn 0.564547 -0.278408 0.777030
vn 0.000000 -0.278409 0.960463
vn 0.000000 -0.013779 0.999905
vn 0.308992 -0.013780 0.950965
vn 0.296803 -0.278407 0.913454
vn -0.296803 -0.278407 0.913454
vn -0.308992 -0.013780 0.950965
vn 0.000000 -0.013779 0.999905
vn 0.000000 -0.278409 0.960463
vn -0.564546 -0.278408 0.777031
vn -0.587728 -0.013780 0.808941
vn -0.308992 -0.013780 0.950965
vn -0.296803 -0.278407 0.913454
vn -0.777034 -0.278408 0.564542
vn -0.808944 -0.013778 0.587725
vn -0.587728 -0.013780 0.808941
vn -0.564546 -0.278408 0.777031
vn -0.913452 -0.278408 0.296806
vn -0.950964 -0.013776 0.308994
vn -0.808944 -0.013778 0.587725
vn -0.777034 -0.278408 0.564542
vn -0.960462 -0.278410 0.000000
vn -0.999905 -0.013776 0.000000
vn -0.950964 -0.013776 0.308994
vn -0.913452 -0.278408 0.296806
vn -0.913453 -0.278408 -0.296805
vn -0.950965 -0.013776 -0.308993
vn -0.999905 -0.013776 0.000000
vn -0.960462 -0.278410 0.000000
vn -0.777034 -0.278408 -0.564542
vn -0.808944 -0.013778 -0.587725
vn -0.950965 -0.013776 -0.308993
vn -0.913453 -0.278408 -0.296805
vn -0.564545 -0.278408 -0.777032
vn -0.587727 -0.013779 -0.808942
vn -0.808944 -0.013778 -0.587725
vn -0.777034 -0.278408 -0.564542
vn -0.296803 -0.278407 -0.913454
vn -0.308992 -0.013780 -0.950965
vn -0.587727 -0.013779 -0.808942
vn -0.564545 -0.278408 -0.777032
vn 0.000000 -0.278409 -0.960463
vn 0.000000 -0.013779 -0.999905
vn -0.308992 -0.013780 -0.950965
vn -0.296803 -0.278407 -0.913454
vn 0.296803 -0.278407 -0.913454
vn 0.308992 -0.013779 -0.950965
vn 0.000000 -0.013779 -0.999905
vn 0.000000 -0.278409 -0.960463
vn 0.664565 0.570287 -0.482831
vn 0.739229 0.406307 -0.537081
vn 0.537079 0.406306 -0.739230
vn 0.482832 0.570288 -0.664564
vn 0.781238 0.570287 -0.253850
vn 0.869013 0.406307 -0.282367
vn 0.739229 0.406307 -0.537081
vn 0.664565 0.570287 -0.482831
vn 0.821444 0.570289 0.000003
vn 0.913737 0.406307 0.000001
vn 0.869013 0.406307 -0.282367
vn 0.781238 0.570287 -0.253850
vn 0.781238 0.570287 0.253850
vn 0.869013 0.406307 0.282367
vn 0.913737 0.406307 0.000001
vn 0.821444 0.570289 0.000003
vn 0.664565 0.570288 0.482830
vn 0.739229 0.406307 0.537080
vn 0.869013 0.406307 0.282367
vn 0.781238 0.570287 0.253850
vn 0.482832 0.570288 0.664564
vn 0.537079 0.406306 0.739230
vn 0.739229 0.406307 0.537080
vn 0.664565 0.570288 0.482830
vn 0.253845 0.570287 0.781239
vn 0.282365 0.406307 0.869014
vn 0.537079 0.406306 0.739230
vn 0.482832 0.570288 0.664564
vn 0.000000 0.570289 0.821444
vn 0.000000 0.406308 0.913736
vn 0.282365 0.406307 0.869014
vn 0.253845 0.570287 0.781239
vn -0.253844 0.570288 0.781239
vn -0.282365 0.406306 0.869014
vn 0.000000 0.406308 0.913736
vn 0.000000 0.570289 0.821444
vn -0.482832 0.570288 0.664564
vn -0.537080 0.406306 0.739230
vn -0.282365 0.406306 0.869014
vn -0.253844 0.570288 0.781239
vn -0.664565 0.570288 0.482830
vn -0.739229 0.406306 0.537081
vn -0.537080 0.406306 0.739230
vn -0.482832 0.570288 0.664564
vn -0.781238 0.570288 0.253848
vn -0.869014 0.406306 0.282366
vn -0.739229 0.406306 0.537081
vn -0.664565 0.570288 0.482830
vn -0.821444 0.570290 -0.000000
vn -0.913737 0.406307 -0.000000
vn -0.869014 0.406306 0.282366
vn -0.781238 0.570288 0.253848
vn -0.781238 0.570288 -0.253847
vn -0.869014 0.406306 -0.282366
vn -0.913737 0.406307 -0.000000
vn -0.821444 0.570290 -0.000000
vn -0.664565 0.570288 -0.482830
vn -0.739230 0.406306 -0.537080
vn -0.869014 0.406306 -0.282366
vn -0.781238 0.570288 -0.253847
vn -0.482831 0.570288 -0.664564
vn -0.537079 0.406306 -0.739231
vn -0.739230 0.406306 -0.537080
vn -0.664565 0.570288 -0.482830
vn -0.253844 0.570288 -0.781239
vn -0.282365 0.406306 -0.869014
vn -0.537079 0.406306 -0.739231
vn -0.482831 0.570288 -0.664564
vn 0.000000 0.570290 -0.821444
vn 0.000000 0.406308 -0.913736
vn -0.282365 0.406306 -0.869014
vn -0.253844 0.570288 -0.781239
vn 0.253845 0.570288 -0.781239
vn 0.282365 0.406306 -0.869014
vn 0.000000 0.406308 -0.913736
vn 0.000000 0.570290 -0.821444
vn 0.482832 0.570288 -0.664564
vn 0.537079 0.406306 -0.739230
vn 0.282365 0.406306 -0.869014
vn 0.253845 0.570288 -0.781239
vn 0.537079 0.406306 -0.739230
vn 0.518710 0.470340 -0.713947
vn 0.272708 0.470339 -0.839292
vn 0.282365 0.406306 -0.869014
vn 0.713946 0.470339 -0.518712
vn 0.518710 0.470340 -0.713947
vn 0.537079 0.406306 -0.739230
vn 0.739229 0.406307 -0.537081
vn 0.839291 0.470341 -0.272708
vn 0.713946 0.470339 -0.518712
vn 0.739229 0.406307 -0.537081
vn 0.869013 0.406307 -0.282367
vn 0.882484 0.470342 0.000001
vn 0.839291 0.470341 -0.272708
vn 0.869013 0.406307 -0.282367
vn 0.913737 0.406307 0.000001
vn 0.839292 0.470340 0.272708
vn 0.882484 0.470342 0.000001
vn 0.913737 0.406307 0.000001
vn 0.869013 0.406307 0.282367
vn 0.713946 0.470339 0.518712
vn 0.839292 0.470340 0.272708
vn 0.869013 0.406307 0.282367
vn 0.739229 0.406307 0.537080
vn 0.518710 0.470341 0.713947
vn 0.713946 0.470339 0.518712
vn 0.739229 0.406307 0.537080
vn 0.537079 0.406306 0.739230
vn 0.272708 0.470340 0.839292
vn 0.518710 0.470341 0.713947
vn 0.537079 0.406306 0.739230
vn 0.282365 0.406307 0.869014
vn 0.000000 0.470343 0.882484
vn 0.272708 0.470340 0.839292
vn 0.282365 0.406307 0.869014
vn 0.000000 0.406308 0.913736
vn -0.272708 0.470340 0.839292
vn 0.000000 0.470343 0.882484
vn 0.000000 0.406308 0.913736
vn -0.282365 0.406306 0.869014
vn -0.518710 0.470340 0.713947
vn -0.272708 0.470340 0.839292
vn -0.282365 0.406306 0.869014
vn -0.537080 0.406306 0.739230
vn -0.713945 0.470341 0.518712
vn -0.518710 0.470340 0.713947
vn -0.537080 0.406306 0.739230
vn -0.739229 0.406306 0.537081
vn -0.839292 0.470339 0.272708
vn -0.713945 0.470341 0.518712
vn -0.739229 0.406306 0.537081
vn -0.869014 0.406306 0.282366
vn -0.882484 0.470343 -0.000000
vn -0.839292 0.470339 0.272708
vn -0.869014 0.406306 0.282366
vn -0.913737 0.406307 -0.000000
vn -0.839292 0.470339 -0.272708
vn -0.882484 0.470343 -0.000000
vn -0.913737 0.406307 -0.000000
vn -0.869014 0.406306 -0.282366
vn -0.713946 0.470341 -0.518711
vn -0.839292 0.470339 -0.272708
vn -0.869014 0.406306 -0.282366
vn -0.739230 0.406306 -0.537080
vn -0.518709 0.470340 -0.713947
vn -0.713946 0.470341 -0.518711
vn -0.739230 0.406306 -0.537080
vn -0.537079 0.406306 -0.739231
vn -0.272708 0.470339 -0.839292
vn -0.518709 0.470340 -0.713947
vn -0.537079 0.406306 -0.739231
vn -0.282365 0.406306 -0.869014
vn 0.000000 0.470343 -0.882484
vn -0.272708 0.470339 -0.839292
vn -0.282365 0.406306 -0.869014
vn 0.000000 0.406308 -0.913736
vn 0.272708 0.470339 -0.839292
vn 0.000000 0.470343 -0.882484
vn 0.000000 0.406308 -0.913736
vn 0.282365 0.406306 -0.869014
vn 0.806605 -0.077171 -0.586032
vn -0.001770 -0.999998 0.001286
vn -0.002081 -0.999998 0.000676
vn 0.948219 -0.077168 -0.308101
vn 0.713946 0.470339 -0.518712
vn 0.839291 0.470341 -0.272708
vn 0.742807 0.624487 -0.241357
vn 0.631868 0.624493 -0.459077
vn 0.586032 -0.077172 -0.806605
vn -0.001286 -0.999998 0.001770
vn -0.001770 -0.999998 0.001286
vn 0.806605 -0.077171 -0.586032
vn 0.518710 0.470340 -0.713947
vn 0.713946 0.470339 -0.518712
vn 0.631868 0.624493 -0.459077
vn 0.459076 0.624493 -0.631868
vn 0.308101 -0.077171 -0.948219
vn -0.000676 -0.999998 0.002081
vn -0.001286 -0.999998 0.001770
vn 0.586032 -0.077172 -0.806605
vn 0.272708 0.470339 -0.839292
vn 0.518710 0.470340 -0.713947
vn 0.459076 0.624493 -0.631868
vn 0.241356 0.624494 -0.742802
vn 0.000000 -0.077174 -0.997018
vn 0.000000 -0.999998 0.002188
vn -0.000676 -0.999998 0.002081
vn 0.308101 -0.077171 -0.948219
vn 0.000000 0.470343 -0.882484
vn 0.272708 0.470339 -0.839292
vn 0.241356 0.624494 -0.742802
vn 0.000000 0.624490 -0.781033
vn -0.308100 -0.077171 -0.948219
vn 0.000676 -0.999998 0.002081
vn 0.000000 -0.999998 0.002188
vn 0.000000 -0.077174 -0.997018
vn -0.272708 0.470339 -0.839292
vn 0.000000 0.470343 -0.882484
vn 0.000000 0.624490 -0.781033
vn -0.241353 0.624496 -0.742801
vn -0.586030 -0.077173 -0.806606
vn 0.001286 -0.999998 0.001770
vn 0.000676 -0.999998 0.002081
vn -0.308100 -0.077171 -0.948219
vn -0.518709 0.470340 -0.713947
vn -0.272708 0.470339 -0.839292
vn -0.241353 0.624496 -0.742801
vn -0.459074 0.624498 -0.631865
vn -0.806608 -0.077176 -0.586027
vn 0.001770 -0.999998 0.001286
vn 0.001286 -0.999998 0.001770
vn -0.586030 -0.077173 -0.806606
vn -0.713946 0.470341 -0.518711
vn -0.518709 0.470340 -0.713947
vn -0.459074 0.624498 -0.631865
vn -0.631864 0.624498 -0.459075
vn -0.948219 -0.077172 -0.308100
vn 0.002081 -0.999998 0.000676
vn 0.001770 -0.999998 0.001286
vn -0.806608 -0.077176 -0.586027
vn -0.839292 0.470339 -0.272708
vn -0.713946 0.470341 -0.518711
vn -0.631864 0.624498 -0.459075
vn -0.742803 0.624493 -0.241354
vn -0.997017 -0.077178 0.000000
vn 0.002188 -0.999998 0.000000
vn 0.002081 -0.999998 0.000676
vn -0.948219 -0.077172 -0.308100
vn -0.882484 0.470343 -0.000000
vn -0.839292 0.470339 -0.272708
vn -0.742803 0.624493 -0.241354
vn -0.781037 0.624485 -0.000000
vn -0.948219 -0.077172 0.308100
vn 0.002081 -0.999998 -0.000676
vn 0.002188 -0.999998 0.000000
vn -0.997017 -0.077178 0.000000
vn -0.839292 0.470339 0.272708
vn -0.882484 0.470343 -0.000000
vn -0.781037 0.624485 -0.000000
vn -0.742803 0.624493 0.241355
vn -0.806608 -0.077176 0.586027
vn 0.001770 -0.999998 -0.001286
vn 0.002081 -0.999998 -0.000676
vn -0.948219 -0.077172 0.308100
vn -0.713945 0.470341 0.518712
vn -0.839292 0.470339 0.272708
vn -0.742803 0.624493 0.241355
vn -0.631864 0.624498 0.459075
vn -0.586031 -0.077173 0.806605
vn 0.001286 -0.999998 -0.001770
vn 0.001770 -0.999998 -0.001286
vn -0.806608 -0.077176 0.586027
vn -0.518710 0.470340 0.713947
vn -0.713945 0.470341 0.518712
vn -0.631864 0.624498 0.459075
vn -0.459075 0.624498 0.631865
vn -0.308100 -0.077171 0.948219
vn 0.000676 -0.999998 -0.002081
vn 0.001286 -0.999998 -0.001770
vn -0.586031 -0.077173 0.806605
vn -0.272708 0.470340 0.839292
vn -0.518710 0.470340 0.713947
vn -0.459075 0.624498 0.631865
vn -0.241353 0.624496 0.742802
vn 0.000000 -0.077174 0.997018
vn 0.000000 -0.999998 -0.002188
vn 0.000676 -0.999998 -0.002081
vn -0.308100 -0.077171 0.948219
vn 0.000000 0.470343 0.882484
vn -0.272708 0.470340 0.839292
vn -0.241353 0.624496 0.742802
vn 0.000000 0.624489 0.781034
vn 0.308101 -0.077171 0.948219
vn -0.000676 -0.999998 -0.002081
vn 0.000000 -0.999998 -0.002188
vn 0.000000 -0.077174 0.997018
vn 0.272708 0.470340 0.839292
vn 0.000000 0.470343 0.882484
vn 0.000000 0.624489 0.781034
vn 0.241356 0.624494 0.742802
vn 0.586032 -0.077172 0.806605
vn -0.001286 -0.999998 -0.001770
vn -0.000676 -0.999998 -0.002081
vn 0.308101 -0.077171 0.948219
vn 0.518710 0.470341 0.713947
vn 0.272708 0.470340 0.839292
vn 0.241356 0.624494 0.742802
vn 0.459076 0.624493 0.631868
vn 0.806606 -0.077173 0.586030
vn -0.001770 -0.999998 -0.001286
vn -0.001286 -0.999998 -0.001770
vn 0.586032 -0.077172 0.806605
vn 0.713946 0.470339 0.518712
vn 0.518710 0.470341 0.713947
vn 0.459076 0.624493 0.631868
vn 0.631869 0.624491 0.459077
vn 0.948219 -0.077170 0.308101
vn -0.002081 -0.999998 -0.000676
vn -0.001770 -0.999998 -0.001286
vn 0.806606 -0.077173 0.586030
vn 0.839292 0.470340 0.272708
vn 0.713946 0.470339 0.518712
vn 0.631869 0.624491 0.459077
vn 0.742809 0.624485 0.241358
vn 0.997018 -0.077171 0.000004
vn -0.002188 -0.999998 0.000000
vn -0.002081 -0.999998 -0.000676
vn 0.948219 -0.077170 0.308101
vn 0.882484 0.470342 0.000001
vn 0.839292 0.470340 0.272708
vn 0.742809 0.624485 0.241358
vn 0.781041 0.624479 0.000002
vn 0.948219 -0.077168 -0.308101
vn -0.002081 -0.999998 0.000676
vn -0.002188 -0.999998 0.000000
vn 0.997018 -0.077171 0.000004
vn 0.839291 0.470341 -0.272708
vn 0.882484 0.470342 0.000001
vn 0.781041 0.624479 0.000002
vn 0.742807 0.624487 -0.241357
vn 0.366532 -0.891480 -0.266304
vn 0.430881 -0.891482 -0.140006
vn 0.849163 -0.450324 -0.275919
vn 0.722345 -0.450322 -0.524813
vn 0.266306 -0.891477 -0.366537
vn 0.366532 -0.891480 -0.266304
vn 0.722345 -0.450322 -0.524813
vn 0.524815 -0.450322 -0.722343
vn 0.140005 -0.891477 -0.430891
vn 0.266306 -0.891477 -0.366537
vn 0.524815 -0.450322 -0.722343
vn 0.275915 -0.450321 -0.849166
vn 0.000000 -0.891479 -0.453063
vn 0.140005 -0.891477 -0.430891
vn 0.275915 -0.450321 -0.849166
vn 0.000000 -0.450324 -0.892865
vn -0.140007 -0.891478 -0.430889
vn 0.000000 -0.891479 -0.453063
vn 0.000000 -0.450324 -0.892865
vn -0.275914 -0.450321 -0.849166
vn -0.266304 -0.891477 -0.366538
vn -0.140007 -0.891478 -0.430889
vn -0.275914 -0.450321 -0.849166
vn -0.524812 -0.450321 -0.722345
vn -0.366539 -0.891477 -0.266304
vn -0.266304 -0.891477 -0.366538
vn -0.524812 -0.450321 -0.722345
vn -0.722347 -0.450321 -0.524810
vn -0.430898 -0.891473 -0.140010
vn -0.366539 -0.891477 -0.266304
vn -0.722347 -0.450321 -0.524810
vn -0.849166 -0.450319 -0.275917
vn -0.453076 -0.891472 0.000000
vn -0.430898 -0.891473 -0.140010
vn -0.849166 -0.450319 -0.275917
vn -0.892866 -0.450323 0.000000
vn -0.430898 -0.891473 0.140011
vn -0.453076 -0.891472 0.000000
vn -0.892866 -0.450323 0.000000
vn -0.849166 -0.450319 0.275917
vn -0.366542 -0.891476 0.266304
vn -0.430898 -0.891473 0.140011
vn -0.849166 -0.450319 0.275917
vn -0.722347 -0.450321 0.524811
vn -0.266305 -0.891477 0.366538
vn -0.366542 -0.891476 0.266304
vn -0.722347 -0.450321 0.524811
vn -0.524814 -0.450321 0.722344
vn -0.140006 -0.891478 0.430889
vn -0.266305 -0.891477 0.366538
vn -0.524814 -0.450321 0.722344
vn -0.275915 -0.450320 0.849166
vn 0.000000 -0.891479 0.453063
vn -0.140006 -0.891478 0.430889
vn -0.275915 -0.450320 0.849166
vn 0.000000 -0.450324 0.892865
vn 0.140005 -0.891477 0.430891
vn 0.000000 -0.891479 0.453063
vn 0.000000 -0.450324 0.892865
vn 0.275915 -0.450321 0.849166
vn 0.266306 -0.891477 0.366537
vn 0.140005 -0.891477 0.430891
vn 0.275915 -0.450321 0.849166
vn 0.524815 -0.450322 0.722343
vn 0.366541 -0.891477 0.266303
vn 0.266306 -0.891477 0.366537
vn 0.524815 -0.450322 0.722343
vn 0.722348 -0.450321 0.524809
vn 0.430891 -0.891477 0.140009
vn 0.366541 -0.891477 0.266303
vn 0.722348 -0.450321 0.524809
vn 0.849164 -0.450320 0.275920
vn 0.453061 -0.891479 0.000004
vn 0.430891 -0.891477 0.140009
vn 0.849164 -0.450320 0.275920
vn 0.892865 -0.450325 0.000006
vn 0.430881 -0.891482 -0.140006
vn 0.453061 -0.891479 0.000004
vn 0.892865 -0.450325 0.000006
vn 0.849163 -0.450324 -0.275919
vn 0.734490 0.419227 -0.533642
vn 0.863447 0.419221 -0.280558
vn 0.951054 -0.000593 -0.309025
vn 0.809016 -0.000593 -0.587786
vn 0.533638 0.419229 -0.734491
vn 0.734490 0.419227 -0.533642
vn 0.809016 -0.000593 -0.587786
vn 0.587785 -0.000593 -0.809017
vn 0.280556 0.419227 -0.863445
vn 0.533638 0.419229 -0.734491
vn 0.587785 -0.000593 -0.809017
vn 0.309021 -0.000593 -0.951055
vn 0.000000 0.419228 -0.907881
vn 0.280556 0.419227 -0.863445
vn 0.309021 -0.000593 -0.951055
vn 0.000000 -0.000593 -1.000000
vn -0.280554 0.419230 -0.863444
vn 0.000000 0.419228 -0.907881
vn 0.000000 -0.000593 -1.000000
vn -0.309021 -0.000593 -0.951055
vn -0.533635 0.419234 -0.734491
vn -0.280554 0.419230 -0.863444
vn -0.309021 -0.000593 -0.951055
vn -0.587786 -0.000593 -0.809017
vn -0.734492 0.419235 -0.533632
vn -0.533635 0.419234 -0.734491
vn -0.587786 -0.000593 -0.809017
vn -0.809020 -0.000593 -0.587780
vn -0.863443 0.419234 -0.280553
vn -0.734492 0.419235 -0.533632
vn -0.809020 -0.000593 -0.587780
vn -0.951056 -0.000592 -0.309019
vn -0.907877 0.419236 -0.000000
vn -0.863443 0.419234 -0.280553
vn -0.951056 -0.000592 -0.309019
vn -1.000000 -0.000593 0.000000
vn -0.863442 0.419234 0.280554
vn -0.907877 0.419236 -0.000000
vn -1.000000 -0.000593 0.000000
vn -0.951055 -0.000593 0.309021
vn -0.734491 0.419236 0.533633
vn -0.863442 0.419234 0.280554
vn -0.951055 -0.000593 0.309021
vn -0.809019 -0.000593 0.587783
vn -0.533634 0.419234 0.734491
vn -0.734491 0.419236 0.533633
vn -0.809019 -0.000593 0.587783
vn -0.587786 -0.000593 0.809016
vn -0.280555 0.419230 0.863444
vn -0.533634 0.419234 0.734491
vn -0.587786 -0.000593 0.809016
vn -0.309022 -0.000593 0.951055
vn 0.000000 0.419229 0.907880
vn -0.280555 0.419230 0.863444
vn -0.309022 -0.000593 0.951055
vn 0.000000 -0.000593 1.000000
vn 0.280556 0.419227 0.863445
vn 0.000000 0.419229 0.907880
vn 0.000000 -0.000593 1.000000
vn 0.309022 -0.000593 0.951055
vn 0.533639 0.419229 0.734491
vn 0.280556 0.419227 0.863445
vn 0.309022 -0.000593 0.951055
vn 0.587785 -0.000593 0.809017
vn 0.734490 0.419235 0.533635
vn 0.533639 0.419229 0.734491
vn 0.587785 -0.000593 0.809017
vn 0.809018 -0.000593 0.587783
vn 0.863439 0.419238 0.280557
vn 0.734490 0.419235 0.533635
vn 0.809018 -0.000593 0.587783
vn 0.951054 -0.000593 0.309024
vn 0.907881 0.419227 0.000006
vn 0.863439 0.419238 0.280557
vn 0.951054 -0.000593 0.309024
vn 1.000000 -0.000592 0.000006
vn 0.863447 0.419221 -0.280558
vn 0.907881 0.419227 0.000006
vn 1.000000 -0.000592 0.000006
vn 0.951054 -0.000593 -0.309025
vn 0.809018 -0.000000 -0.587784
vn 0.587785 -0.000000 -0.809017
vn 0.367371 0.780618 -0.505642
vn 0.505642 0.780619 -0.367369
vn 0.951053 -0.000000 -0.309028
vn 0.809018 -0.000000 -0.587784
vn 0.505642 0.780619 -0.367369
vn 0.594415 0.780619 -0.193145
vn 1.000000 0.000000 0.000000
vn 0.951053 -0.000000 -0.309028
vn 0.594415 0.780619 -0.193145
vn 0.625008 0.780619 -0.000000
vn 0.951053 0.000000 0.309028
vn 1.000000 0.000000 0.000000
vn 0.625008 0.780619 -0.000000
vn 0.594416 0.780618 0.193145
vn 0.809018 0.000000 0.587784
vn 0.951053 0.000000 0.309028
vn 0.594416 0.780618 0.193145
vn 0.505644 0.780618 0.367369
vn 0.587786 0.000000 0.809016
vn 0.809018 0.000000 0.587784
vn 0.505644 0.780618 0.367369
vn 0.367371 0.780618 0.505642
vn 0.309022 0.000000 0.951055
vn 0.587786 0.000000 0.809016
vn 0.367371 0.780618 0.505642
vn 0.193139 0.780619 0.594417
vn 0.000000 0.000000 1.000000
vn 0.309022 0.000000 0.951055
vn 0.193139 0.780619 0.594417
vn 0.000000 0.780619 0.625008
vn -0.309022 0.000000 0.951055
vn 0.000000 0.000000 1.000000
vn 0.000000 0.780619 0.625008
vn -0.193139 0.780619 0.594417
vn -0.587785 0.000000 0.809017
vn -0.309022 0.000000 0.951055
vn -0.193139 0.780619 0.594417
vn -0.367370 0.780619 0.505642
vn -0.809020 0.000000 0.587781
vn -0.587785 0.000000 0.809017
vn -0.367370 0.780619 0.505642
vn -0.505644 0.780618 0.367368
vn -0.951054 0.000000 0.309026
vn -0.809020 0.000000 0.587781
vn -0.505644 0.780618 0.367368
vn -0.594416 0.780619 0.193143
vn -1.000000 0.000000 -0.000000
vn -0.951054 0.000000 0.309026
vn -0.594416 0.780619 0.193143
vn -0.625009 0.780618 -0.000000
vn -0.951054 -0.000000 -0.309025
vn -1.000000 0.000000 -0.000000
vn -0.625009 0.780618 -0.000000
vn -0.594416 0.780619 -0.193143
vn -0.809021 -0.000000 -0.587780
vn -0.951054 -0.000000 -0.309025
vn -0.594416 0.780619 -0.193143
vn -0.505644 0.780619 -0.367368
vn -0.587784 -0.000000 -0.809018
vn -0.809021 -0.000000 -0.587780
vn -0.505644 0.780619 -0.367368
vn -0.367371 0.780618 -0.505642
vn -0.309020 -0.000001 -0.951056
vn -0.587784 -0.000000 -0.809018
vn -0.367371 0.780618 -0.505642
vn -0.193140 0.780619 -0.594417
vn 0.000000 -0.000002 -1.000000
vn -0.309020 -0.000001 -0.951056
vn -0.193140 0.780619 -0.594417
vn 0.000000 0.780618 -0.625008
vn 0.309021 -0.000001 -0.951055
vn 0.000000 -0.000002 -1.000000
vn 0.000000 0.780618 -0.625008
vn 0.193141 0.780619 -0.594417
vn 0.367371 0.780618 -0.505642
vn 0.587785 -0.000000 -0.809017
vn 0.309021 -0.000001 -0.951055
vn 0.193141 0.780619 -0.594417
vn 0.807505 0.061156 -0.586682
vn 0.586687 0.061157 -0.807501
vn 0.429225 -0.683190 -0.590778
vn 0.590780 -0.683187 -0.429224
vn 0.949271 0.061156 -0.308454
vn 0.807505 0.061156 -0.586682
vn 0.590780 -0.683187 -0.429224
vn 0.694500 -0.683188 -0.225666
vn 0.998128 0.061159 0.000004
vn 0.949271 0.061156 -0.308454
vn 0.694500 -0.683188 -0.225666
vn 0.730240 -0.683191 0.000003
vn 0.949271 0.061157 0.308454
vn 0.998128 0.061159 0.000004
vn 0.730240 -0.683191 0.000003
vn 0.694500 -0.683187 0.225666
vn 0.807506 0.061156 0.586680
vn 0.949271 0.061157 0.308454
vn 0.694500 -0.683187 0.225666
vn 0.590780 -0.683189 0.429223
vn 0.586685 0.061157 0.807502
vn 0.807506 0.061156 0.586680
vn 0.590780 -0.683189 0.429223
vn 0.429225 -0.683190 0.590778
vn 0.308443 0.061158 0.949275
vn 0.586685 0.061157 0.807502
vn 0.429225 -0.683190 0.590778
vn 0.225661 -0.683187 0.694502
vn 0.000000 0.061158 0.998128
vn 0.308443 0.061158 0.949275
vn 0.225661 -0.683187 0.694502
vn 0.000000 -0.683191 0.730240
vn -0.308442 0.061158 0.949275
vn 0.000000 0.061158 0.998128
vn 0.000000 -0.683191 0.730240
vn -0.225660 -0.683188 0.694501
vn -0.586684 0.061157 0.807503
vn -0.308442 0.061158 0.949275
vn -0.225660 -0.683188 0.694501
vn -0.429224 -0.683190 0.590778
vn -0.807505 0.061155 0.586681
vn -0.586684 0.061157 0.807503
vn -0.429224 -0.683190 0.590778
vn -0.590780 -0.683188 0.429223
vn -0.949273 0.061157 0.308449
vn -0.807505 0.061155 0.586681
vn -0.590780 -0.683188 0.429223
vn -0.694501 -0.683187 0.225664
vn -0.998128 0.061159 -0.000000
vn -0.949273 0.061157 0.308449
vn -0.694501 -0.683187 0.225664
vn -0.730239 -0.683192 0.000000
vn -0.949273 0.061157 -0.308449
vn -0.998128 0.061159 -0.000000
vn -0.730239 -0.683192 0.000000
vn -0.694502 -0.683186 -0.225663
vn -0.807506 0.061155 -0.586681
vn -0.949273 0.061157 -0.308449
vn -0.694502 -0.683186 -0.225663
vn -0.590780 -0.683189 -0.429222
vn -0.586684 0.061157 -0.807504
vn -0.807506 0.061155 -0.586681
vn -0.590780 -0.683189 -0.429222
vn -0.429223 -0.683190 -0.590778
vn -0.308443 0.061158 -0.949275
vn -0.586684 0.061157 -0.807504
vn -0.429223 -0.683190 -0.590778
vn -0.225660 -0.683188 -0.694501
vn 0.000000 0.061159 -0.998128
vn -0.308443 0.061158 -0.949275
vn -0.225660 -0.683188 -0.694501
vn 0.000000 -0.683191 -0.730240
vn 0.308443 0.061158 -0.949275
vn 0.000000 0.061159 -0.998128
vn 0.000000 -0.683191 -0.730240
vn 0.225660 -0.683187 -0.694502
vn 0.586687 0.061157 -0.807501
vn 0.308443 0.061158 -0.949275
vn 0.225660 -0.683187 -0.694502
vn 0.429225 -0.683190 -0.590778
vn -0.429223 -0.683190 -0.590778
vn -0.590780 -0.683189 -0.429222
vn -0.400602 -0.868796 -0.291052
vn -0.291053 -0.868796 -0.400602
vn -0.225660 -0.683188 -0.694501
vn -0.429223 -0.683190 -0.590778
vn -0.291053 -0.868796 -0.400602
vn -0.153017 -0.868795 -0.470936
vn 0.000000 -0.683191 -0.730240
vn -0.225660 -0.683188 -0.694501
vn -0.153017 -0.868795 -0.470936
vn 0.000000 -0.868796 -0.495170
vn 0.225660 -0.683187 -0.694502
vn 0.000000 -0.683191 -0.730240
vn 0.000000 -0.868796 -0.495170
vn 0.153017 -0.868795 -0.470936
vn 0.429225 -0.683190 -0.590778
vn 0.225660 -0.683187 -0.694502
vn 0.153017 -0.868795 -0.470936
vn 0.291053 -0.868796 -0.400602
vn 0.590780 -0.683187 -0.429224
vn 0.429225 -0.683190 -0.590778
vn 0.291053 -0.868796 -0.400602
vn 0.400602 -0.868795 -0.291055
vn 0.694500 -0.683188 -0.225666
vn 0.590780 -0.683187 -0.429224
vn 0.400602 -0.868795 -0.291055
vn 0.470934 -0.868796 -0.153020
vn 0.730240 -0.683191 0.000003
vn 0.694500 -0.683188 -0.225666
vn 0.470934 -0.868796 -0.153020
vn 0.495167 -0.868798 0.000001
vn 0.694500 -0.683187 0.225666
vn 0.730240 -0.683191 0.000003
vn 0.495167 -0.868798 0.000001
vn 0.470932 -0.868797 0.153020
vn 0.590780 -0.683189 0.429223
vn 0.694500 -0.683187 0.225666
vn 0.470932 -0.868797 0.153020
vn 0.400602 -0.868796 0.291054
vn 0.429225 -0.683190 0.590778
vn 0.590780 -0.683189 0.429223
vn 0.400602 -0.868796 0.291054
vn 0.291054 -0.868796 0.400602
vn 0.225661 -0.683187 0.694502
vn 0.429225 -0.683190 0.590778
vn 0.291054 -0.868796 0.400602
vn 0.153020 -0.868795 0.470935
vn 0.000000 -0.683191 0.730240
vn 0.225661 -0.683187 0.694502
vn 0.153020 -0.868795 0.470935
vn 0.000000 -0.868796 0.495170
vn -0.225660 -0.683188 0.694501
vn 0.000000 -0.683191 0.730240
vn 0.000000 -0.868796 0.495170
vn -0.153018 -0.868795 0.470936
vn -0.429224 -0.683190 0.590778
vn -0.225660 -0.683188 0.694501
vn -0.153018 -0.868795 0.470936
vn -0.291053 -0.868796 0.400602
vn -0.590780 -0.683188 0.429223
vn -0.429224 -0.683190 0.590778
vn -0.291053 -0.868796 0.400602
vn -0.400603 -0.868795 0.291053
vn -0.694501 -0.683187 0.225664
vn -0.590780 -0.683188 0.429223
vn -0.400603 -0.868795 0.291053
vn -0.470934 -0.868796 0.153020
vn -0.730239 -0.683192 0.000000
vn -0.694501 -0.683187 0.225664
vn -0.470934 -0.868796 0.153020
vn -0.495168 -0.868797 0.000000
vn -0.694502 -0.683186 -0.225663
vn -0.730239 -0.683192 0.000000
vn -0.495168 -0.868797 0.000000
vn -0.470934 -0.868796 -0.153020
vn -0.590780 -0.683189 -0.429222
vn -0.694502 -0.683186 -0.225663
vn -0.470934 -0.868796 -0.153020
vn -0.400602 -0.868796 -0.291052
vn 0.949271 0.061156 -0.308454
vn 0.950916 -0.016900 -0.308986
vn 0.808904 -0.016900 -0.587698
vn 0.807505 0.061156 -0.586682
vn 0.807505 0.061156 -0.586682
vn 0.808904 -0.016900 -0.587698
vn 0.587703 -0.016900 -0.808900
vn 0.586687 0.061157 -0.807501
vn 0.586687 0.061157 -0.807501
vn 0.587703 -0.016900 -0.808900
vn 0.308977 -0.016900 -0.950919
vn 0.308443 0.061158 -0.949275
vn 0.308443 0.061158 -0.949275
vn 0.308977 -0.016900 -0.950919
vn 0.000000 -0.016901 -0.999857
vn 0.000000 0.061159 -0.998128
vn 0.000000 0.061159 -0.998128
vn 0.000000 -0.016901 -0.999857
vn -0.308976 -0.016900 -0.950920
vn -0.308443 0.061158 -0.949275
vn -0.308443 0.061158 -0.949275
vn -0.308976 -0.016900 -0.950920
vn -0.587703 -0.016900 -0.808900
vn -0.586684 0.061157 -0.807504
vn -0.586684 0.061157 -0.807504
vn -0.587703 -0.016900 -0.808900
vn -0.808906 -0.016900 -0.587695
vn -0.807506 0.061155 -0.586681
vn -0.807506 0.061155 -0.586681
vn -0.808906 -0.016900 -0.587695
vn -0.950916 -0.016901 -0.308987
vn -0.949273 0.061157 -0.308449
vn -0.949273 0.061157 -0.308449
vn -0.950916 -0.016901 -0.308987
vn -0.999857 -0.016901 0.000000
vn -0.998128 0.061159 -0.000000
vn -0.998128 0.061159 -0.000000
vn -0.999857 -0.016901 0.000000
vn -0.950916 -0.016901 0.308988
vn -0.949273 0.061157 0.308449
vn -0.949273 0.061157 0.308449
vn -0.950916 -0.016901 0.308988
vn -0.808906 -0.016900 0.587695
vn -0.807505 0.061155 0.586681
vn -0.807505 0.061155 0.586681
vn -0.808906 -0.016900 0.587695
vn -0.587704 -0.016900 0.808899
vn -0.586684 0.061157 0.807503
vn -0.586684 0.061157 0.807503
vn -0.587704 -0.016900 0.808899
vn -0.308976 -0.016900 0.950920
vn -0.308442 0.061158 0.949275
vn -0.308442 0.061158 0.949275
vn -0.308976 -0.016900 0.950920
vn 0.000000 -0.016901 0.999857
vn 0.000000 0.061158 0.998128
vn 0.000000 0.061158 0.998128
vn 0.000000 -0.016901 0.999857
vn 0.308977 -0.016900 0.950919
vn 0.308443 0.061158 0.949275
vn 0.308443 0.061158 0.949275
vn 0.308977 -0.016900 0.950919
vn 0.587703 -0.016900 0.808900
vn 0.586685 0.061157 0.807502
vn 0.586685 0.061157 0.807502
vn 0.587703 -0.016900 0.808900
vn 0.808905 -0.016900 0.587696
vn 0.807506 0.061156 0.586680
vn 0.807506 0.061156 0.586680
vn 0.808905 -0.016900 0.587696
vn 0.950916 -0.016900 0.308987
vn 0.949271 0.061157 0.308454
vn 0.949271 0.061157 0.308454
vn 0.950916 -0.016900 0.308987
vn 0.999857 -0.016901 0.000003
vn 0.998128 0.061159 0.000004
vn 0.998128 0.061159 0.000004
vn 0.999857 -0.016901 0.000003
vn 0.950916 -0.016900 -0.308986
vn 0.949271 0.061156 -0.308454
vn 0.505642 0.780619 -0.367369
vn 0.339109 0.907912 -0.246376
vn 0.398645 0.907911 -0.129534
vn 0.594415 0.780619 -0.193145
vn 0.367371 0.780618 -0.505642
vn 0.246377 0.907912 -0.339109
vn 0.339109 0.907912 -0.246376
vn 0.505642 0.780619 -0.367369
vn 0.193141 0.780619 -0.594417
vn 0.129530 0.907912 -0.398646
vn 0.246377 0.907912 -0.339109
vn 0.367371 0.780618 -0.505642
vn 0.000000 0.780618 -0.625008
vn 0.000000 0.907912 -0.419161
vn 0.129530 0.907912 -0.398646
vn 0.193141 0.780619 -0.594417
vn -0.193140 0.780619 -0.594417
vn -0.129530 0.907912 -0.398646
vn 0.000000 0.907912 -0.419161
vn 0.000000 0.780618 -0.625008
vn -0.367371 0.780618 -0.505642
vn -0.246377 0.907912 -0.339109
vn -0.129530 0.907912 -0.398646
vn -0.193140 0.780619 -0.594417
vn -0.505644 0.780619 -0.367368
vn -0.339110 0.907912 -0.246376
vn -0.246377 0.907912 -0.339109
vn -0.367371 0.780618 -0.505642
vn -0.594416 0.780619 -0.193143
vn -0.398645 0.907912 -0.129532
vn -0.339110 0.907912 -0.246376
vn -0.505644 0.780619 -0.367368
vn -0.625009 0.780618 -0.000000
vn -0.419161 0.907912 -0.000000
vn -0.398645 0.907912 -0.129532
vn -0.594416 0.780619 -0.193143
vn -0.594416 0.780619 0.193143
vn -0.398645 0.907911 0.129533
vn -0.419161 0.907912 -0.000000
vn -0.625009 0.780618 -0.000000
vn -0.505644 0.780618 0.367368
vn -0.339110 0.907911 0.246376
vn -0.398645 0.907911 0.129533
vn -0.594416 0.780619 0.193143
vn -0.367370 0.780619 0.505642
vn -0.246376 0.907912 0.339109
vn -0.339110 0.907911 0.246376
vn -0.505644 0.780618 0.367368
vn -0.193139 0.780619 0.594417
vn -0.129529 0.907912 0.398646
vn -0.246376 0.907912 0.339109
vn -0.367370 0.780619 0.505642
vn 0.000000 0.780619 0.625008
vn 0.000000 0.907912 0.419161
vn -0.129529 0.907912 0.398646
vn -0.193139 0.780619 0.594417
vn 0.193139 0.780619 0.594417
vn 0.129529 0.907912 0.398646
vn 0.000000 0.907912 0.419161
vn 0.000000 0.780619 0.625008
vn 0.367371 0.780618 0.505642
vn 0.246377 0.907912 0.339109
vn 0.129529 0.907912 0.398646
vn 0.193139 0.780619 0.594417
vn 0.505644 0.780618 0.367369
vn 0.339111 0.907911 0.246376
vn 0.246377 0.907912 0.339109
vn 0.367371 0.780618 0.505642
vn 0.594416 0.780618 0.193145
vn 0.398645 0.907911 0.129534
vn 0.339111 0.907911 0.246376
vn 0.505644 0.780618 0.367369
vn 0.625008 0.780619 -0.000000
vn 0.419161 0.907912 -0.000000
vn 0.398645 0.907911 0.129534
vn 0.594416 0.780618 0.193145
vn 0.594415 0.780619 -0.193145
vn 0.398645 0.907911 -0.129534
vn 0.419161 0.907912 -0.000000
vn 0.625008 0.780619 -0.000000
vn 0.339109 0.907912 -0.246376
vn 0.283383 0.936644 -0.205894
vn 0.333136 0.936644 -0.108248
vn 0.398645 0.907911 -0.129534
vn 0.205888 0.936645 -0.283384
vn 0.283383 0.936644 -0.205894
vn 0.339109 0.907912 -0.246376
vn 0.246377 0.907912 -0.339109
vn 0.108244 0.936644 -0.333138
vn 0.205888 0.936645 -0.283384
vn 0.246377 0.907912 -0.339109
vn 0.129530 0.907912 -0.398646
vn 0.000000 0.936645 -0.350280
vn 0.108244 0.936644 -0.333138
vn 0.129530 0.907912 -0.398646
vn 0.000000 0.907912 -0.419161
vn -0.108243 0.936643 -0.333141
vn 0.000000 0.936645 -0.350280
vn 0.000000 0.907912 -0.419161
vn -0.129530 0.907912 -0.398646
vn -0.205889 0.936645 -0.283383
vn -0.108243 0.936643 -0.333141
vn -0.129530 0.907912 -0.398646
vn -0.246377 0.907912 -0.339109
vn -0.283386 0.936643 -0.205892
vn -0.205889 0.936645 -0.283383
vn -0.246377 0.907912 -0.339109
vn -0.339110 0.907912 -0.246376
vn -0.333134 0.936645 -0.108250
vn -0.283386 0.936643 -0.205892
vn -0.339110 0.907912 -0.246376
vn -0.398645 0.907912 -0.129532
vn -0.350280 0.936645 -0.000000
vn -0.333134 0.936645 -0.108250
vn -0.398645 0.907912 -0.129532
vn -0.419161 0.907912 -0.000000
vn -0.333135 0.936645 0.108250
vn -0.350280 0.936645 -0.000000
vn -0.419161 0.907912 -0.000000
vn -0.398645 0.907911 0.129533
vn -0.283386 0.936643 0.205892
vn -0.333135 0.936645 0.108250
vn -0.398645 0.907911 0.129533
vn -0.339110 0.907911 0.246376
vn -0.205888 0.936645 0.283382
vn -0.283386 0.936643 0.205892
vn -0.339110 0.907911 0.246376
vn -0.246376 0.907912 0.339109
vn -0.108246 0.936643 0.333141
vn -0.205888 0.936645 0.283382
vn -0.246376 0.907912 0.339109
vn -0.129529 0.907912 0.398646
vn -0.000001 0.936645 0.350280
vn -0.108246 0.936643 0.333141
vn -0.129529 0.907912 0.398646
vn 0.000000 0.907912 0.419161
vn 0.108246 0.936644 0.333138
vn -0.000001 0.936645 0.350280
vn 0.000000 0.907912 0.419161
vn 0.129529 0.907912 0.398646
vn 0.205890 0.936645 0.283384
vn 0.108246 0.936644 0.333138
vn 0.129529 0.907912 0.398646
vn 0.246377 0.907912 0.339109
vn 0.283385 0.936643 0.205894
vn 0.205890 0.936645 0.283384
vn 0.246377 0.907912 0.339109
vn 0.339111 0.907911 0.246376
vn 0.333137 0.936644 0.108248
vn 0.283385 0.936643 0.205894
vn 0.339111 0.907911 0.246376
vn 0.398645 0.907911 0.129534
vn 0.350281 0.936645 -0.000000
vn 0.333137 0.936644 0.108248
vn 0.398645 0.907911 0.129534
vn 0.419161 0.907912 -0.000000
vn 0.333136 0.936644 -0.108248
vn 0.350281 0.936645 -0.000000
vn 0.419161 0.907912 -0.000000
vn 0.398645 0.907911 -0.129534
vn 0.713565 -0.471196 -0.518458
vn 0.838853 -0.471199 -0.272576
vn 0.333136 0.936644 -0.108248
vn 0.283383 0.936644 -0.205894
vn 0.518442 -0.471195 -0.713578
vn 0.713565 -0.471196 -0.518458
vn 0.283383 0.936644 -0.205894
vn 0.205888 0.936645 -0.283384
vn 0.272576 -0.471185 -0.838861
vn 0.518442 -0.471195 -0.713578
vn 0.205888 0.936645 -0.283384
vn 0.108244 0.936644 -0.333138
vn 0.000000 -0.471187 -0.882034
vn 0.272576 -0.471185 -0.838861
vn 0.108244 0.936644 -0.333138
vn 0.000000 0.936645 -0.350280
vn -0.272570 -0.471172 -0.838870
vn 0.000000 -0.471187 -0.882034
vn 0.000000 0.936645 -0.350280
vn -0.108243 0.936643 -0.333141
vn -0.518442 -0.471194 -0.713578
vn -0.272570 -0.471172 -0.838870
vn -0.108243 0.936643 -0.333141
vn -0.205889 0.936645 -0.283383
vn -0.713571 -0.471205 -0.518441
vn -0.518442 -0.471194 -0.713578
vn -0.205889 0.936645 -0.283383
vn -0.283386 0.936643 -0.205892
vn -0.838849 -0.471204 -0.272578
vn -0.713571 -0.471205 -0.518441
vn -0.283386 0.936643 -0.205892
vn -0.333134 0.936645 -0.108250
vn -0.882024 -0.471204 0.000000
vn -0.838849 -0.471204 -0.272578
vn -0.333134 0.936645 -0.108250
vn -0.350280 0.936645 -0.000000
vn -0.838850 -0.471203 0.272578
vn -0.882024 -0.471204 0.000000
vn -0.350280 0.936645 -0.000000
vn -0.333135 0.936645 0.108250
vn -0.713572 -0.471207 0.518439
vn -0.838850 -0.471203 0.272578
vn -0.333135 0.936645 0.108250
vn -0.283386 0.936643 0.205892
vn -0.518445 -0.471195 0.713575
vn -0.713572 -0.471207 0.518439
vn -0.283386 0.936643 0.205892
vn -0.205888 0.936645 0.283382
vn -0.272569 -0.471173 0.838870
vn -0.518445 -0.471195 0.713575
vn -0.205888 0.936645 0.283382
vn -0.108246 0.936643 0.333141
vn -0.000006 -0.471188 0.882033
vn -0.272569 -0.471173 0.838870
vn -0.108246 0.936643 0.333141
vn -0.000001 0.936645 0.350280
vn 0.272566 -0.471187 0.838863
vn -0.000006 -0.471188 0.882033
vn -0.000001 0.936645 0.350280
vn 0.108246 0.936644 0.333138
vn 0.518443 -0.471193 0.713579
vn 0.272566 -0.471187 0.838863
vn 0.108246 0.936644 0.333138
vn 0.205890 0.936645 0.283384
vn 0.713565 -0.471194 0.518460
vn 0.518443 -0.471193 0.713579
vn 0.205890 0.936645 0.283384
vn 0.283385 0.936643 0.205894
vn 0.838852 -0.471200 0.272577
vn 0.713565 -0.471194 0.518460
vn 0.283385 0.936643 0.205894
vn 0.333137 0.936644 0.108248
vn 0.882026 -0.471200 0.000000
vn 0.838852 -0.471200 0.272577
vn 0.333137 0.936644 0.108248
vn 0.350281 0.936645 -0.000000
vn 0.838853 -0.471199 -0.272576
vn 0.882026 -0.471200 0.000000
vn 0.350281 0.936645 -0.000000
vn 0.333136 0.936644 -0.108248
vn 0.935353 0.180936 -0.303937
vn 0.811833 -0.520903 -0.263793
vn 0.690584 -0.520902 -0.501752
vn 0.795655 0.180936 -0.578097
vn 0.795655 0.180936 -0.578097
vn 0.690584 -0.520902 -0.501752
vn 0.501739 -0.520907 -0.690589
vn 0.578083 0.180933 -0.795665
vn 0.578083 0.180933 -0.795665
vn 0.501739 -0.520907 -0.690589
vn 0.263787 -0.520908 -0.811832
vn 0.303924 0.180932 -0.935358
vn 0.303924 0.180932 -0.935358
vn 0.263787 -0.520908 -0.811832
vn 0.000000 -0.520904 -0.853615
vn 0.000001 0.180933 -0.983495
vn 0.000001 0.180933 -0.983495
vn 0.000000 -0.520904 -0.853615
vn -0.263784 -0.520909 -0.811832
vn -0.303920 0.180932 -0.935359
vn -0.303920 0.180932 -0.935359
vn -0.263784 -0.520909 -0.811832
vn -0.501739 -0.520910 -0.690587
vn -0.578088 0.180931 -0.795662
vn -0.578088 0.180931 -0.795662
vn -0.501739 -0.520910 -0.690587
vn -0.690588 -0.520900 -0.501749
vn -0.795662 0.180934 -0.578087
vn -0.795662 0.180934 -0.578087
vn -0.690588 -0.520900 -0.501749
vn -0.811835 -0.520898 -0.263798
vn -0.935350 0.180937 -0.303944
vn -0.935350 0.180937 -0.303944
vn -0.811835 -0.520898 -0.263798
vn -0.853619 -0.520897 0.000000
vn -0.983495 0.180935 -0.000000
vn -0.983495 0.180935 -0.000000
vn -0.853619 -0.520897 0.000000
vn -0.811834 -0.520899 0.263799
vn -0.935350 0.180937 0.303945
vn -0.935350 0.180937 0.303945
vn -0.811834 -0.520899 0.263799
vn -0.690588 -0.520899 0.501749
vn -0.795661 0.180935 0.578088
vn -0.795661 0.180935 0.578088
vn -0.690588 -0.520899 0.501749
vn -0.501741 -0.520909 0.690587
vn -0.578089 0.180931 0.795662
vn -0.578089 0.180931 0.795662
vn -0.501741 -0.520909 0.690587
vn -0.263784 -0.520910 0.811832
vn -0.303922 0.180932 0.935358
vn -0.303922 0.180932 0.935358
vn -0.263784 -0.520910 0.811832
vn 0.000000 -0.520904 0.853615
vn -0.000001 0.180933 0.983495
vn -0.000001 0.180933 0.983495
vn 0.000000 -0.520904 0.853615
vn 0.263785 -0.520909 0.811832
vn 0.303925 0.180932 0.935357
vn 0.303925 0.180932 0.935357
vn 0.263785 -0.520909 0.811832
vn 0.501741 -0.520907 0.690588
vn 0.578085 0.180933 0.795664
vn 0.578085 0.180933 0.795664
vn 0.501741 -0.520907 0.690588
vn 0.690584 -0.520902 0.501752
vn 0.795655 0.180935 0.578096
vn 0.795655 0.180935 0.578096
vn 0.690584 -0.520902 0.501752
vn 0.811833 -0.520904 0.263793
vn 0.935353 0.180936 0.303937
vn 0.935353 0.180936 0.303937
vn 0.811833 -0.520904 0.263793
vn 0.853619 -0.520899 0.000000
vn 0.983495 0.180934 -0.000000
vn 0.983495 0.180934 -0.000000
vn 0.853619 -0.520899 0.000000
vn 0.811833 -0.520903 -0.263793
vn 0.935353 0.180936 -0.303937
vn 0.713565 -0.471196 -0.518458
vn 0.690584 -0.520902 -0.501752
vn 0.811833 -0.520903 -0.263793
vn 0.838853 -0.471199 -0.272576
vn 0.518442 -0.471195 -0.713578
vn 0.501739 -0.520907 -0.690589
vn 0.690584 -0.520902 -0.501752
vn 0.713565 -0.471196 -0.518458
vn 0.272576 -0.471185 -0.838861
vn 0.263787 -0.520908 -0.811832
vn 0.501739 -0.520907 -0.690589
vn 0.518442 -0.471195 -0.713578
vn 0.000000 -0.471187 -0.882034
vn 0.000000 -0.520904 -0.853615
vn 0.263787 -0.520908 -0.811832
vn 0.272576 -0.471185 -0.838861
vn -0.272570 -0.471172 -0.838870
vn -0.263784 -0.520909 -0.811832
vn 0.000000 -0.520904 -0.853615
vn 0.000000 -0.471187 -0.882034
vn -0.518442 -0.471194 -0.713578
vn -0.501739 -0.520910 -0.690587
vn -0.263784 -0.520909 -0.811832
vn -0.272570 -0.471172 -0.838870
vn -0.713571 -0.471205 -0.518441
vn -0.690588 -0.520900 -0.501749
vn -0.501739 -0.520910 -0.690587
vn -0.518442 -0.471194 -0.713578
vn -0.838849 -0.471204 -0.272578
vn -0.811835 -0.520898 -0.263798
vn -0.690588 -0.520900 -0.501749
vn -0.713571 -0.471205 -0.518441
vn -0.882024 -0.471204 0.000000
vn -0.853619 -0.520897 0.000000
vn -0.811835 -0.520898 -0.263798
vn -0.838849 -0.471204 -0.272578
vn -0.838850 -0.471203 0.272578
vn -0.811834 -0.520899 0.263799
vn -0.853619 -0.520897 0.000000
vn -0.882024 -0.471204 0.000000
vn -0.713572 -0.471207 0.518439
vn -0.690588 -0.520899 0.501749
vn -0.811834 -0.520899 0.263799
vn -0.838850 -0.471203 0.272578
vn -0.518445 -0.471195 0.713575
vn -0.501741 -0.520909 0.690587
vn -0.690588 -0.520899 0.501749
vn -0.713572 -0.471207 0.518439
vn -0.272569 -0.471173 0.838870
vn -0.263784 -0.520910 0.811832
vn -0.501741 -0.520909 0.690587
vn -0.518445 -0.471195 0.713575
vn -0.000006 -0.471188 0.882033
vn 0.000000 -0.520904 0.853615
vn -0.263784 -0.520910 0.811832
vn -0.272569 -0.471173 0.838870
vn 0.272566 -0.471187 0.838863
vn 0.263785 -0.520909 0.811832
vn 0.000000 -0.520904 0.853615
vn -0.000006 -0.471188 0.882033
vn 0.518443 -0.471193 0.713579
vn 0.501741 -0.520907 0.690588
vn 0.263785 -0.520909 0.811832
vn 0.272566 -0.471187 0.838863
vn 0.713565 -0.471194 0.518460
vn 0.690584 -0.520902 0.501752
vn 0.501741 -0.520907 0.690588
vn 0.518443 -0.471193 0.713579
vn 0.838852 -0.471200 0.272577
vn 0.811833 -0.520904 0.263793
vn 0.690584 -0.520902 0.501752
vn 0.713565 -0.471194 0.518460
vn 0.882026 -0.471200 0.000000
vn 0.853619 -0.520899 0.000000
vn 0.811833 -0.520904 0.263793
vn 0.838852 -0.471200 0.272577
vn 0.838853 -0.471199 -0.272576
vn 0.811833 -0.520903 -0.263793
vn 0.853619 -0.520899 0.000000
vn 0.882026 -0.471200 0.000000
vn 0.795655 0.180936 -0.578097
vn 0.808211 0.044431 -0.587214
vn 0.950109 0.044431 -0.308739
vn 0.935353 0.180936 -0.303937
vn 0.578083 0.180933 -0.795665
vn 0.587203 0.044429 -0.808219
vn 0.808211 0.044431 -0.587214
vn 0.795655 0.180936 -0.578097
vn 0.303924 0.180932 -0.935358
vn 0.308717 0.044430 -0.950116
vn 0.587203 0.044429 -0.808219
vn 0.578083 0.180933 -0.795665
vn 0.000001 0.180933 -0.983495
vn 0.000001 0.044434 -0.999012
vn 0.308717 0.044430 -0.950116
vn 0.303924 0.180932 -0.935358
vn -0.303920 0.180932 -0.935359
vn -0.308712 0.044431 -0.950117
vn 0.000001 0.044434 -0.999012
vn 0.000001 0.180933 -0.983495
vn -0.578088 0.180931 -0.795662
vn -0.587207 0.044429 -0.808217
vn -0.308712 0.044431 -0.950117
vn -0.303920 0.180932 -0.935359
vn -0.795662 0.180934 -0.578087
vn -0.808219 0.044427 -0.587204
vn -0.587207 0.044429 -0.808217
vn -0.578088 0.180931 -0.795662
vn -0.935350 0.180937 -0.303944
vn -0.950107 0.044428 -0.308745
vn -0.808219 0.044427 -0.587204
vn -0.795662 0.180934 -0.578087
vn -0.983495 0.180935 -0.000000
vn -0.999013 0.044428 -0.000000
vn -0.950107 0.044428 -0.308745
vn -0.935350 0.180937 -0.303944
vn -0.935350 0.180937 0.303945
vn -0.950106 0.044428 0.308746
vn -0.999013 0.044428 -0.000000
vn -0.983495 0.180935 -0.000000
vn -0.795661 0.180935 0.578088
vn -0.808218 0.044427 0.587206
vn -0.950106 0.044428 0.308746
vn -0.935350 0.180937 0.303945
vn -0.578089 0.180931 0.795662
vn -0.587208 0.044429 0.808216
vn -0.808218 0.044427 0.587206
vn -0.795661 0.180935 0.578088
vn -0.303922 0.180932 0.935358
vn -0.308714 0.044431 0.950117
vn -0.587208 0.044429 0.808216
vn -0.578089 0.180931 0.795662
vn -0.000001 0.180933 0.983495
vn -0.000001 0.044434 0.999012
vn -0.308714 0.044431 0.950117
vn -0.303922 0.180932 0.935358
vn 0.303925 0.180932 0.935357
vn 0.308718 0.044430 0.950115
vn -0.000001 0.044434 0.999012
vn -0.000001 0.180933 0.983495
vn 0.578085 0.180933 0.795664
vn 0.587204 0.044429 0.808219
vn 0.308718 0.044430 0.950115
vn 0.303925 0.180932 0.935357
vn 0.795655 0.180935 0.578096
vn 0.808211 0.044430 0.587214
vn 0.587204 0.044429 0.808219
vn 0.578085 0.180933 0.795664
vn 0.935353 0.180936 0.303937
vn 0.950108 0.044431 0.308739
vn 0.808211 0.044430 0.587214
vn 0.795655 0.180935 0.578096
vn 0.983495 0.180934 -0.000000
vn 0.999013 0.044430 -0.000000
vn 0.950108 0.044431 0.308739
vn 0.935353 0.180936 0.303937
vn 0.935353 0.180936 -0.303937
vn 0.950109 0.044431 -0.308739
vn 0.999013 0.044430 -0.000000
vn 0.983495 0.180934 -0.000000
vn 0.950109 0.044431 -0.308739
vn 0.808211 0.044431 -0.587214
vn 0.773046 -0.294856 -0.561658
vn 0.908764 -0.294860 -0.295306
vn 0.808211 0.044431 -0.587214
vn 0.587203 0.044429 -0.808219
vn 0.561651 -0.294859 -0.773050
vn 0.773046 -0.294856 -0.561658
vn 0.561651 -0.294859 -0.773050
vn 0.587203 0.044429 -0.808219
vn 0.308717 0.044430 -0.950116
vn 0.295283 -0.294857 -0.908773
vn 0.308717 0.044430 -0.950116
vn 0.000001 0.044434 -0.999012
vn 0.000000 -0.294860 -0.955541
vn 0.295283 -0.294857 -0.908773
vn 0.000001 0.044434 -0.999012
vn -0.308712 0.044431 -0.950117
vn -0.295279 -0.294857 -0.908774
vn 0.000000 -0.294860 -0.955541
vn -0.308712 0.044431 -0.950117
vn -0.587207 0.044429 -0.808217
vn -0.561652 -0.294859 -0.773049
vn -0.295279 -0.294857 -0.908774
vn -0.587207 0.044429 -0.808217
vn -0.808219 0.044427 -0.587204
vn -0.773050 -0.294856 -0.561653
vn -0.561652 -0.294859 -0.773049
vn -0.808219 0.044427 -0.587204
vn -0.950107 0.044428 -0.308745
vn -0.908762 -0.294861 -0.295310
vn -0.773050 -0.294856 -0.561653
vn -0.950107 0.044428 -0.308745
vn -0.999013 0.044428 -0.000000
vn -0.955539 -0.294864 0.000000
vn -0.908762 -0.294861 -0.295310
vn -0.999013 0.044428 -0.000000
vn -0.950106 0.044428 0.308746
vn -0.908762 -0.294861 0.295310
vn -0.955539 -0.294864 0.000000
vn -0.950106 0.044428 0.308746
vn -0.808218 0.044427 0.587206
vn -0.773049 -0.294856 0.561654
vn -0.908762 -0.294861 0.295310
vn -0.808218 0.044427 0.587206
vn -0.587208 0.044429 0.808216
vn -0.561653 -0.294859 0.773049
vn -0.773049 -0.294856 0.561654
vn -0.587208 0.044429 0.808216
vn -0.308714 0.044431 0.950117
vn -0.295280 -0.294857 0.908773
vn -0.561653 -0.294859 0.773049
vn -0.308714 0.044431 0.950117
vn -0.000001 0.044434 0.999012
vn 0.000000 -0.294860 0.955541
vn -0.295280 -0.294857 0.908773
vn -0.000001 0.044434 0.999012
vn 0.308718 0.044430 0.950115
vn 0.295283 -0.294857 0.908772
vn 0.000000 -0.294860 0.955541
vn 0.308718 0.044430 0.950115
vn 0.587204 0.044429 0.808219
vn 0.561651 -0.294859 0.773050
vn 0.295283 -0.294857 0.908772
vn 0.587204 0.044429 0.808219
vn 0.808211 0.044430 0.587214
vn 0.773046 -0.294856 0.561658
vn 0.561651 -0.294859 0.773050
vn 0.808211 0.044430 0.587214
vn 0.950108 0.044431 0.308739
vn 0.908764 -0.294860 0.295306
vn 0.773046 -0.294856 0.561658
vn 0.950108 0.044431 0.308739
vn 0.999013 0.044430 -0.000000
vn 0.955540 -0.294863 0.000000
vn 0.908764 -0.294860 0.295306
vn 0.999013 0.044430 -0.000000
vn 0.950109 0.044431 -0.308739
vn 0.908764 -0.294860 -0.295306
vn 0.955540 -0.294863 0.000000
vn 0.372779 -0.887513 -0.270845
vn 0.438212 -0.887520 -0.142401
vn 0.908764 -0.294860 -0.295306
vn 0.773046 -0.294856 -0.561658
vn 0.561651 -0.294859 -0.773050
vn 0.270837 -0.887516 -0.372776
vn 0.372779 -0.887513 -0.270845
vn 0.773046 -0.294856 -0.561658
vn 0.142391 -0.887514 -0.438228
vn 0.270837 -0.887516 -0.372776
vn 0.561651 -0.294859 -0.773050
vn 0.295283 -0.294857 -0.908773
vn 0.000000 -0.887519 -0.460772
vn 0.142391 -0.887514 -0.438228
vn 0.295283 -0.294857 -0.908773
vn 0.000000 -0.294860 -0.955541
vn -0.142390 -0.887514 -0.438228
vn 0.000000 -0.887519 -0.460772
vn 0.000000 -0.294860 -0.955541
vn -0.295279 -0.294857 -0.908774
vn -0.270836 -0.887518 -0.372772
vn -0.142390 -0.887514 -0.438228
vn -0.295279 -0.294857 -0.908774
vn -0.561652 -0.294859 -0.773049
vn -0.372781 -0.887512 -0.270844
vn -0.270836 -0.887518 -0.372772
vn -0.561652 -0.294859 -0.773049
vn -0.773050 -0.294856 -0.561653
vn -0.438212 -0.887520 -0.142402
vn -0.372781 -0.887512 -0.270844
vn -0.773050 -0.294856 -0.561653
vn -0.908762 -0.294861 -0.295310
vn -0.460768 -0.887521 0.000000
vn -0.438212 -0.887520 -0.142402
vn -0.908762 -0.294861 -0.295310
vn -0.955539 -0.294864 0.000000
vn -0.438213 -0.887520 0.142402
vn -0.460768 -0.887521 0.000000
vn -0.955539 -0.294864 0.000000
vn -0.908762 -0.294861 0.295310
vn -0.372780 -0.887513 0.270844
vn -0.438213 -0.887520 0.142402
vn -0.908762 -0.294861 0.295310
vn -0.773049 -0.294856 0.561654
vn -0.270834 -0.887519 0.372772
vn -0.372780 -0.887513 0.270844
vn -0.773049 -0.294856 0.561654
vn -0.561653 -0.294859 0.773049
vn -0.142390 -0.887514 0.438228
vn -0.270834 -0.887519 0.372772
vn -0.561653 -0.294859 0.773049
vn -0.295280 -0.294857 0.908773
vn 0.000000 -0.887519 0.460772
vn -0.142390 -0.887514 0.438228
vn -0.295280 -0.294857 0.908773
vn 0.000000 -0.294860 0.955541
vn 0.142393 -0.887514 0.438228
vn 0.000000 -0.887519 0.460772
vn 0.000000 -0.294860 0.955541
vn 0.295283 -0.294857 0.908772
vn 0.270837 -0.887517 0.372776
vn 0.142393 -0.887514 0.438228
vn 0.295283 -0.294857 0.908772
vn 0.561651 -0.294859 0.773050
vn 0.372777 -0.887514 0.270845
vn 0.270837 -0.887517 0.372776
vn 0.561651 -0.294859 0.773050
vn 0.773046 -0.294856 0.561658
vn 0.438212 -0.887520 0.142401
vn 0.372777 -0.887514 0.270845
vn 0.773046 -0.294856 0.561658
vn 0.908764 -0.294860 0.295306
vn 0.460766 -0.887522 0.000000
vn 0.438212 -0.887520 0.142401
vn 0.908764 -0.294860 0.295306
vn 0.955540 -0.294863 0.000000
vn 0.438212 -0.887520 -0.142401
vn 0.460766 -0.887522 0.000000
vn 0.955540 -0.294863 0.000000
vn 0.908764 -0.294860 -0.295306
vn 0.869616 -0.404859 -0.282591
vn 0.739738 -0.404859 -0.537473
vn 0.808751 0.025100 -0.587615
vn 0.950746 0.025104 -0.308953
vn 0.739738 -0.404859 -0.537473
vn 0.537457 -0.404857 -0.739751
vn 0.587597 0.025099 -0.808765
vn 0.808751 0.025100 -0.587615
vn 0.537457 -0.404857 -0.739751
vn 0.282567 -0.404856 -0.869625
vn 0.308928 0.025099 -0.950754
vn 0.587597 0.025099 -0.808765
vn 0.282567 -0.404856 -0.869625
vn 0.000000 -0.404857 -0.914380
vn 0.000000 0.025099 -0.999685
vn 0.308928 0.025099 -0.950754
vn 0.000000 -0.404857 -0.914380
vn -0.282562 -0.404855 -0.869627
vn -0.308920 0.025100 -0.950757
vn 0.000000 0.025099 -0.999685
vn -0.282562 -0.404855 -0.869627
vn -0.537457 -0.404854 -0.739752
vn -0.587596 0.025100 -0.808765
vn -0.308920 0.025100 -0.950757
vn -0.537457 -0.404854 -0.739752
vn -0.739744 -0.404858 -0.537465
vn -0.808756 0.025099 -0.587608
vn -0.587596 0.025100 -0.808765
vn -0.739744 -0.404858 -0.537465
vn -0.869614 -0.404863 -0.282590
vn -0.950746 0.025099 -0.308954
vn -0.808756 0.025099 -0.587608
vn -0.869614 -0.404863 -0.282590
vn -0.914377 -0.404864 0.000000
vn -0.999685 0.025099 -0.000000
vn -0.950746 0.025099 -0.308954
vn -0.914377 -0.404864 0.000000
vn -0.869615 -0.404861 0.282590
vn -0.950746 0.025098 0.308954
vn -0.999685 0.025099 -0.000000
vn -0.869615 -0.404861 0.282590
vn -0.739746 -0.404857 0.537464
vn -0.808756 0.025099 0.587608
vn -0.950746 0.025098 0.308954
vn -0.739746 -0.404857 0.537464
vn -0.537459 -0.404854 0.739751
vn -0.587597 0.025100 0.808764
vn -0.808756 0.025099 0.587608
vn -0.537459 -0.404854 0.739751
vn -0.282562 -0.404855 0.869627
vn -0.308921 0.025100 0.950756
vn -0.587597 0.025100 0.808764
vn -0.282562 -0.404855 0.869627
vn 0.000000 -0.404857 0.914380
vn 0.000000 0.025098 0.999685
vn -0.308921 0.025100 0.950756
vn 0.000000 -0.404857 0.914380
vn 0.282567 -0.404856 0.869625
vn 0.308928 0.025099 0.950754
vn 0.000000 0.025098 0.999685
vn 0.282567 -0.404856 0.869625
vn 0.537458 -0.404856 0.739751
vn 0.587597 0.025099 0.808765
vn 0.308928 0.025099 0.950754
vn 0.537458 -0.404856 0.739751
vn 0.739738 -0.404858 0.537473
vn 0.808751 0.025101 0.587616
vn 0.587597 0.025099 0.808765
vn 0.739738 -0.404858 0.537473
vn 0.869616 -0.404859 0.282591
vn 0.950746 0.025104 0.308953
vn 0.808751 0.025101 0.587616
vn 0.869616 -0.404859 0.282591
vn 0.914379 -0.404859 0.000000
vn 0.999685 0.025107 -0.000000
vn 0.950746 0.025104 0.308953
vn 0.914379 -0.404859 0.000000
vn 0.869616 -0.404859 -0.282591
vn 0.950746 0.025104 -0.308953
vn 0.999685 0.025107 -0.000000
vn 0.849208 0.450217 -0.275954
vn 0.722378 0.450215 -0.524859
vn 0.407385 0.863851 -0.296310
vn 0.480460 0.862950 -0.156448
vn 0.722378 0.450215 -0.524859
vn 0.524843 0.450213 -0.722391
vn 0.295232 0.864556 -0.406671
vn 0.407385 0.863851 -0.296310
vn 0.524843 0.450213 -0.722391
vn 0.275935 0.450212 -0.849216
vn 0.154965 0.865008 -0.477228
vn 0.295232 0.864556 -0.406671
vn 0.275935 0.450212 -0.849216
vn 0.000000 0.450213 -0.892921
vn 0.000000 0.865162 -0.501493
vn 0.154965 0.865008 -0.477228
vn 0.000000 0.450213 -0.892921
vn -0.275930 0.450211 -0.849219
vn -0.154963 0.865008 -0.477229
vn 0.000000 0.865162 -0.501493
vn -0.275930 0.450211 -0.849219
vn -0.524844 0.450212 -0.722391
vn -0.295233 0.864556 -0.406671
vn -0.154963 0.865008 -0.477229
vn -0.524844 0.450212 -0.722391
vn -0.722383 0.450214 -0.524852
vn -0.407386 0.863852 -0.296305
vn -0.295233 0.864556 -0.406671
vn -0.722383 0.450214 -0.524852
vn -0.849207 0.450217 -0.275956
vn -0.480461 0.862949 -0.156448
vn -0.407386 0.863852 -0.296305
vn -0.849207 0.450217 -0.275956
vn -0.892917 0.450221 -0.000000
vn -0.507008 0.861941 -0.000320
vn -0.480461 0.862949 -0.156448
vn -0.892917 0.450221 -0.000000
vn -0.849205 0.450219 0.275958
vn -0.483934 0.860918 0.156935
vn -0.507008 0.861941 -0.000320
vn -0.849205 0.450219 0.275958
vn -0.722382 0.450215 0.524853
vn -0.413003 0.859989 0.299745
vn -0.483934 0.860918 0.156935
vn -0.722382 0.450215 0.524853
vn -0.524844 0.450212 0.722391
vn -0.300852 0.859238 0.413761
vn -0.413003 0.859989 0.299745
vn -0.524844 0.450212 0.722391
vn -0.275931 0.450211 0.849218
vn -0.158433 0.858757 0.487273
vn -0.300852 0.859238 0.413761
vn -0.275931 0.450211 0.849218
vn -0.000001 0.450213 0.892921
vn 0.000000 0.858589 0.512665
vn -0.158433 0.858757 0.487273
vn -0.000001 0.450213 0.892921
vn 0.275936 0.450212 0.849216
vn 0.158435 0.858757 0.487272
vn 0.000000 0.858589 0.512665
vn 0.275936 0.450212 0.849216
vn 0.524843 0.450213 0.722391
vn 0.300851 0.859239 0.413761
vn 0.158435 0.858757 0.487272
vn 0.524843 0.450213 0.722391
vn 0.722377 0.450215 0.524859
vn 0.413003 0.859987 0.299750
vn 0.300851 0.859239 0.413761
vn 0.722377 0.450215 0.524859
vn 0.849207 0.450218 0.275956
vn 0.483932 0.860919 0.156935
vn 0.413003 0.859987 0.299750
vn 0.849207 0.450218 0.275956
vn 0.892918 0.450220 -0.000000
vn 0.507010 0.861940 -0.000321
vn 0.483932 0.860919 0.156935
vn 0.892918 0.450220 -0.000000
vn 0.849208 0.450217 -0.275954
vn 0.480460 0.862950 -0.156448
vn 0.507010 0.861940 -0.000321
vn 0.338709 -0.817274 -0.466196
vn 0.178075 -0.817277 -0.548040
vn 0.282567 -0.404856 -0.869625
vn 0.537457 -0.404857 -0.739751
vn 0.466185 -0.817278 -0.338716
vn 0.338709 -0.817274 -0.466196
vn 0.537457 -0.404857 -0.739751
vn 0.739738 -0.404859 -0.537473
vn 0.548033 -0.817278 -0.178091
vn 0.466185 -0.817278 -0.338716
vn 0.739738 -0.404859 -0.537473
vn 0.869616 -0.404859 -0.282591
vn 0.576240 -0.817280 0.000000
vn 0.548033 -0.817278 -0.178091
vn 0.869616 -0.404859 -0.282591
vn 0.914379 -0.404859 0.000000
vn 0.548031 -0.817279 0.178091
vn 0.576240 -0.817280 0.000000
vn 0.914379 -0.404859 0.000000
vn 0.869616 -0.404859 0.282591
vn 0.466183 -0.817279 0.338716
vn 0.548031 -0.817279 0.178091
vn 0.869616 -0.404859 0.282591
vn 0.739738 -0.404858 0.537473
vn 0.338709 -0.817275 0.466195
vn 0.466183 -0.817279 0.338716
vn 0.739738 -0.404858 0.537473
vn 0.537458 -0.404856 0.739751
vn 0.178075 -0.817277 0.548040
vn 0.338709 -0.817275 0.466195
vn 0.537458 -0.404856 0.739751
vn 0.282567 -0.404856 0.869625
vn 0.000000 -0.817275 0.576248
vn 0.178075 -0.817277 0.548040
vn 0.282567 -0.404856 0.869625
vn 0.000000 -0.404857 0.914380
vn -0.178072 -0.817277 0.548041
vn 0.000000 -0.817275 0.576248
vn 0.000000 -0.404857 0.914380
vn -0.282562 -0.404855 0.869627
vn -0.338710 -0.817275 0.466195
vn -0.178072 -0.817277 0.548041
vn -0.282562 -0.404855 0.869627
vn -0.537459 -0.404854 0.739751
vn -0.466188 -0.817279 0.338709
vn -0.338710 -0.817275 0.466195
vn -0.537459 -0.404854 0.739751
vn -0.739746 -0.404857 0.537464
vn -0.548033 -0.817278 0.178090
vn -0.466188 -0.817279 0.338709
vn -0.739746 -0.404857 0.537464
vn -0.869615 -0.404861 0.282590
vn -0.576244 -0.817278 0.000000
vn -0.548033 -0.817278 0.178090
vn -0.869615 -0.404861 0.282590
vn -0.914377 -0.404864 0.000000
vn -0.548032 -0.817279 -0.178090
vn -0.576244 -0.817278 0.000000
vn -0.914377 -0.404864 0.000000
vn -0.869614 -0.404863 -0.282590
vn -0.466189 -0.817278 -0.338709
vn -0.548032 -0.817279 -0.178090
vn -0.869614 -0.404863 -0.282590
vn -0.739744 -0.404858 -0.537465
vn -0.338710 -0.817275 -0.466195
vn -0.466189 -0.817278 -0.338709
vn -0.739744 -0.404858 -0.537465
vn -0.537457 -0.404854 -0.739752
vn -0.178071 -0.817277 -0.548041
vn -0.338710 -0.817275 -0.466195
vn -0.537457 -0.404854 -0.739752
vn -0.282562 -0.404855 -0.869627
vn 0.000000 -0.817275 -0.576248
vn -0.178071 -0.817277 -0.548041
vn -0.282562 -0.404855 -0.869627
vn 0.000000 -0.404857 -0.914380
vn 0.178075 -0.817277 -0.548040
vn 0.000000 -0.817275 -0.576248
vn 0.000000 -0.404857 -0.914380
vn 0.282567 -0.404856 -0.869625
vn 0.808751 0.025100 -0.587615
vn 0.587597 0.025099 -0.808765
vn 0.524843 0.450213 -0.722391
vn 0.722378 0.450215 -0.524859
vn 0.950746 0.025104 -0.308953
vn 0.808751 0.025100 -0.587615
vn 0.722378 0.450215 -0.524859
vn 0.849208 0.450217 -0.275954
vn 0.999685 0.025107 -0.000000
vn 0.950746 0.025104 -0.308953
vn 0.849208 0.450217 -0.275954
vn 0.892918 0.450220 -0.000000
vn 0.950746 0.025104 0.308953
vn 0.999685 0.025107 -0.000000
vn 0.892918 0.450220 -0.000000
vn 0.849207 0.450218 0.275956
vn 0.808751 0.025101 0.587616
vn 0.950746 0.025104 0.308953
vn 0.849207 0.450218 0.275956
vn 0.722377 0.450215 0.524859
vn 0.587597 0.025099 0.808765
vn 0.808751 0.025101 0.587616
vn 0.722377 0.450215 0.524859
vn 0.524843 0.450213 0.722391
vn 0.308928 0.025099 0.950754
vn 0.587597 0.025099 0.808765
vn 0.524843 0.450213 0.722391
vn 0.275936 0.450212 0.849216
vn 0.000000 0.025098 0.999685
vn 0.308928 0.025099 0.950754
vn 0.275936 0.450212 0.849216
vn -0.000001 0.450213 0.892921
vn -0.308921 0.025100 0.950756
vn 0.000000 0.025098 0.999685
vn -0.000001 0.450213 0.892921
vn -0.275931 0.450211 0.849218
vn -0.587597 0.025100 0.808764
vn -0.308921 0.025100 0.950756
vn -0.275931 0.450211 0.849218
vn -0.524844 0.450212 0.722391
vn -0.808756 0.025099 0.587608
vn -0.587597 0.025100 0.808764
vn -0.524844 0.450212 0.722391
vn -0.722382 0.450215 0.524853
vn -0.950746 0.025098 0.308954
vn -0.808756 0.025099 0.587608
vn -0.722382 0.450215 0.524853
vn -0.849205 0.450219 0.275958
vn -0.999685 0.025099 -0.000000
vn -0.950746 0.025098 0.308954
vn -0.849205 0.450219 0.275958
vn -0.892917 0.450221 -0.000000
vn -0.950746 0.025099 -0.308954
vn -0.999685 0.025099 -0.000000
vn -0.892917 0.450221 -0.000000
vn -0.849207 0.450217 -0.275956
vn -0.808756 0.025099 -0.587608
vn -0.950746 0.025099 -0.308954
vn -0.849207 0.450217 -0.275956
vn -0.722383 0.450214 -0.524852
vn -0.587596 0.025100 -0.808765
vn -0.808756 0.025099 -0.587608
vn -0.722383 0.450214 -0.524852
vn -0.524844 0.450212 -0.722391
vn -0.308920 0.025100 -0.950757
vn -0.587596 0.025100 -0.808765
vn -0.524844 0.450212 -0.722391
vn -0.275930 0.450211 -0.849219
vn 0.000000 0.025099 -0.999685
vn -0.308920 0.025100 -0.950757
vn -0.275930 0.450211 -0.849219
vn 0.000000 0.450213 -0.892921
vn 0.308928 0.025099 -0.950754
vn 0.000000 0.025099 -0.999685
vn 0.000000 0.450213 -0.892921
vn 0.275935 0.450212 -0.849216
vn 0.587597 0.025099 -0.808765
vn 0.308928 0.025099 -0.950754
vn 0.275935 0.450212 -0.849216
vn 0.524843 0.450213 -0.722391
vn 0.142391 -0.887514 -0.438228
vn 0.000000 -0.887519 -0.460772
vn 0.000000 -0.817275 -0.576248
vn 0.178075 -0.817277 -0.548040
vn 0.270837 -0.887516 -0.372776
vn 0.142391 -0.887514 -0.438228
vn 0.178075 -0.817277 -0.548040
vn 0.338709 -0.817274 -0.466196
vn 0.372779 -0.887513 -0.270845
vn 0.270837 -0.887516 -0.372776
vn 0.338709 -0.817274 -0.466196
vn 0.466185 -0.817278 -0.338716
vn 0.438212 -0.887520 -0.142401
vn 0.372779 -0.887513 -0.270845
vn 0.466185 -0.817278 -0.338716
vn 0.548033 -0.817278 -0.178091
vn 0.460766 -0.887522 0.000000
vn 0.438212 -0.887520 -0.142401
vn 0.548033 -0.817278 -0.178091
vn 0.576240 -0.817280 0.000000
vn 0.438212 -0.887520 0.142401
vn 0.460766 -0.887522 0.000000
vn 0.576240 -0.817280 0.000000
vn 0.548031 -0.817279 0.178091
vn 0.372777 -0.887514 0.270845
vn 0.438212 -0.887520 0.142401
vn 0.548031 -0.817279 0.178091
vn 0.466183 -0.817279 0.338716
vn 0.270837 -0.887517 0.372776
vn 0.372777 -0.887514 0.270845
vn 0.466183 -0.817279 0.338716
vn 0.338709 -0.817275 0.466195
vn 0.142393 -0.887514 0.438228
vn 0.270837 -0.887517 0.372776
vn 0.338709 -0.817275 0.466195
vn 0.178075 -0.817277 0.548040
vn 0.000000 -0.887519 0.460772
vn 0.142393 -0.887514 0.438228
vn 0.178075 -0.817277 0.548040
vn 0.000000 -0.817275 0.576248
vn -0.142390 -0.887514 0.438228
vn 0.000000 -0.887519 0.460772
vn 0.000000 -0.817275 0.576248
vn -0.178072 -0.817277 0.548041
vn -0.270834 -0.887519 0.372772
vn -0.142390 -0.887514 0.438228
vn -0.178072 -0.817277 0.548041
vn -0.338710 -0.817275 0.466195
vn -0.372780 -0.887513 0.270844
vn -0.270834 -0.887519 0.372772
vn -0.338710 -0.817275 0.466195
vn -0.466188 -0.817279 0.338709
vn -0.438213 -0.887520 0.142402
vn -0.372780 -0.887513 0.270844
vn -0.466188 -0.817279 0.338709
vn -0.548033 -0.817278 0.178090
vn -0.460768 -0.887521 0.000000
vn -0.438213 -0.887520 0.142402
vn -0.548033 -0.817278 0.178090
vn -0.576244 -0.817278 0.000000
vn -0.438212 -0.887520 -0.142402
vn -0.460768 -0.887521 0.000000
vn -0.576244 -0.817278 0.000000
vn -0.548032 -0.817279 -0.178090
vn -0.372781 -0.887512 -0.270844
vn -0.438212 -0.887520 -0.142402
vn -0.548032 -0.817279 -0.178090
vn -0.466189 -0.817278 -0.338709
vn -0.270836 -0.887518 -0.372772
vn -0.372781 -0.887512 -0.270844
vn -0.466189 -0.817278 -0.338709
vn -0.338710 -0.817275 -0.466195
vn -0.142390 -0.887514 -0.438228
vn -0.270836 -0.887518 -0.372772
vn -0.338710 -0.817275 -0.466195
vn -0.178071 -0.817277 -0.548041
vn 0.000000 -0.887519 -0.460772
vn -0.142390 -0.887514 -0.438228
vn -0.178071 -0.817277 -0.548041
vn 0.000000 -0.817275 -0.576248
vn 0.407385 0.863851 -0.296310
vn 0.289356 0.933944 -0.209812
vn 0.341917 0.933190 -0.110680
vn 0.480460 0.862950 -0.156448
vn 0.295232 0.864556 -0.406671
vn 0.209366 0.934540 -0.287751
vn 0.289356 0.933944 -0.209812
vn 0.407385 0.863851 -0.296310
vn 0.154965 0.865008 -0.477228
vn 0.109788 0.934916 -0.337460
vn 0.209366 0.934540 -0.287751
vn 0.295232 0.864556 -0.406671
vn 0.000000 0.865162 -0.501493
vn 0.000000 0.935047 -0.354523
vn 0.109788 0.934916 -0.337460
vn 0.154965 0.865008 -0.477228
vn -0.154963 0.865008 -0.477229
vn -0.109786 0.934916 -0.337459
vn 0.000000 0.935047 -0.354523
vn 0.000000 0.865162 -0.501493
vn -0.295233 0.864556 -0.406671
vn -0.209367 0.934541 -0.287746
vn -0.109786 0.934916 -0.337459
vn -0.154963 0.865008 -0.477229
vn -0.407386 0.863852 -0.296305
vn -0.289359 0.933943 -0.209812
vn -0.209367 0.934541 -0.287746
vn -0.295233 0.864556 -0.406671
vn -0.480461 0.862949 -0.156448
vn -0.341913 0.933191 -0.110678
vn -0.289359 0.933943 -0.209812
vn -0.407386 0.863852 -0.296305
vn -0.507008 0.861941 -0.000320
vn -0.361599 0.932334 0.000437
vn -0.341913 0.933191 -0.110678
vn -0.480461 0.862949 -0.156448
vn -0.483934 0.860918 0.156935
vn -0.345887 0.931466 0.112844
vn -0.361599 0.932334 0.000437
vn -0.507008 0.861941 -0.000320
vn -0.413003 0.859989 0.299745
vn -0.295782 0.930664 0.215355
vn -0.345887 0.931466 0.112844
vn -0.483934 0.860918 0.156935
vn -0.300852 0.859238 0.413761
vn -0.215792 0.930026 0.297464
vn -0.295782 0.930664 0.215355
vn -0.413003 0.859989 0.299745
vn -0.158433 0.858757 0.487273
vn -0.113754 0.929608 0.350555
vn -0.215792 0.930026 0.297464
vn -0.300852 0.859238 0.413761
vn 0.000000 0.858589 0.512665
vn 0.000000 0.929466 0.368909
vn -0.113754 0.929608 0.350555
vn -0.158433 0.858757 0.487273
vn 0.158435 0.858757 0.487272
vn 0.113756 0.929608 0.350556
vn 0.000000 0.929466 0.368909
vn 0.000000 0.858589 0.512665
vn 0.300851 0.859239 0.413761
vn 0.215792 0.930025 0.297469
vn 0.113756 0.929608 0.350556
vn 0.158435 0.858757 0.487272
vn 0.413003 0.859987 0.299750
vn 0.295780 0.930664 0.215355
vn 0.215792 0.930025 0.297469
vn 0.300851 0.859239 0.413761
vn 0.483932 0.860919 0.156935
vn 0.345888 0.931465 0.112845
vn 0.295780 0.930664 0.215355
vn 0.413003 0.859987 0.299750
vn 0.507010 0.861940 -0.000321
vn 0.361593 0.932336 0.000437
vn 0.345888 0.931465 0.112845
vn 0.483932 0.860919 0.156935
vn 0.480460 0.862950 -0.156448
vn 0.341917 0.933190 -0.110680
vn 0.361593 0.932336 0.000437
vn 0.507010 0.861940 -0.000321
vn 0.341917 0.933190 -0.110680
vn 0.289356 0.933944 -0.209812
vn 0.725344 0.442867 -0.527015
vn 0.852695 0.442867 -0.277094
vn 0.289356 0.933944 -0.209812
vn 0.209366 0.934540 -0.287751
vn 0.527001 0.442865 -0.725356
vn 0.725344 0.442867 -0.527015
vn 0.527001 0.442865 -0.725356
vn 0.209366 0.934540 -0.287751
vn 0.109788 0.934916 -0.337460
vn 0.277063 0.442868 -0.852704
vn 0.109788 0.934916 -0.337460
vn 0.000000 0.935047 -0.354523
vn 0.000000 0.442870 -0.896586
vn 0.277063 0.442868 -0.852704
vn 0.000000 0.935047 -0.354523
vn -0.109786 0.934916 -0.337459
vn -0.277062 0.442869 -0.852704
vn 0.000000 0.442870 -0.896586
vn -0.109786 0.934916 -0.337459
vn -0.209367 0.934541 -0.287746
vn -0.527002 0.442866 -0.725354
vn -0.277062 0.442869 -0.852704
vn -0.209367 0.934541 -0.287746
vn -0.289359 0.933943 -0.209812
vn -0.725344 0.442866 -0.527016
vn -0.527002 0.442866 -0.725354
vn -0.289359 0.933943 -0.209812
vn -0.341913 0.933191 -0.110678
vn -0.852696 0.442863 -0.277095
vn -0.725344 0.442866 -0.527016
vn -0.341913 0.933191 -0.110678
vn -0.361599 0.932334 0.000437
vn -0.896588 0.442866 -0.000000
vn -0.852696 0.442863 -0.277095
vn -0.361599 0.932334 0.000437
vn -0.345887 0.931466 0.112844
vn -0.852696 0.442863 0.277095
vn -0.896588 0.442866 -0.000000
vn -0.345887 0.931466 0.112844
vn -0.295782 0.930664 0.215355
vn -0.725346 0.442863 0.527015
vn -0.852696 0.442863 0.277095
vn -0.295782 0.930664 0.215355
vn -0.215792 0.930026 0.297464
vn -0.527004 0.442865 0.725353
vn -0.725346 0.442863 0.527015
vn -0.215792 0.930026 0.297464
vn -0.113754 0.929608 0.350555
vn -0.277065 0.442869 0.852703
vn -0.527004 0.442865 0.725353
vn -0.113754 0.929608 0.350555
vn 0.000000 0.929466 0.368909
vn 0.000000 0.442870 0.896586
vn -0.277065 0.442869 0.852703
vn 0.000000 0.929466 0.368909
vn 0.113756 0.929608 0.350556
vn 0.277066 0.442867 0.852703
vn 0.000000 0.442870 0.896586
vn 0.113756 0.929608 0.350556
vn 0.215792 0.930025 0.297469
vn 0.527000 0.442865 0.725356
vn 0.277066 0.442867 0.852703
vn 0.215792 0.930025 0.297469
vn 0.295780 0.930664 0.215355
vn 0.725343 0.442867 0.527016
vn 0.527000 0.442865 0.725356
vn 0.295780 0.930664 0.215355
vn 0.345888 0.931465 0.112845
vn 0.852694 0.442868 0.277095
vn 0.725343 0.442867 0.527016
vn 0.345888 0.931465 0.112845
vn 0.361593 0.932336 0.000437
vn 0.896587 0.442867 -0.000000
vn 0.852694 0.442868 0.277095
vn 0.361593 0.932336 0.000437
vn 0.341917 0.933190 -0.110680
vn 0.852695 0.442867 -0.277094
vn 0.896587 0.442867 -0.000000
vn 0.852695 0.442867 -0.277094
vn 0.725344 0.442867 -0.527015
vn 0.765098 0.324954 -0.555904
vn 0.899426 0.324967 -0.292284
vn 0.725344 0.442867 -0.527015
vn 0.527001 0.442865 -0.725356
vn 0.555888 0.324962 -0.765107
vn 0.765098 0.324954 -0.555904
vn 0.555888 0.324962 -0.765107
vn 0.527001 0.442865 -0.725356
vn 0.277063 0.442868 -0.852704
vn 0.292252 0.324960 -0.899439
vn 0.277063 0.442868 -0.852704
vn 0.000000 0.442870 -0.896586
vn 0.000000 0.324963 -0.945727
vn 0.292252 0.324960 -0.899439
vn 0.000000 0.442870 -0.896586
vn -0.277062 0.442869 -0.852704
vn -0.292247 0.324959 -0.899441
vn 0.000000 0.324963 -0.945727
vn -0.277062 0.442869 -0.852704
vn -0.527002 0.442866 -0.725354
vn -0.555886 0.324963 -0.765108
vn -0.292247 0.324959 -0.899441
vn -0.527002 0.442866 -0.725354
vn -0.725344 0.442866 -0.527016
vn -0.765101 0.324955 -0.555900
vn -0.555886 0.324963 -0.765108
vn -0.725344 0.442866 -0.527016
vn -0.852696 0.442863 -0.277095
vn -0.899424 0.324964 -0.292292
vn -0.765101 0.324955 -0.555900
vn -0.852696 0.442863 -0.277095
vn -0.896588 0.442866 -0.000000
vn -0.945728 0.324960 -0.000000
vn -0.899424 0.324964 -0.292292
vn -0.896588 0.442866 -0.000000
vn -0.852696 0.442863 0.277095
vn -0.899425 0.324963 0.292292
vn -0.945728 0.324960 -0.000000
vn -0.852696 0.442863 0.277095
vn -0.725346 0.442863 0.527015
vn -0.765101 0.324954 0.555900
vn -0.899425 0.324963 0.292292
vn -0.725346 0.442863 0.527015
vn -0.527004 0.442865 0.725353
vn -0.555888 0.324962 0.765107
vn -0.765101 0.324954 0.555900
vn -0.527004 0.442865 0.725353
vn -0.277065 0.442869 0.852703
vn -0.292250 0.324959 0.899440
vn -0.555888 0.324962 0.765107
vn -0.277065 0.442869 0.852703
vn 0.000000 0.442870 0.896586
vn 0.000000 0.324963 0.945727
vn -0.292250 0.324959 0.899440
vn 0.000000 0.442870 0.896586
vn 0.277066 0.442867 0.852703
vn 0.292254 0.324960 0.899438
vn 0.000000 0.324963 0.945727
vn 0.277066 0.442867 0.852703
vn 0.527000 0.442865 0.725356
vn 0.555887 0.324962 0.765108
vn 0.292254 0.324960 0.899438
vn 0.527000 0.442865 0.725356
vn 0.725343 0.442867 0.527016
vn 0.765097 0.324955 0.555905
vn 0.555887 0.324962 0.765108
vn 0.725343 0.442867 0.527016
vn 0.852694 0.442868 0.277095
vn 0.899426 0.324967 0.292284
vn 0.765097 0.324955 0.555905
vn 0.852694 0.442868 0.277095
vn 0.896587 0.442867 -0.000000
vn 0.945727 0.324963 -0.000000
vn 0.899426 0.324967 0.292284
vn 0.896587 0.442867 -0.000000
vn 0.852695 0.442867 -0.277094
vn 0.899426 0.324967 -0.292284
vn 0.945727 0.324963 -0.000000
vn 0.800877 -0.141393 -0.581897
vn 0.941487 -0.141395 -0.305956
vn 0.899426 0.324967 -0.292284
vn 0.765098 0.324954 -0.555904
vn 0.581880 -0.141397 -0.800889
vn 0.800877 -0.141393 -0.581897
vn 0.765098 0.324954 -0.555904
vn 0.555888 0.324962 -0.765107
vn 0.305919 -0.141393 -0.941500
vn 0.581880 -0.141397 -0.800889
vn 0.555888 0.324962 -0.765107
vn 0.292252 0.324960 -0.899439
vn 0.000000 -0.141395 -0.989953
vn 0.305919 -0.141393 -0.941500
vn 0.292252 0.324960 -0.899439
vn 0.000000 0.324963 -0.945727
vn -0.305916 -0.141396 -0.941500
vn 0.000000 -0.141395 -0.989953
vn 0.000000 0.324963 -0.945727
vn -0.292247 0.324959 -0.899441
vn -0.581882 -0.141399 -0.800887
vn -0.305916 -0.141396 -0.941500
vn -0.292247 0.324959 -0.899441
vn -0.555886 0.324963 -0.765108
vn -0.800881 -0.141391 -0.581892
vn -0.581882 -0.141399 -0.800887
vn -0.555886 0.324963 -0.765108
vn -0.765101 0.324955 -0.555900
vn -0.941484 -0.141395 -0.305965
vn -0.800881 -0.141391 -0.581892
vn -0.765101 0.324955 -0.555900
vn -0.899424 0.324964 -0.292292
vn -0.989953 -0.141399 0.000000
vn -0.941484 -0.141395 -0.305965
vn -0.899424 0.324964 -0.292292
vn -0.945728 0.324960 -0.000000
vn -0.941484 -0.141396 0.305966
vn -0.989953 -0.141399 0.000000
vn -0.945728 0.324960 -0.000000
vn -0.899425 0.324963 0.292292
vn -0.800880 -0.141391 0.581893
vn -0.941484 -0.141396 0.305966
vn -0.899425 0.324963 0.292292
vn -0.765101 0.324954 0.555900
vn -0.581882 -0.141399 0.800887
vn -0.800880 -0.141391 0.581893
vn -0.765101 0.324954 0.555900
vn -0.555888 0.324962 0.765107
vn -0.305914 -0.141396 0.941501
vn -0.581882 -0.141399 0.800887
vn -0.555888 0.324962 0.765107
vn -0.292250 0.324959 0.899440
vn 0.000000 -0.141395 0.989953
vn -0.305914 -0.141396 0.941501
vn -0.292250 0.324959 0.899440
vn 0.000000 0.324963 0.945727
vn 0.305916 -0.141394 0.941501
vn 0.000000 -0.141395 0.989953
vn 0.000000 0.324963 0.945727
vn 0.292254 0.324960 0.899438
vn 0.581879 -0.141397 0.800890
vn 0.305916 -0.141394 0.941501
vn 0.292254 0.324960 0.899438
vn 0.555887 0.324962 0.765108
vn 0.800877 -0.141392 0.581897
vn 0.581879 -0.141397 0.800890
vn 0.555887 0.324962 0.765108
vn 0.765097 0.324955 0.555905
vn 0.941487 -0.141395 0.305956
vn 0.800877 -0.141392 0.581897
vn 0.765097 0.324955 0.555905
vn 0.899426 0.324967 0.292284
vn 0.989953 -0.141398 0.000000
vn 0.941487 -0.141395 0.305956
vn 0.899426 0.324967 0.292284
vn 0.945727 0.324963 -0.000000
vn 0.941487 -0.141395 -0.305956
vn 0.989953 -0.141398 0.000000
vn 0.945727 0.324963 -0.000000
vn 0.899426 0.324967 -0.292284
vn 0.800877 -0.141393 -0.581897
vn 0.757496 -0.351132 -0.550369
vn 0.890485 -0.351134 -0.289381
vn 0.941487 -0.141395 -0.305956
vn 0.581880 -0.141397 -0.800889
vn 0.550355 -0.351132 -0.757506
vn 0.757496 -0.351132 -0.550369
vn 0.800877 -0.141393 -0.581897
vn 0.305919 -0.141393 -0.941500
vn 0.289346 -0.351130 -0.890498
vn 0.550355 -0.351132 -0.757506
vn 0.581880 -0.141397 -0.800889
vn 0.000000 -0.141395 -0.989953
vn 0.000000 -0.351132 -0.936326
vn 0.289346 -0.351130 -0.890498
vn 0.305919 -0.141393 -0.941500
vn -0.305916 -0.141396 -0.941500
vn -0.289344 -0.351131 -0.890498
vn 0.000000 -0.351132 -0.936326
vn 0.000000 -0.141395 -0.989953
vn -0.581882 -0.141399 -0.800887
vn -0.550359 -0.351135 -0.757502
vn -0.289344 -0.351131 -0.890498
vn -0.305916 -0.141396 -0.941500
vn -0.800881 -0.141391 -0.581892
vn -0.757501 -0.351136 -0.550360
vn -0.550359 -0.351135 -0.757502
vn -0.581882 -0.141399 -0.800887
vn -0.941484 -0.141395 -0.305965
vn -0.890483 -0.351135 -0.289387
vn -0.757501 -0.351136 -0.550360
vn -0.800881 -0.141391 -0.581892
vn -0.989953 -0.141399 0.000000
vn -0.936325 -0.351135 0.000000
vn -0.890483 -0.351135 -0.289387
vn -0.941484 -0.141395 -0.305965
vn -0.941484 -0.141396 0.305966
vn -0.890483 -0.351135 0.289387
vn -0.936325 -0.351135 0.000000
vn -0.989953 -0.141399 0.000000
vn -0.800880 -0.141391 0.581893
vn -0.757501 -0.351136 0.550360
vn -0.890483 -0.351135 0.289387
vn -0.941484 -0.141396 0.305966
vn -0.581882 -0.141399 0.800887
vn -0.550358 -0.351136 0.757502
vn -0.757501 -0.351136 0.550360
vn -0.800880 -0.141391 0.581893
vn -0.305914 -0.141396 0.941501
vn -0.289340 -0.351131 0.890500
vn -0.550358 -0.351136 0.757502
vn -0.581882 -0.141399 0.800887
vn 0.000000 -0.141395 0.989953
vn -0.000002 -0.351132 0.936326
vn -0.289340 -0.351131 0.890500
vn -0.305914 -0.141396 0.941501
vn 0.305916 -0.141394 0.941501
vn 0.289341 -0.351131 0.890499
vn -0.000002 -0.351132 0.936326
vn 0.000000 -0.141395 0.989953
vn 0.581879 -0.141397 0.800890
vn 0.550354 -0.351132 0.757507
vn 0.289341 -0.351131 0.890499
vn 0.305916 -0.141394 0.941501
vn 0.800877 -0.141392 0.581897
vn 0.757496 -0.351131 0.550369
vn 0.550354 -0.351132 0.757507
vn 0.581879 -0.141397 0.800890
vn 0.941487 -0.141395 0.305956
vn 0.890485 -0.351134 0.289381
vn 0.757496 -0.351131 0.550369
vn 0.800877 -0.141392 0.581897
vn 0.989953 -0.141398 0.000000
vn 0.936324 -0.351138 0.000000
vn 0.890485 -0.351134 0.289381
vn 0.941487 -0.141395 0.305956
vn 0.941487 -0.141395 -0.305956
vn 0.890485 -0.351134 -0.289381
vn 0.936324 -0.351138 0.000000
vn 0.989953 -0.141398 0.000000
vn 0.890485 -0.351134 -0.289381
vn 0.757496 -0.351132 -0.550369
vn 0.646392 0.600931 -0.470170
vn 0.763405 0.596155 -0.248622
vn 0.757496 -0.351132 -0.550369
vn 0.550355 -0.351132 -0.757506
vn 0.467907 0.604659 -0.644555
vn 0.646392 0.600931 -0.470170
vn 0.550355 -0.351132 -0.757506
vn 0.289346 -0.351130 -0.890498
vn 0.245422 0.607040 -0.755824
vn 0.467907 0.604659 -0.644555
vn 0.245422 0.607040 -0.755824
vn 0.289346 -0.351130 -0.890498
vn 0.000000 -0.351132 -0.936326
vn 0.000004 0.607841 -0.794059
vn 0.000000 -0.351132 -0.936326
vn -0.289344 -0.351131 -0.890498
vn -0.245418 0.607045 -0.755822
vn 0.000004 0.607841 -0.794059
vn -0.289344 -0.351131 -0.890498
vn -0.550359 -0.351135 -0.757502
vn -0.467902 0.604668 -0.644549
vn -0.245418 0.607045 -0.755822
vn -0.550359 -0.351135 -0.757502
vn -0.757501 -0.351136 -0.550360
vn -0.646392 0.600938 -0.470161
vn -0.467902 0.604668 -0.644549
vn -0.757501 -0.351136 -0.550360
vn -0.890483 -0.351135 -0.289387
vn -0.763394 0.596170 -0.248618
vn -0.646392 0.600938 -0.470161
vn -0.890483 -0.351135 -0.289387
vn -0.936325 -0.351135 0.000000
vn -0.806831 0.590782 -0.000547
vn -0.763394 0.596170 -0.248618
vn -0.936325 -0.351135 0.000000
vn -0.890483 -0.351135 0.289387
vn -0.771278 0.585310 0.250086
vn -0.806831 0.590782 -0.000547
vn -0.890483 -0.351135 0.289387
vn -0.757501 -0.351136 0.550360
vn -0.659150 0.580277 0.478331
vn -0.771278 0.585310 0.250086
vn -0.757501 -0.351136 0.550360
vn -0.550358 -0.351136 0.757502
vn -0.480661 0.576226 0.661006
vn -0.659150 0.580277 0.478331
vn -0.550358 -0.351136 0.757502
vn -0.289340 -0.351131 0.890500
vn -0.253299 0.573607 0.778983
vn -0.480661 0.576226 0.661006
vn -0.289340 -0.351131 0.890500
vn -0.000002 -0.351132 0.936326
vn 0.000000 0.572680 0.819779
vn -0.253299 0.573607 0.778983
vn -0.000002 -0.351132 0.936326
vn 0.289341 -0.351131 0.890499
vn 0.253300 0.573602 0.778987
vn 0.000000 0.572680 0.819779
vn 0.289341 -0.351131 0.890499
vn 0.550354 -0.351132 0.757507
vn 0.480660 0.576218 0.661013
vn 0.253300 0.573602 0.778987
vn 0.550354 -0.351132 0.757507
vn 0.757496 -0.351131 0.550369
vn 0.659143 0.580274 0.478343
vn 0.480660 0.576218 0.661013
vn 0.757496 -0.351131 0.550369
vn 0.890485 -0.351134 0.289381
vn 0.771287 0.585296 0.250090
vn 0.659143 0.580274 0.478343
vn 0.890485 -0.351134 0.289381
vn 0.936324 -0.351138 0.000000
vn 0.806843 0.590766 -0.000547
vn 0.771287 0.585296 0.250090
vn 0.936324 -0.351138 0.000000
vn 0.890485 -0.351134 -0.289381
vn 0.763405 0.596155 -0.248622
vn 0.806843 0.590766 -0.000547
vn 0.763405 0.596155 -0.248622
vn 0.646392 0.600931 -0.470170
vn 0.420360 0.854524 -0.305100
vn 0.496335 0.853072 -0.160997
vn 0.646392 0.600931 -0.470170
vn 0.467907 0.604659 -0.644555
vn 0.304324 0.855678 -0.418572
vn 0.420360 0.854524 -0.305100
vn 0.467907 0.604659 -0.644555
vn 0.245422 0.607040 -0.755824
vn 0.159635 0.856396 -0.491021
vn 0.304324 0.855678 -0.418572
vn 0.245422 0.607040 -0.755824
vn 0.000004 0.607841 -0.794059
vn 0.000003 0.856659 -0.515883
vn 0.159635 0.856396 -0.491021
vn 0.000004 0.607841 -0.794059
vn -0.245418 0.607045 -0.755822
vn -0.159639 0.856402 -0.491011
vn 0.000003 0.856659 -0.515883
vn -0.245418 0.607045 -0.755822
vn -0.467902 0.604668 -0.644549
vn -0.304312 0.855684 -0.418569
vn -0.159639 0.856402 -0.491011
vn -0.467902 0.604668 -0.644549
vn -0.646392 0.600938 -0.470161
vn -0.420351 0.854534 -0.305086
vn -0.304312 0.855684 -0.418569
vn -0.646392 0.600938 -0.470161
vn -0.763394 0.596170 -0.248618
vn -0.496325 0.853083 -0.160972
vn -0.420351 0.854534 -0.305086
vn -0.763394 0.596170 -0.248618
vn -0.806831 0.590782 -0.000547
vn -0.524422 0.851458 0.000320
vn -0.496325 0.853083 -0.160972
vn -0.806831 0.590782 -0.000547
vn -0.771278 0.585310 0.250086
vn -0.501212 0.849795 0.163201
vn -0.524422 0.851458 0.000320
vn -0.771278 0.585310 0.250086
vn -0.659150 0.580277 0.478331
vn -0.428260 0.848279 0.311473
vn -0.501212 0.849795 0.163201
vn -0.659150 0.580277 0.478331
vn -0.480661 0.576226 0.661006
vn -0.312225 0.847074 0.430095
vn -0.428260 0.848279 0.311473
vn -0.480661 0.576226 0.661006
vn -0.253299 0.573607 0.778983
vn -0.164526 0.846281 0.506695
vn -0.312225 0.847074 0.430095
vn -0.253299 0.573607 0.778983
vn 0.000000 0.572680 0.819779
vn 0.000002 0.846019 0.533153
vn -0.164526 0.846281 0.506695
vn 0.000000 0.572680 0.819779
vn 0.253300 0.573602 0.778987
vn 0.164523 0.846276 0.506704
vn 0.000002 0.846019 0.533153
vn 0.253300 0.573602 0.778987
vn 0.480660 0.576218 0.661013
vn 0.312238 0.847068 0.430097
vn 0.164523 0.846276 0.506704
vn 0.480660 0.576218 0.661013
vn 0.659143 0.580274 0.478343
vn 0.428268 0.848270 0.311487
vn 0.312238 0.847068 0.430097
vn 0.659143 0.580274 0.478343
vn 0.771287 0.585296 0.250090
vn 0.501224 0.849784 0.163226
vn 0.428268 0.848270 0.311487
vn 0.771287 0.585296 0.250090
vn 0.806843 0.590766 -0.000547
vn 0.524449 0.851442 0.000320
vn 0.501224 0.849784 0.163226
vn 0.806843 0.590766 -0.000547
vn 0.763405 0.596155 -0.248622
vn 0.496335 0.853072 -0.160997
vn 0.524449 0.851442 0.000320
vn 0.420360 0.854524 -0.305100
vn 0.525345 0.760484 -0.381676
vn 0.601192 0.774847 -0.195398
vn 0.496335 0.853072 -0.160997
vn 0.304324 0.855678 -0.418572
vn 0.371568 0.774851 -0.511414
vn 0.525345 0.760484 -0.381676
vn 0.420360 0.854524 -0.305100
vn 0.159635 0.856396 -0.491021
vn 0.200654 0.760491 -0.617569
vn 0.371568 0.774851 -0.511414
vn 0.304324 0.855678 -0.418572
vn 0.000003 0.856659 -0.515883
vn 0.000001 0.774857 -0.632136
vn 0.200654 0.760491 -0.617569
vn 0.159635 0.856396 -0.491021
vn -0.159639 0.856402 -0.491011
vn -0.200654 0.760496 -0.617563
vn 0.000001 0.774857 -0.632136
vn 0.000003 0.856659 -0.515883
vn -0.304312 0.855684 -0.418569
vn -0.371544 0.774860 -0.511417
vn -0.200654 0.760496 -0.617563
vn -0.159639 0.856402 -0.491011
vn -0.420351 0.854534 -0.305086
vn -0.525332 0.760501 -0.381660
vn -0.371544 0.774860 -0.511417
vn -0.304312 0.855684 -0.418569
vn -0.496325 0.853083 -0.160972
vn -0.601175 0.774870 -0.195361
vn -0.525332 0.760501 -0.381660
vn -0.420351 0.854534 -0.305086
vn -0.524422 0.851458 0.000320
vn -0.649335 0.760503 -0.000000
vn -0.601175 0.774870 -0.195361
vn -0.496325 0.853083 -0.160972
vn -0.501212 0.849795 0.163201
vn -0.601178 0.774866 0.195364
vn -0.649335 0.760503 -0.000000
vn -0.524422 0.851458 0.000320
vn -0.428260 0.848279 0.311473
vn -0.525332 0.760498 0.381665
vn -0.601178 0.774866 0.195364
vn -0.501212 0.849795 0.163201
vn -0.312225 0.847074 0.430095
vn -0.371539 0.774862 0.511417
vn -0.525332 0.760498 0.381665
vn -0.428260 0.848279 0.311473
vn -0.164526 0.846281 0.506695
vn -0.200651 0.760497 0.617563
vn -0.371539 0.774862 0.511417
vn -0.312225 0.847074 0.430095
vn 0.000002 0.846019 0.533153
vn 0.000003 0.774859 0.632134
vn -0.200651 0.760497 0.617563
vn -0.164526 0.846281 0.506695
vn 0.164523 0.846276 0.506704
vn 0.200660 0.760488 0.617571
vn 0.000003 0.774859 0.632134
vn 0.000002 0.846019 0.533153
vn 0.312238 0.847068 0.430097
vn 0.371571 0.774848 0.511416
vn 0.200660 0.760488 0.617571
vn 0.164523 0.846276 0.506704
vn 0.428268 0.848270 0.311487
vn 0.525337 0.760490 0.381675
vn 0.371571 0.774848 0.511416
vn 0.312238 0.847068 0.430097
vn 0.501224 0.849784 0.163226
vn 0.601180 0.774857 0.195397
vn 0.525337 0.760490 0.381675
vn 0.428268 0.848270 0.311487
vn 0.524449 0.851442 0.000320
vn 0.649365 0.760477 -0.000000
vn 0.601180 0.774857 0.195397
vn 0.501224 0.849784 0.163226
vn 0.496335 0.853072 -0.160997
vn 0.601192 0.774847 -0.195398
vn 0.649365 0.760477 -0.000000
vn 0.524449 0.851442 0.000320
vn 0.601192 0.774847 -0.195398
vn 0.525345 0.760484 -0.381676
vn 0.817565 0.156308 -0.554216
vn 0.994746 0.094794 0.038649
vn 0.817565 0.156308 -0.554216
vn 0.525345 0.760484 -0.381676
vn 0.371568 0.774851 -0.511414
vn 0.371568 0.774851 -0.511414
vn 0.200654 0.760491 -0.617569
vn 0.315311 0.195356 -0.928663
vn 0.817565 0.156308 -0.554216
vn 0.200654 0.760491 -0.617569
vn 0.000001 0.774857 -0.632136
vn 0.315311 0.195356 -0.928663
vn 0.000001 0.774857 -0.632136
vn -0.200654 0.760496 -0.617563
vn -0.315294 0.195347 -0.928671
vn 0.315311 0.195356 -0.928663
vn -0.200654 0.760496 -0.617563
vn -0.371544 0.774860 -0.511417
vn -0.315294 0.195347 -0.928671
vn -0.371544 0.774860 -0.511417
vn -0.525332 0.760501 -0.381660
vn -0.817561 0.156304 -0.554223
vn -0.315294 0.195347 -0.928671
vn -0.525332 0.760501 -0.381660
vn -0.601175 0.774870 -0.195361
vn -0.817561 0.156304 -0.554223
vn -0.601175 0.774870 -0.195361
vn -0.649335 0.760503 -0.000000
vn -0.994748 0.094773 0.038659
vn -0.817561 0.156304 -0.554223
vn -0.649335 0.760503 -0.000000
vn -0.601178 0.774866 0.195364
vn -0.994748 0.094773 0.038659
vn -0.601178 0.774866 0.195364
vn -0.525332 0.760498 0.381665
vn -0.790719 0.035332 0.611159
vn -0.994748 0.094773 0.038659
vn -0.525332 0.760498 0.381665
vn -0.371539 0.774862 0.511417
vn -0.790719 0.035332 0.611159
vn -0.371539 0.774862 0.511417
vn -0.200651 0.760497 0.617563
vn -0.299840 -0.000716 0.953989
vn -0.790719 0.035332 0.611159
vn -0.200651 0.760497 0.617563
vn 0.000003 0.774859 0.632134
vn -0.299840 -0.000716 0.953989
vn 0.000003 0.774859 0.632134
vn 0.200660 0.760488 0.617571
vn 0.299867 -0.000713 0.953981
vn -0.299840 -0.000716 0.953989
vn 0.200660 0.760488 0.617571
vn 0.371571 0.774848 0.511416
vn 0.299867 -0.000713 0.953981
vn 0.371571 0.774848 0.511416
vn 0.525337 0.760490 0.381675
vn 0.790707 0.035332 0.611174
vn 0.299867 -0.000713 0.953981
vn 0.525337 0.760490 0.381675
vn 0.601180 0.774857 0.195397
vn 0.790707 0.035332 0.611174
vn 0.601180 0.774857 0.195397
vn 0.649365 0.760477 -0.000000
vn 0.994746 0.094794 0.038649
vn 0.790707 0.035332 0.611174
vn 0.649365 0.760477 -0.000000
vn 0.601192 0.774847 -0.195398
vn 0.994746 0.094794 0.038649
vn 0.997584 -0.013047 0.068232
vn 0.840367 0.107023 -0.531347
vn 0.831841 0.225617 -0.507088
vn 0.998021 -0.025830 0.057340
vn 0.840367 0.107023 -0.531347
vn 0.329353 0.184123 -0.926081
vn 0.321181 0.382592 -0.866295
vn 0.831841 0.225617 -0.507088
vn 0.329353 0.184123 -0.926081
vn -0.329337 0.184124 -0.926086
vn -0.321163 0.382594 -0.866300
vn 0.321181 0.382592 -0.866295
vn -0.329337 0.184124 -0.926086
vn -0.840365 0.107023 -0.531350
vn -0.831835 0.225620 -0.507095
vn -0.321163 0.382594 -0.866300
vn -0.840365 0.107023 -0.531350
vn -0.997584 -0.013048 0.068237
vn -0.998020 -0.025837 0.057345
vn -0.831835 0.225620 -0.507095
vn -0.997584 -0.013048 0.068237
vn -0.775040 -0.126855 0.619048
vn -0.774684 -0.260023 0.576414
vn -0.998020 -0.025837 0.057345
vn -0.775040 -0.126855 0.619048
vn -0.289924 -0.194380 0.937102
vn -0.288984 -0.397162 0.871063
vn -0.774684 -0.260023 0.576414
vn -0.289924 -0.194380 0.937102
vn 0.289951 -0.194377 0.937095
vn 0.288995 -0.397162 0.871059
vn -0.288984 -0.397162 0.871063
vn 0.289951 -0.194377 0.937095
vn 0.775026 -0.126858 0.619065
vn 0.774681 -0.260024 0.576418
vn 0.288995 -0.397162 0.871059
vn 0.775026 -0.126858 0.619065
vn 0.997584 -0.013047 0.068232
vn 0.998021 -0.025830 0.057340
vn 0.774681 -0.260024 0.576418
vn 0.991301 -0.072458 0.109877
vn 0.847683 0.328563 -0.416509
vn 0.786475 0.454655 -0.418027
vn 0.999922 -0.000719 0.012439
vn 0.847683 0.328563 -0.416509
vn 0.324712 0.575620 -0.750483
vn 0.285805 0.698319 -0.656251
vn 0.786475 0.454655 -0.418027
vn 0.324712 0.575620 -0.750483
vn -0.324692 0.575624 -0.750488
vn -0.285790 0.698323 -0.656254
vn 0.285805 0.698319 -0.656251
vn -0.324692 0.575624 -0.750488
vn -0.847678 0.328567 -0.416517
vn -0.786469 0.454665 -0.418027
vn -0.285790 0.698323 -0.656254
vn -0.847678 0.328567 -0.416517
vn -0.991300 -0.072460 0.109879
vn -0.999922 -0.000728 0.012453
vn -0.786469 0.454665 -0.418027
vn -0.991300 -0.072460 0.109879
vn -0.720050 -0.423474 0.549725
vn -0.771574 -0.470335 0.428321
vn -0.999922 -0.000728 0.012453
vn -0.720050 -0.423474 0.549725
vn -0.252061 -0.601961 0.757699
vn -0.274378 -0.720952 0.636352
vn -0.771574 -0.470335 0.428321
vn -0.252061 -0.601961 0.757699
vn 0.252063 -0.601961 0.757699
vn 0.274392 -0.720949 0.636350
vn -0.274378 -0.720952 0.636352
vn 0.252063 -0.601961 0.757699
vn 0.720059 -0.423471 0.549717
vn 0.771567 -0.470342 0.428326
vn 0.274392 -0.720949 0.636350
vn 0.720059 -0.423471 0.549717
vn 0.991301 -0.072458 0.109877
vn 0.999922 -0.000719 0.012439
vn 0.771567 -0.470342 0.428326
vn 0.974739 -0.000541 -0.223347
vn 0.742613 0.003980 -0.669709
vn 0.752023 -0.161883 -0.638949
vn 0.989438 -0.035994 -0.140416
vn 0.742613 0.003980 -0.669709
vn 0.144592 0.013607 -0.989398
vn 0.177922 -0.236451 -0.955215
vn 0.752023 -0.161883 -0.638949
vn 0.144592 0.013607 -0.989398
vn -0.272490 0.022075 -0.961905
vn -0.277094 -0.228506 -0.933276
vn 0.177922 -0.236451 -0.955215
vn -0.272490 0.022075 -0.961905
vn -0.745669 0.014129 -0.666167
vn -0.752726 -0.156846 -0.639377
vn -0.277094 -0.228506 -0.933276
vn -0.745669 0.014129 -0.666167
vn -0.992974 0.001442 -0.118325
vn -0.992990 -0.030653 -0.114159
vn -0.752726 -0.156846 -0.639377
vn -0.992974 0.001442 -0.118325
vn -0.856295 -0.010690 0.516376
vn -0.860627 0.119938 0.494911
vn -0.992990 -0.030653 -0.114159
vn -0.856295 -0.010690 0.516376
vn -0.337094 -0.017404 0.941310
vn -0.340910 0.226833 0.912320
vn -0.860627 0.119938 0.494911
vn -0.337094 -0.017404 0.941310
vn 0.337113 -0.017404 0.941303
vn 0.340926 0.226832 0.912314
vn -0.340910 0.226833 0.912320
vn 0.337113 -0.017404 0.941303
vn 0.856303 -0.010690 0.516363
vn 0.860635 0.119935 0.494897
vn 0.340926 0.226832 0.912314
vn 0.856303 -0.010690 0.516363
vn 0.974739 -0.000541 -0.223347
vn 0.989438 -0.035994 -0.140416
vn 0.860635 0.119935 0.494897
vn 0.983451 -0.071133 -0.166624
vn 0.719971 -0.281540 -0.634332
vn 0.761048 -0.403726 -0.507751
vn 0.995963 -0.049857 -0.074641
vn 0.719971 -0.281540 -0.634332
vn 0.219445 -0.401442 -0.889206
vn 0.280101 -0.604789 -0.745502
vn 0.761048 -0.403726 -0.507751
vn 0.219445 -0.401442 -0.889206
vn -0.258149 -0.399056 -0.879837
vn -0.280223 -0.604771 -0.745471
vn 0.280101 -0.604789 -0.745502
vn -0.258149 -0.399056 -0.879837
vn -0.718497 -0.287308 -0.633416
vn -0.760953 -0.403799 -0.507835
vn -0.280223 -0.604771 -0.745471
vn -0.718497 -0.287308 -0.633416
vn -0.982947 -0.075449 -0.167697
vn -0.995963 -0.049862 -0.074648
vn -0.760953 -0.403799 -0.507835
vn -0.982947 -0.075449 -0.167697
vn -0.887844 0.192320 0.418026
vn -0.844644 0.332550 0.419508
vn -0.995963 -0.049862 -0.074648
vn -0.887844 0.192320 0.418026
vn -0.359126 0.389385 0.848179
vn -0.328962 0.575928 0.748393
vn -0.844644 0.332550 0.419508
vn -0.359126 0.389385 0.848179
vn 0.359143 0.389381 0.848174
vn 0.328983 0.575923 0.748387
vn -0.328962 0.575928 0.748393
vn 0.359143 0.389381 0.848174
vn 0.887849 0.192316 0.418018
vn 0.844652 0.332542 0.419499
vn 0.328983 0.575923 0.748387
vn 0.887849 0.192316 0.418018
vn 0.983451 -0.071133 -0.166624
vn 0.995963 -0.049857 -0.074641
vn 0.844652 0.332542 0.419499
vn 0.840750 0.396884 0.368269
vn 0.995995 -0.065188 -0.061187
vn 0.980562 -0.189413 0.051195
vn 0.845704 0.301176 0.440542
vn 0.325777 0.690344 0.645983
vn 0.840750 0.396884 0.368269
vn 0.845704 0.301176 0.440542
vn 0.333314 0.627472 0.703691
vn -0.325758 0.690349 0.645987
vn 0.325777 0.690344 0.645983
vn 0.333314 0.627472 0.703691
vn -0.333297 0.627476 0.703695
vn -0.840747 0.396888 0.368273
vn -0.325758 0.690349 0.645987
vn -0.333297 0.627476 0.703695
vn -0.845702 0.301176 0.440546
vn -0.995995 -0.065190 -0.061190
vn -0.840747 0.396888 0.368273
vn -0.845702 0.301176 0.440546
vn -0.980566 -0.189397 0.051179
vn -0.757614 -0.482711 -0.439330
vn -0.995995 -0.065190 -0.061190
vn -0.980566 -0.189397 0.051179
vn -0.736522 -0.615307 -0.280949
vn -0.278751 -0.713330 -0.643007
vn -0.757614 -0.482711 -0.439330
vn -0.736522 -0.615307 -0.280949
vn -0.269713 -0.846305 -0.459372
vn 0.278761 -0.713328 -0.643005
vn -0.278751 -0.713330 -0.643007
vn -0.269713 -0.846305 -0.459372
vn 0.269722 -0.846303 -0.459370
vn 0.757620 -0.482706 -0.439325
vn 0.278761 -0.713328 -0.643005
vn 0.269722 -0.846303 -0.459370
vn 0.736532 -0.615294 -0.280952
vn 0.995995 -0.065188 -0.061187
vn 0.757620 -0.482706 -0.439325
vn 0.736532 -0.615294 -0.280952
vn 0.980562 -0.189413 0.051195
vn 0.834875 -0.375933 0.402068
vn 0.997616 0.039469 -0.056610
vn 0.980831 0.095254 -0.169991
vn 0.877166 -0.243306 0.413982
vn 0.321754 -0.634423 0.702839
vn 0.834875 -0.375933 0.402068
vn 0.877166 -0.243306 0.413982
vn 0.351008 -0.470248 0.809728
vn -0.321741 -0.634426 0.702842
vn 0.321754 -0.634423 0.702839
vn 0.351008 -0.470248 0.809728
vn -0.350985 -0.470252 0.809736
vn -0.834874 -0.375937 0.402065
vn -0.321741 -0.634426 0.702842
vn -0.350985 -0.470252 0.809736
vn -0.877162 -0.243310 0.413990
vn -0.997615 0.039472 -0.056620
vn -0.834874 -0.375937 0.402065
vn -0.877162 -0.243310 0.413990
vn -0.987898 0.076063 -0.135177
vn -0.768074 0.433988 -0.470869
vn -0.997615 0.039472 -0.056620
vn -0.987898 0.076063 -0.135177
vn -0.733546 0.345598 -0.585212
vn -0.280826 0.657479 -0.699184
vn -0.768074 0.433988 -0.470869
vn -0.733546 0.345598 -0.585212
vn -0.263295 0.497151 -0.826751
vn 0.280834 0.657478 -0.699182
vn -0.280826 0.657479 -0.699184
vn -0.263295 0.497151 -0.826751
vn 0.227665 0.506692 -0.831524
vn 0.768069 0.433994 -0.470871
vn 0.280834 0.657478 -0.699182
vn 0.227665 0.506692 -0.831524
vn 0.738254 0.346803 -0.578540
vn 0.997616 0.039469 -0.056610
vn 0.768069 0.433994 -0.470871
vn 0.738254 0.346803 -0.578540
vn 0.980831 0.095254 -0.169991
vn 0.771567 -0.470342 0.428326
vn 0.999922 -0.000719 0.012439
vn 0.999143 0.028891 -0.029657
vn 0.795671 -0.460902 0.393036
vn 0.274392 -0.720949 0.636350
vn 0.771567 -0.470342 0.428326
vn 0.795671 -0.460902 0.393036
vn 0.290057 -0.728877 0.620166
vn -0.274378 -0.720952 0.636352
vn 0.274392 -0.720949 0.636350
vn 0.290057 -0.728877 0.620166
vn -0.290048 -0.728879 0.620167
vn -0.771574 -0.470335 0.428321
vn -0.274378 -0.720952 0.636352
vn -0.290048 -0.728879 0.620167
vn -0.795677 -0.460896 0.393031
vn -0.999922 -0.000728 0.012453
vn -0.771574 -0.470335 0.428321
vn -0.795677 -0.460896 0.393031
vn -0.999143 0.028891 -0.029656
vn -0.786469 0.454665 -0.418027
vn -0.999922 -0.000728 0.012453
vn -0.999143 0.028891 -0.029656
vn -0.754504 0.490347 -0.436215
vn -0.285790 0.698323 -0.656254
vn -0.786469 0.454665 -0.418027
vn -0.754504 0.490347 -0.436215
vn -0.267441 0.719090 -0.641392
vn 0.285805 0.698319 -0.656251
vn -0.285790 0.698323 -0.656254
vn -0.267441 0.719090 -0.641392
vn 0.267447 0.719089 -0.641391
vn 0.786475 0.454655 -0.418027
vn 0.285805 0.698319 -0.656251
vn 0.267447 0.719089 -0.641391
vn 0.754500 0.490351 -0.436218
vn 0.999922 -0.000719 0.012439
vn 0.786475 0.454655 -0.418027
vn 0.754500 0.490351 -0.436218
vn 0.999143 0.028891 -0.029657
vn 0.980562 -0.189413 0.051195
vn 0.736532 -0.615294 -0.280952
vn 0.727993 -0.683620 -0.051859
vn 0.904290 -0.295426 0.308193
vn 0.736532 -0.615294 -0.280952
vn 0.269722 -0.846303 -0.459370
vn 0.277153 -0.921372 -0.272508
vn 0.727993 -0.683620 -0.051859
vn 0.269722 -0.846303 -0.459370
vn -0.269713 -0.846305 -0.459372
vn -0.277136 -0.921378 -0.272502
vn 0.277153 -0.921372 -0.272508
vn -0.269713 -0.846305 -0.459372
vn -0.736522 -0.615307 -0.280949
vn -0.728011 -0.683602 -0.051852
vn -0.277136 -0.921378 -0.272502
vn -0.736522 -0.615307 -0.280949
vn -0.980566 -0.189397 0.051179
vn -0.904270 -0.295461 0.308219
vn -0.728011 -0.683602 -0.051852
vn -0.980566 -0.189397 0.051179
vn -0.845702 0.301176 0.440546
vn -0.734707 0.096415 0.671498
vn -0.904270 -0.295461 0.308219
vn -0.845702 0.301176 0.440546
vn -0.333297 0.627476 0.703695
vn -0.281309 0.340150 0.897309
vn -0.734707 0.096415 0.671498
vn -0.333297 0.627476 0.703695
vn 0.333314 0.627472 0.703691
vn 0.281323 0.340154 0.897303
vn -0.281309 0.340150 0.897309
vn 0.333314 0.627472 0.703691
vn 0.845704 0.301176 0.440542
vn 0.734695 0.096419 0.671511
vn 0.281323 0.340154 0.897303
vn 0.845704 0.301176 0.440542
vn 0.980562 -0.189413 0.051195
vn 0.904290 -0.295426 0.308193
vn 0.734695 0.096419 0.671511
vn 0.904290 -0.295426 0.308193
vn 0.727993 -0.683620 -0.051859
vn 0.753571 -0.146914 -0.640740
vn 0.928447 0.256016 -0.269152
vn 0.727993 -0.683620 -0.051859
vn 0.277153 -0.921372 -0.272508
vn 0.288331 -0.397090 -0.871312
vn 0.753571 -0.146914 -0.640740
vn 0.277153 -0.921372 -0.272508
vn -0.277136 -0.921378 -0.272502
vn -0.288314 -0.397081 -0.871322
vn 0.288331 -0.397090 -0.871312
vn -0.277136 -0.921378 -0.272502
vn -0.728011 -0.683602 -0.051852
vn -0.753582 -0.146904 -0.640728
vn -0.288314 -0.397081 -0.871322
vn -0.728011 -0.683602 -0.051852
vn -0.904270 -0.295461 0.308219
vn -0.928440 0.256029 -0.269163
vn -0.753582 -0.146904 -0.640728
vn -0.904270 -0.295461 0.308219
vn -0.734707 0.096415 0.671498
vn -0.748159 0.655963 0.099849
vn -0.928440 0.256029 -0.269163
vn -0.734707 0.096415 0.671498
vn -0.281309 0.340150 0.897309
vn -0.284980 0.901300 0.326259
vn -0.748159 0.655963 0.099849
vn -0.281309 0.340150 0.897309
vn 0.281323 0.340154 0.897303
vn 0.284998 0.901291 0.326267
vn -0.284980 0.901300 0.326259
vn 0.281323 0.340154 0.897303
vn 0.734695 0.096419 0.671511
vn 0.748145 0.655979 0.099855
vn 0.284998 0.901291 0.326267
vn 0.734695 0.096419 0.671511
vn 0.904290 -0.295426 0.308193
vn 0.928447 0.256016 -0.269152
vn 0.748145 0.655979 0.099855
vn 0.928447 0.256016 -0.269152
vn 0.753571 -0.146914 -0.640740
vn 0.689963 -0.715224 -0.111379
vn 0.854799 -0.366894 0.367026
vn 0.753571 -0.146914 -0.640740
vn 0.288331 -0.397090 -0.871312
vn 0.255359 -0.851664 -0.457669
vn 0.689963 -0.715224 -0.111379
vn 0.288331 -0.397090 -0.871312
vn -0.288314 -0.397081 -0.871322
vn -0.255352 -0.851666 -0.457669
vn 0.255359 -0.851664 -0.457669
vn -0.288314 -0.397081 -0.871322
vn -0.753582 -0.146904 -0.640728
vn -0.689967 -0.715224 -0.111360
vn -0.255352 -0.851666 -0.457669
vn -0.753582 -0.146904 -0.640728
vn -0.928440 0.256029 -0.269163
vn -0.854792 -0.366909 0.367026
vn -0.689967 -0.715224 -0.111360
vn -0.928440 0.256029 -0.269163
vn -0.748159 0.655963 0.099849
vn -0.690254 0.112561 0.714759
vn -0.854792 -0.366909 0.367026
vn -0.748159 0.655963 0.099849
vn -0.284980 0.901300 0.326259
vn -0.255462 0.459489 0.850652
vn -0.690254 0.112561 0.714759
vn -0.284980 0.901300 0.326259
vn 0.284998 0.901291 0.326267
vn 0.255480 0.459482 0.850651
vn -0.255462 0.459489 0.850652
vn 0.284998 0.901291 0.326267
vn 0.748145 0.655979 0.099855
vn 0.690262 0.112567 0.714750
vn 0.255480 0.459482 0.850651
vn 0.748145 0.655979 0.099855
vn 0.928447 0.256016 -0.269152
vn 0.854799 -0.366894 0.367026
vn 0.690262 0.112567 0.714750
vn 0.854799 -0.366894 0.367026
vn 0.689963 -0.715224 -0.111379
vn 0.559871 -0.803713 0.201470
vn 0.740464 -0.461808 0.488311
vn 0.689963 -0.715224 -0.111379
vn 0.255359 -0.851664 -0.457669
vn 0.201352 -0.978417 0.046451
vn 0.559871 -0.803713 0.201470
vn 0.255359 -0.851664 -0.457669
vn -0.255352 -0.851666 -0.457669
vn -0.201352 -0.978417 0.046448
vn 0.201352 -0.978417 0.046451
vn -0.255352 -0.851666 -0.457669
vn -0.689967 -0.715224 -0.111360
vn -0.559878 -0.803705 0.201483
vn -0.201352 -0.978417 0.046448
vn -0.689967 -0.715224 -0.111360
vn -0.854792 -0.366909 0.367026
vn -0.740465 -0.461825 0.488292
vn -0.559878 -0.803705 0.201483
vn -0.854792 -0.366909 0.367026
vn -0.690254 0.112561 0.714759
vn -0.604186 -0.091809 0.791537
vn -0.740465 -0.461825 0.488292
vn -0.690254 0.112561 0.714759
vn -0.255462 0.459489 0.850652
vn -0.227543 0.132103 0.964766
vn -0.604186 -0.091809 0.791537
vn -0.255462 0.459489 0.850652
vn 0.255480 0.459482 0.850651
vn 0.227554 0.132098 0.964764
vn -0.227543 0.132103 0.964766
vn 0.255480 0.459482 0.850651
vn 0.690262 0.112567 0.714750
vn 0.604200 -0.091788 0.791528
vn 0.227554 0.132098 0.964764
vn 0.690262 0.112567 0.714750
vn 0.854799 -0.366894 0.367026
vn 0.740464 -0.461808 0.488311
vn 0.604200 -0.091788 0.791528
vn 0.559871 -0.803713 0.201470
vn 0.766893 -0.574223 -0.286607
vn 0.989032 -0.110915 0.097536
vn 0.740464 -0.461808 0.488311
vn 0.201352 -0.978417 0.046451
vn 0.278187 -0.828751 -0.485575
vn 0.766893 -0.574223 -0.286607
vn 0.559871 -0.803713 0.201470
vn -0.201352 -0.978417 0.046448
vn -0.278183 -0.828751 -0.485579
vn 0.278187 -0.828751 -0.485575
vn 0.201352 -0.978417 0.046451
vn -0.559878 -0.803705 0.201483
vn -0.766899 -0.574217 -0.286602
vn -0.278183 -0.828751 -0.485579
vn -0.201352 -0.978417 0.046448
vn -0.740465 -0.461825 0.488292
vn -0.989032 -0.110940 0.097512
vn -0.766899 -0.574217 -0.286602
vn -0.559878 -0.803705 0.201483
vn -0.604186 -0.091809 0.791537
vn -0.786536 0.349059 0.509430
vn -0.989032 -0.110940 0.097512
vn -0.740465 -0.461825 0.488292
vn -0.227543 0.132103 0.964766
vn -0.289158 0.596523 0.748698
vn -0.786536 0.349059 0.509430
vn -0.604186 -0.091809 0.791537
vn 0.227554 0.132098 0.964764
vn 0.289181 0.596516 0.748694
vn -0.289158 0.596523 0.748698
vn -0.227543 0.132103 0.964766
vn 0.604200 -0.091788 0.791528
vn 0.786539 0.349055 0.509427
vn 0.289181 0.596516 0.748694
vn 0.227554 0.132098 0.964764
vn 0.740464 -0.461808 0.488311
vn 0.989032 -0.110915 0.097536
vn 0.786539 0.349055 0.509427
vn 0.604200 -0.091788 0.791528
vn 0.945759 0.228781 -0.230651
vn 0.752588 -0.193721 -0.629352
vn 0.465944 0.311236 -0.828269
vn 0.582688 0.573154 -0.576168
vn 0.752588 -0.193721 -0.629352
vn 0.279342 -0.438952 -0.853984
vn 0.174455 0.154138 -0.972526
vn 0.465944 0.311236 -0.828269
vn 0.279342 -0.438952 -0.853984
vn -0.279336 -0.438949 -0.853988
vn -0.174447 0.154148 -0.972526
vn 0.174455 0.154138 -0.972526
vn -0.279336 -0.438949 -0.853988
vn -0.752599 -0.193709 -0.629343
vn -0.465944 0.311250 -0.828263
vn -0.174447 0.154148 -0.972526
vn -0.752599 -0.193709 -0.629343
vn -0.945756 0.228758 -0.230685
vn -0.582682 0.573141 -0.576187
vn -0.465944 0.311250 -0.828263
vn -0.945756 0.228758 -0.230685
vn -0.747496 0.641501 0.172412
vn -0.465217 0.826603 -0.316701
vn -0.582682 0.573141 -0.576187
vn -0.747496 0.641501 0.172412
vn -0.276441 0.871999 0.403978
vn -0.174433 0.971546 -0.160222
vn -0.465217 0.826603 -0.316701
vn -0.276441 0.871999 0.403978
vn 0.276470 0.871991 0.403976
vn 0.174448 0.971543 -0.160225
vn -0.174433 0.971546 -0.160222
vn 0.276470 0.871991 0.403976
vn 0.747507 0.641488 0.172415
vn 0.465237 0.826597 -0.316688
vn 0.174448 0.971543 -0.160225
vn 0.747507 0.641488 0.172415
vn 0.945759 0.228781 -0.230651
vn 0.582688 0.573154 -0.576168
vn 0.465237 0.826597 -0.316688
vn 0.289181 0.596516 0.748694
vn 0.786539 0.349055 0.509427
vn 0.747507 0.641488 0.172415
vn 0.276470 0.871991 0.403976
vn -0.289158 0.596523 0.748698
vn 0.289181 0.596516 0.748694
vn 0.276470 0.871991 0.403976
vn -0.276441 0.871999 0.403978
vn -0.786536 0.349059 0.509430
vn -0.289158 0.596523 0.748698
vn -0.276441 0.871999 0.403978
vn -0.747496 0.641501 0.172412
vn -0.989032 -0.110940 0.097512
vn -0.786536 0.349059 0.509430
vn -0.747496 0.641501 0.172412
vn -0.945756 0.228758 -0.230685
vn -0.766899 -0.574217 -0.286602
vn -0.989032 -0.110940 0.097512
vn -0.945756 0.228758 -0.230685
vn -0.752599 -0.193709 -0.629343
vn -0.278183 -0.828751 -0.485579
vn -0.766899 -0.574217 -0.286602
vn -0.752599 -0.193709 -0.629343
vn -0.279336 -0.438949 -0.853988
vn 0.278187 -0.828751 -0.485575
vn -0.278183 -0.828751 -0.485579
vn -0.279336 -0.438949 -0.853988
vn 0.279342 -0.438952 -0.853984
vn 0.766893 -0.574223 -0.286607
vn 0.278187 -0.828751 -0.485575
vn 0.279342 -0.438952 -0.853984
vn 0.752588 -0.193721 -0.629352
vn 0.989032 -0.110915 0.097536
vn 0.766893 -0.574223 -0.286607
vn 0.752588 -0.193721 -0.629352
vn 0.945759 0.228781 -0.230651
vn 0.747507 0.641488 0.172415
vn 0.786539 0.349055 0.509427
vn 0.989032 -0.110915 0.097536
vn 0.945759 0.228781 -0.230651
vn 0.465944 0.311236 -0.828269
vn 0.000002 0.714542 -0.699593
vn 0.582688 0.573154 -0.576168
vn 0.174455 0.154138 -0.972526
vn 0.000002 0.714542 -0.699593
vn 0.465944 0.311236 -0.828269
vn -0.174447 0.154148 -0.972526
vn 0.000002 0.714542 -0.699593
vn 0.174455 0.154138 -0.972526
vn -0.465944 0.311250 -0.828263
vn 0.000002 0.714542 -0.699593
vn -0.174447 0.154148 -0.972526
vn -0.582682 0.573141 -0.576187
vn 0.000002 0.714542 -0.699593
vn -0.465944 0.311250 -0.828263
vn -0.465217 0.826603 -0.316701
vn 0.000002 0.714542 -0.699593
vn -0.582682 0.573141 -0.576187
vn -0.174433 0.971546 -0.160222
vn 0.000002 0.714542 -0.699593
vn -0.465217 0.826603 -0.316701
vn 0.174448 0.971543 -0.160225
vn 0.000002 0.714542 -0.699593
vn -0.174433 0.971546 -0.160222
vn 0.465237 0.826597 -0.316688
vn 0.000002 0.714542 -0.699593
vn 0.174448 0.971543 -0.160225
vn 0.582688 0.573154 -0.576168
vn 0.000002 0.714542 -0.699593
vn 0.465237 0.826597 -0.316688
vn 0.998021 -0.025830 0.057340
vn 0.831841 0.225617 -0.507088
vn 0.847683 0.328563 -0.416509
vn 0.991301 -0.072458 0.109877
vn 0.831841 0.225617 -0.507088
vn 0.321181 0.382592 -0.866295
vn 0.324712 0.575620 -0.750483
vn 0.847683 0.328563 -0.416509
vn 0.321181 0.382592 -0.866295
vn -0.321163 0.382594 -0.866300
vn -0.324692 0.575624 -0.750488
vn 0.324712 0.575620 -0.750483
vn -0.321163 0.382594 -0.866300
vn -0.831835 0.225620 -0.507095
vn -0.847678 0.328567 -0.416517
vn -0.324692 0.575624 -0.750488
vn -0.831835 0.225620 -0.507095
vn -0.998020 -0.025837 0.057345
vn -0.991300 -0.072460 0.109879
vn -0.847678 0.328567 -0.416517
vn -0.998020 -0.025837 0.057345
vn -0.774684 -0.260023 0.576414
vn -0.720050 -0.423474 0.549725
vn -0.991300 -0.072460 0.109879
vn -0.774684 -0.260023 0.576414
vn -0.288984 -0.397162 0.871063
vn -0.252061 -0.601961 0.757699
vn -0.720050 -0.423474 0.549725
vn -0.288984 -0.397162 0.871063
vn 0.288995 -0.397162 0.871059
vn 0.252063 -0.601961 0.757699
vn -0.252061 -0.601961 0.757699
vn 0.288995 -0.397162 0.871059
vn 0.774681 -0.260024 0.576418
vn 0.720059 -0.423471 0.549717
vn 0.252063 -0.601961 0.757699
vn 0.774681 -0.260024 0.576418
vn 0.998021 -0.025830 0.057340
vn 0.991301 -0.072458 0.109877
vn 0.720059 -0.423471 0.549717
vn 0.994746 0.094794 0.038649
vn 0.817565 0.156308 -0.554216
vn 0.840367 0.107023 -0.531347
vn 0.997584 -0.013047 0.068232
vn 0.817565 0.156308 -0.554216
vn 0.315311 0.195356 -0.928663
vn 0.329353 0.184123 -0.926081
vn 0.840367 0.107023 -0.531347
vn 0.315311 0.195356 -0.928663
vn -0.315294 0.195347 -0.928671
vn -0.329337 0.184124 -0.926086
vn 0.329353 0.184123 -0.926081
vn -0.315294 0.195347 -0.928671
vn -0.817561 0.156304 -0.554223
vn -0.840365 0.107023 -0.531350
vn -0.329337 0.184124 -0.926086
vn -0.817561 0.156304 -0.554223
vn -0.994748 0.094773 0.038659
vn -0.997584 -0.013048 0.068237
vn -0.840365 0.107023 -0.531350
vn -0.994748 0.094773 0.038659
vn -0.790719 0.035332 0.611159
vn -0.775040 -0.126855 0.619048
vn -0.997584 -0.013048 0.068237
vn -0.790719 0.035332 0.611159
vn -0.299840 -0.000716 0.953989
vn -0.289924 -0.194380 0.937102
vn -0.775040 -0.126855 0.619048
vn -0.299840 -0.000716 0.953989
vn 0.299867 -0.000713 0.953981
vn 0.289951 -0.194377 0.937095
vn -0.289924 -0.194380 0.937102
vn 0.299867 -0.000713 0.953981
vn 0.790707 0.035332 0.611174
vn 0.775026 -0.126858 0.619065
vn 0.289951 -0.194377 0.937095
vn 0.790707 0.035332 0.611174
vn 0.994746 0.094794 0.038649
vn 0.997584 -0.013047 0.068232
vn 0.775026 -0.126858 0.619065
vn 0.795671 -0.460902 0.393036
vn 0.999143 0.028891 -0.029657
vn 0.997616 0.039469 -0.056610
vn 0.834875 -0.375933 0.402068
vn 0.290057 -0.728877 0.620166
vn 0.795671 -0.460902 0.393036
vn 0.834875 -0.375933 0.402068
vn 0.321754 -0.634423 0.702839
vn -0.290048 -0.728879 0.620167
vn 0.290057 -0.728877 0.620166
vn 0.321754 -0.634423 0.702839
vn -0.321741 -0.634426 0.702842
vn -0.795677 -0.460896 0.393031
vn -0.290048 -0.728879 0.620167
vn -0.321741 -0.634426 0.702842
vn -0.834874 -0.375937 0.402065
vn -0.999143 0.028891 -0.029656
vn -0.795677 -0.460896 0.393031
vn -0.834874 -0.375937 0.402065
vn -0.997615 0.039472 -0.056620
vn -0.754504 0.490347 -0.436215
vn -0.999143 0.028891 -0.029656
vn -0.997615 0.039472 -0.056620
vn -0.768074 0.433988 -0.470869
vn -0.267441 0.719090 -0.641392
vn -0.754504 0.490347 -0.436215
vn -0.768074 0.433988 -0.470869
vn -0.280826 0.657479 -0.699184
vn 0.267447 0.719089 -0.641391
vn -0.267441 0.719090 -0.641392
vn -0.280826 0.657479 -0.699184
vn 0.280834 0.657478 -0.699182
vn 0.754500 0.490351 -0.436218
vn 0.267447 0.719089 -0.641391
vn 0.280834 0.657478 -0.699182
vn 0.768069 0.433994 -0.470871
vn 0.999143 0.028891 -0.029657
vn 0.754500 0.490351 -0.436218
vn 0.768069 0.433994 -0.470871
vn 0.997616 0.039469 -0.056610
vn 0.877166 -0.243306 0.413982
vn 0.980831 0.095254 -0.169991
vn 0.981115 0.051109 -0.186550
vn 0.851610 -0.133639 0.506854
vn 0.351008 -0.470248 0.809728
vn 0.877166 -0.243306 0.413982
vn 0.851610 -0.133639 0.506854
vn 0.334390 -0.243085 0.910545
vn -0.350985 -0.470252 0.809736
vn 0.351008 -0.470248 0.809728
vn 0.334390 -0.243085 0.910545
vn -0.334368 -0.243087 0.910553
vn -0.877162 -0.243310 0.413990
vn -0.350985 -0.470252 0.809736
vn -0.334368 -0.243087 0.910553
vn -0.851600 -0.133643 0.506871
vn -0.987898 0.076063 -0.135177
vn -0.877162 -0.243310 0.413990
vn -0.851600 -0.133643 0.506871
vn -0.995116 0.027956 -0.094669
vn -0.733546 0.345598 -0.585212
vn -0.987898 0.076063 -0.135177
vn -0.995116 0.027956 -0.094669
vn -0.761867 0.171777 -0.624542
vn -0.263295 0.497151 -0.826751
vn -0.733546 0.345598 -0.585212
vn -0.761867 0.171777 -0.624542
vn -0.280790 0.257161 -0.924676
vn 0.227665 0.506692 -0.831524
vn -0.263295 0.497151 -0.826751
vn -0.280790 0.257161 -0.924676
vn 0.167327 0.271213 -0.947863
vn 0.738254 0.346803 -0.578540
vn 0.227665 0.506692 -0.831524
vn 0.167327 0.271213 -0.947863
vn 0.751029 0.177194 -0.636049
vn 0.980831 0.095254 -0.169991
vn 0.738254 0.346803 -0.578540
vn 0.751029 0.177194 -0.636049
vn 0.981115 0.051109 -0.186550
vn 0.981115 0.051109 -0.186550
vn 0.751029 0.177194 -0.636049
vn 0.742613 0.003980 -0.669709
vn 0.974739 -0.000541 -0.223347
vn 0.751029 0.177194 -0.636049
vn 0.167327 0.271213 -0.947863
vn 0.144592 0.013607 -0.989398
vn 0.742613 0.003980 -0.669709
vn 0.167327 0.271213 -0.947863
vn -0.280790 0.257161 -0.924676
vn -0.272490 0.022075 -0.961905
vn 0.144592 0.013607 -0.989398
vn -0.280790 0.257161 -0.924676
vn -0.761867 0.171777 -0.624542
vn -0.745669 0.014129 -0.666167
vn -0.272490 0.022075 -0.961905
vn -0.761867 0.171777 -0.624542
vn -0.995116 0.027956 -0.094669
vn -0.992974 0.001442 -0.118325
vn -0.745669 0.014129 -0.666167
vn -0.995116 0.027956 -0.094669
vn -0.851600 -0.133643 0.506871
vn -0.856295 -0.010690 0.516376
vn -0.992974 0.001442 -0.118325
vn -0.851600 -0.133643 0.506871
vn -0.334368 -0.243087 0.910553
vn -0.337094 -0.017404 0.941310
vn -0.856295 -0.010690 0.516376
vn -0.334368 -0.243087 0.910553
vn 0.334390 -0.243085 0.910545
vn 0.337113 -0.017404 0.941303
vn -0.337094 -0.017404 0.941310
vn 0.334390 -0.243085 0.910545
vn 0.851610 -0.133639 0.506854
vn 0.856303 -0.010690 0.516363
vn 0.337113 -0.017404 0.941303
vn 0.851610 -0.133639 0.506854
vn 0.981115 0.051109 -0.186550
vn 0.974739 -0.000541 -0.223347
vn 0.856303 -0.010690 0.516363
vn 0.989438 -0.035994 -0.140416
vn 0.752023 -0.161883 -0.638949
vn 0.719971 -0.281540 -0.634332
vn 0.983451 -0.071133 -0.166624
vn 0.752023 -0.161883 -0.638949
vn 0.177922 -0.236451 -0.955215
vn 0.219445 -0.401442 -0.889206
vn 0.719971 -0.281540 -0.634332
vn 0.177922 -0.236451 -0.955215
vn -0.277094 -0.228506 -0.933276
vn -0.258149 -0.399056 -0.879837
vn 0.219445 -0.401442 -0.889206
vn -0.277094 -0.228506 -0.933276
vn -0.752726 -0.156846 -0.639377
vn -0.718497 -0.287308 -0.633416
vn -0.258149 -0.399056 -0.879837
vn -0.752726 -0.156846 -0.639377
vn -0.992990 -0.030653 -0.114159
vn -0.982947 -0.075449 -0.167697
vn -0.718497 -0.287308 -0.633416
vn -0.992990 -0.030653 -0.114159
vn -0.860627 0.119938 0.494911
vn -0.887844 0.192320 0.418026
vn -0.982947 -0.075449 -0.167697
vn -0.860627 0.119938 0.494911
vn -0.340910 0.226833 0.912320
vn -0.359126 0.389385 0.848179
vn -0.887844 0.192320 0.418026
vn -0.340910 0.226833 0.912320
vn 0.340926 0.226832 0.912314
vn 0.359143 0.389381 0.848174
vn -0.359126 0.389385 0.848179
vn 0.340926 0.226832 0.912314
vn 0.860635 0.119935 0.494897
vn 0.887849 0.192316 0.418018
vn 0.359143 0.389381 0.848174
vn 0.860635 0.119935 0.494897
vn 0.989438 -0.035994 -0.140416
vn 0.983451 -0.071133 -0.166624
vn 0.887849 0.192316 0.418018
vn 0.844652 0.332542 0.419499
vn 0.995963 -0.049857 -0.074641
vn 0.995995 -0.065188 -0.061187
vn 0.840750 0.396884 0.368269
vn 0.995963 -0.049857 -0.074641
vn 0.761048 -0.403726 -0.507751
vn 0.757620 -0.482706 -0.439325
vn 0.995995 -0.065188 -0.061187
vn 0.761048 -0.403726 -0.507751
vn 0.280101 -0.604789 -0.745502
vn 0.278761 -0.713328 -0.643005
vn 0.757620 -0.482706 -0.439325
vn 0.280101 -0.604789 -0.745502
vn -0.280223 -0.604771 -0.745471
vn -0.278751 -0.713330 -0.643007
vn 0.278761 -0.713328 -0.643005
vn -0.280223 -0.604771 -0.745471
vn -0.760953 -0.403799 -0.507835
vn -0.757614 -0.482711 -0.439330
vn -0.278751 -0.713330 -0.643007
vn -0.760953 -0.403799 -0.507835
vn -0.995963 -0.049862 -0.074648
vn -0.995995 -0.065190 -0.061190
vn -0.757614 -0.482711 -0.439330
vn -0.995963 -0.049862 -0.074648
vn -0.844644 0.332550 0.419508
vn -0.840747 0.396888 0.368273
vn -0.995995 -0.065190 -0.061190
vn -0.844644 0.332550 0.419508
vn -0.328962 0.575928 0.748393
vn -0.325758 0.690349 0.645987
vn -0.840747 0.396888 0.368273
vn -0.328962 0.575928 0.748393
vn 0.328983 0.575923 0.748387
vn 0.325777 0.690344 0.645983
vn -0.325758 0.690349 0.645987
vn 0.328983 0.575923 0.748387
vn 0.844652 0.332542 0.419499
vn 0.840750 0.396884 0.368269
vn 0.325777 0.690344 0.645983
vn 0.951090 -0.000000 -0.308914
vn 0.809124 -0.000000 -0.587638
vn 0.809124 -0.000000 -0.587638
vn 0.951090 -0.000000 -0.308914
vn 0.809124 -0.000000 -0.587638
vn 0.587769 -0.000000 -0.809029
vn 0.587769 -0.000000 -0.809029
vn 0.809124 -0.000000 -0.587638
vn 0.587769 -0.000000 -0.809029
vn 0.308981 -0.000000 -0.951068
vn 0.308981 -0.000000 -0.951068
vn 0.587769 -0.000000 -0.809029
vn 0.308981 -0.000000 -0.951068
vn 0.000000 -0.000000 -1.000000
vn 0.000000 -0.000000 -1.000000
vn 0.308981 -0.000000 -0.951068
vn 0.000000 -0.000000 -1.000000
vn -0.308964 -0.000000 -0.951074
vn -0.308964 -0.000000 -0.951074
vn 0.000000 -0.000000 -1.000000
vn -0.308964 -0.000000 -0.951074
vn -0.587769 -0.000000 -0.809029
vn -0.587769 -0.000000 -0.809029
vn -0.308964 -0.000000 -0.951074
vn -0.587769 -0.000000 -0.809029
vn -0.809124 -0.000000 -0.587638
vn -0.809124 -0.000000 -0.587638
vn -0.587769 -0.000000 -0.809029
vn -0.809124 -0.000000 -0.587638
vn -0.951090 -0.000000 -0.308914
vn -0.951090 -0.000000 -0.308914
vn -0.809124 -0.000000 -0.587638
vn -0.951090 -0.000000 -0.308914
vn -1.000000 0.000000 -0.000000
vn -1.000000 0.000000 -0.000000
vn -0.951090 -0.000000 -0.308914
vn -1.000000 0.000000 -0.000000
vn -0.951090 0.000000 0.308914
vn -0.951090 0.000000 0.308914
vn -1.000000 0.000000 -0.000000
vn -0.951090 0.000000 0.308914
vn -0.809124 0.000000 0.587638
vn -0.809124 0.000000 0.587638
vn -0.951090 0.000000 0.308914
vn -0.809124 0.000000 0.587638
vn -0.587769 0.000000 0.809029
vn -0.587769 0.000000 0.809029
vn -0.809124 0.000000 0.587638
vn -0.587769 0.000000 0.809029
vn -0.308964 0.000000 0.951074
vn -0.308964 0.000000 0.951074
vn -0.587769 0.000000 0.809029
vn -0.308964 0.000000 0.951074
vn 0.000000 0.000000 1.000000
vn 0.000000 0.000000 1.000000
vn -0.308964 0.000000 0.951074
vn 0.000000 0.000000 1.000000
vn 0.308981 0.000000 0.951068
vn 0.308981 0.000000 0.951068
vn 0.000000 0.000000 1.000000
vn 0.308981 0.000000 0.951068
vn 0.587769 0.000000 0.809029
vn 0.587769 0.000000 0.809029
vn 0.308981 0.000000 0.951068
vn 0.587769 0.000000 0.809029
vn 0.809124 0.000000 0.587638
vn 0.809124 0.000000 0.587638
vn 0.587769 0.000000 0.809029
vn 0.809124 0.000000 0.587638
vn 0.951090 0.000000 0.308914
vn 0.951090 0.000000 0.308914
vn 0.809124 0.000000 0.587638
vn 0.951090 0.000000 0.308914
vn 1.000000 0.000000 0.000000
vn 1.000000 0.000000 0.000000
vn 0.951090 0.000000 0.308914
vn 1.000000 0.000000 0.000000
vn 0.951090 -0.000000 -0.308914
vn 0.951090 -0.000000 -0.308914
vn 1.000000 0.000000 0.000000
s off
g SM_DeskLamp_Antique_01
usemtl initialShadingGroup
f 11/1/1 1/2/2 2/3/3 12/4/4
f 12/4/5 2/3/6 3/5/7 13/6/8
f 13/7/9 3/8/10 4/9/11 14/10/12
f 14/10/13 4/9/14 5/11/15 15/12/16
f 15/12/17 5/11/18 6/13/19 16/14/20
f 16/14/21 6/13/22 7/15/23 17/16/24
f 17/16/25 7/15/26 8/17/27 18/18/28
f 18/18/29 8/17/30 9/19/31 19/20/32
f 19/20/33 9/19/34 10/21/35 20/22/36
f 20/22/37 10/21/38 1/2/39 11/1/40
f 12/4/41 22/23/42 21/24/43 11/1/44
f 13/6/45 23/25/46 22/23/47 12/4/48
f 14/10/49 24/26/50 23/27/51 13/7/52
f 15/12/53 25/28/54 24/26/55 14/10/56
f 16/14/57 26/29/58 25/28/59 15/12/60
f 17/16/61 27/30/62 26/29/63 16/14/64
f 18/18/65 28/31/66 27/30/67 17/16/68
f 19/20/69 29/32/70 28/31/71 18/18/72
f 20/22/73 30/33/74 29/32/75 19/20/76
f 11/1/77 21/24/78 30/33/79 20/22/80
f 22/23/81 32/34/82 31/35/83 21/24/84
f 23/25/85 33/36/86 32/34/87 22/23/88
f 24/26/89 34/37/90 33/38/91 23/27/92
f 25/28/93 35/39/94 34/37/95 24/26/96
f 26/29/97 36/40/98 35/39/99 25/28/100
f 27/30/101 37/41/102 36/40/103 26/29/104
f 28/31/105 38/42/106 37/41/107 27/30/108
f 29/32/109 39/43/110 38/42/111 28/31/112
f 30/33/113 40/44/114 39/43/115 29/32/116
f 21/24/117 31/35/118 40/44/119 30/33/120
f 32/34/121 42/45/122 41/46/123 31/35/124
f 33/36/125 43/47/126 42/45/127 32/34/128
f 34/37/129 44/48/130 43/49/131 33/38/132
f 35/39/133 45/50/134 44/48/135 34/37/136
f 36/40/137 46/51/138 45/50/139 35/39/140
f 37/41/141 47/52/142 46/51/143 36/40/144
f 38/42/145 48/53/146 47/52/147 37/41/148
f 39/43/149 49/54/150 48/53/151 38/42/152
f 40/44/153 50/55/154 49/54/155 39/43/156
f 31/35/157 41/46/158 50/55/159 40/44/160
f 42/45/161 52/56/162 51/57/163 41/46/164
f 43/47/165 53/58/166 52/56/167 42/45/168
f 44/48/169 54/59/170 53/60/171 43/49/172
f 45/50/173 55/61/174 54/59/175 44/48/176
f 46/51/177 56/62/178 55/61/179 45/50/180
f 47/52/181 57/63/182 56/62/183 46/51/184
f 48/53/185 58/64/186 57/63/187 47/52/188
f 49/54/189 59/65/190 58/64/191 48/53/192
f 50/55/193 60/66/194 59/65/195 49/54/196
f 41/46/197 51/57/198 60/66/199 50/55/200
f 52/56/201 62/67/202 61/68/203 51/57/204
f 53/58/205 63/69/206 62/67/207 52/56/208
f 54/59/209 64/70/210 63/71/211 53/60/212
f 55/61/213 65/72/214 64/70/215 54/59/216
f 56/62/217 66/73/218 65/72/219 55/61/220
f 57/63/221 67/74/222 66/73/223 56/62/224
f 58/64/225 68/75/226 67/74/227 57/63/228
f 59/65/229 69/76/230 68/75/231 58/64/232
f 60/66/233 70/77/234 69/76/235 59/65/236
f 51/57/237 61/68/238 70/77/239 60/66/240
f 62/67/241 72/78/242 71/79/243 61/68/244
f 63/69/245 73/80/246 72/78/247 62/67/248
f 64/70/249 74/81/250 73/82/251 63/71/252
f 65/72/253 75/83/254 74/81/255 64/70/256
f 66/73/257 76/84/258 75/83/259 65/72/260
f 67/74/261 77/85/262 76/84/263 66/73/264
f 68/75/265 78/86/266 77/85/267 67/74/268
f 69/76/269 79/87/270 78/86/271 68/75/272
f 70/77/273 80/88/274 79/87/275 69/76/276
f 61/68/277 71/79/278 80/88/279 70/77/280
f 83/89/281 82/90/282 93/91/283 102/92/284
f 84/93/285 83/89/286 102/92/287 101/94/288
f 85/95/289 84/96/290 101/97/291 100/98/292
f 86/99/293 85/95/294 100/98/295 99/100/296
f 87/101/297 86/99/298 99/100/299 98/102/300
f 88/103/301 87/101/302 98/102/303 97/104/304
f 89/105/305 88/103/306 97/104/307 96/106/308
f 90/107/309 89/105/310 96/106/311 95/108/312
f 91/109/313 90/107/314 95/108/315 94/110/316
f 82/90/317 91/109/318 94/110/319 93/91/320
f 2/3/321 1/2/322 81/111/323
f 3/5/324 2/3/325 81/111/326
f 4/9/327 3/8/328 81/112/329
f 5/11/330 4/9/331 81/112/332
f 6/13/333 5/11/334 81/112/335
f 7/15/336 6/13/337 81/112/338
f 8/17/339 7/15/340 81/111/341
f 9/19/342 8/17/343 81/111/344
f 10/21/345 9/19/346 81/111/347
f 1/2/348 10/21/349 81/111/350
f 92/113/351 82/90/352 83/89/353
f 92/114/354 83/89/355 84/93/356
f 92/113/357 84/96/358 85/95/359
f 92/113/360 85/95/361 86/99/362
f 92/113/363 86/99/364 87/101/365
f 92/113/366 87/101/367 88/103/368
f 92/113/369 88/103/370 89/105/371
f 92/113/372 89/105/373 90/107/374
f 92/113/375 90/107/376 91/109/377
f 92/113/378 91/109/379 82/90/380
f 72/78/381 102/92/382 93/91/383 71/79/384
f 73/80/385 101/94/386 102/92/387 72/78/388
f 74/81/389 100/98/390 101/97/391 73/82/392
f 75/83/393 99/100/394 100/98/395 74/81/396
f 76/84/397 98/102/398 99/100/399 75/83/400
f 77/85/401 97/104/402 98/102/403 76/84/404
f 78/86/405 96/106/406 97/104/407 77/85/408
f 79/87/409 95/108/410 96/106/411 78/86/412
f 80/88/413 94/110/414 95/108/415 79/87/416
f 71/79/417 93/91/418 94/110/419 80/88/420
f 103/115/421 104/116/422 124/117/423 123/118/424
f 104/116/425 105/119/426 125/120/427 124/117/428
f 105/119/429 106/121/430 126/122/431 125/120/432
f 106/121/433 107/123/434 127/124/435 126/122/436
f 107/123/437 108/125/438 128/126/439 127/124/440
f 108/125/441 109/127/442 129/128/443 128/126/444
f 109/127/445 110/129/446 130/130/447 129/128/448
f 110/129/449 111/131/450 131/132/451 130/130/452
f 131/132/453 111/131/454 112/133/455 132/134/456
f 112/133/457 113/135/458 133/136/459 132/134/460
f 113/135/461 114/137/462 134/138/463 133/136/464
f 114/139/465 115/140/466 135/141/467 134/142/468
f 115/140/469 116/143/470 136/144/471 135/141/472
f 116/143/473 117/145/474 137/146/475 136/144/476
f 117/145/477 118/147/478 138/148/479 137/146/480
f 118/147/481 119/149/482 139/150/483 138/148/484
f 119/149/485 120/151/486 140/152/487 139/150/488
f 120/151/489 121/153/490 141/154/491 140/152/492
f 121/153/493 122/155/494 142/156/495 141/154/496
f 122/155/497 103/115/498 123/118/499 142/156/500
f 143/157/501 123/158/502 124/159/503 144/160/504
f 144/160/505 124/159/506 125/161/507 145/162/508
f 145/162/509 125/161/510 126/163/511 146/164/512
f 146/164/513 126/163/514 127/165/515 147/166/516
f 147/166/517 127/165/518 128/167/519 148/168/520
f 148/168/521 128/167/522 129/169/523 149/170/524
f 149/170/525 129/169/526 130/171/527 150/172/528
f 150/172/529 130/171/530 131/173/531 151/174/532
f 151/174/533 131/173/534 132/175/535 152/176/536
f 152/176/537 132/175/538 133/177/539 153/178/540
f 153/178/541 133/177/542 134/179/543 154/180/544
f 154/180/545 134/179/546 135/181/547 155/182/548
f 155/182/549 135/181/550 136/183/551 156/184/552
f 156/184/553 136/183/554 137/185/555 157/186/556
f 157/186/557 137/185/558 138/187/559 158/188/560
f 158/188/561 138/187/562 139/189/563 159/190/564
f 159/190/565 139/189/566 140/191/567 160/192/568
f 160/192/569 140/191/570 141/193/571 161/194/572
f 161/194/573 141/193/574 142/195/575 162/196/576
f 162/196/577 142/195/578 123/158/579 143/157/580
f 143/197/581 144/198/582 164/199/583 163/200/584
f 144/201/585 145/202/586 165/203/587 164/204/588
f 145/202/589 146/205/590 166/206/591 165/203/592
f 146/205/593 147/207/594 167/208/595 166/206/596
f 147/207/597 148/209/598 168/210/599 167/208/600
f 148/209/601 149/211/602 169/212/603 168/210/604
f 149/211/605 150/213/606 170/214/607 169/212/608
f 150/213/609 151/215/610 171/216/611 170/214/612
f 171/216/613 151/215/614 152/217/615 172/218/616
f 152/217/617 153/219/618 173/220/619 172/218/620
f 153/219/621 154/221/622 174/222/623 173/220/624
f 154/221/625 155/223/626 175/224/627 174/222/628
f 155/223/629 156/225/630 176/226/631 175/224/632
f 156/225/633 157/227/634 177/228/635 176/226/636
f 157/227/637 158/229/638 178/230/639 177/228/640
f 158/229/641 159/231/642 179/232/643 178/230/644
f 159/231/645 160/233/646 180/234/647 179/232/648
f 160/233/649 161/235/650 181/236/651 180/234/652
f 161/235/653 162/237/654 182/238/655 181/236/656
f 162/237/657 143/197/658 163/200/659 182/238/660
f 104/239/661 103/240/662 217/241/663 218/242/664
f 105/243/665 104/239/666 218/242/667 219/244/668
f 106/245/669 105/243/670 219/244/671 220/246/672
f 107/247/673 106/245/674 220/246/675 221/248/676
f 108/249/677 107/247/678 221/248/679 222/250/680
f 109/251/681 108/249/682 222/250/683 203/252/684
f 110/253/685 109/251/686 203/252/687 204/254/688
f 111/255/689 110/253/690 204/254/691 205/256/692
f 112/257/693 111/255/694 205/256/695 206/258/696
f 113/259/697 112/257/698 206/258/699 207/260/700
f 114/261/701 113/259/702 207/260/703 208/262/704
f 115/263/705 114/261/706 208/262/707 209/264/708
f 116/265/709 115/263/710 209/264/711 210/266/712
f 117/267/713 116/265/714 210/266/715 211/268/716
f 118/269/717 117/267/718 211/268/719 212/270/720
f 119/271/721 118/269/722 212/270/723 213/272/724
f 120/273/725 119/271/726 213/272/727 214/274/728
f 121/275/729 120/273/730 214/274/731 215/276/732
f 122/277/733 121/275/734 215/276/735 216/278/736
f 103/240/737 122/277/738 216/278/739 217/241/740
f 224/279/741 223/280/742 225/281/743
f 226/282/744 224/279/745 225/281/746
f 227/283/747 226/282/748 225/281/749
f 228/284/750 227/283/751 225/281/752
f 229/285/753 228/284/754 225/281/755
f 230/286/756 229/285/757 225/281/758
f 231/287/759 230/286/760 225/281/761
f 232/288/762 231/287/763 225/281/764
f 233/289/765 232/288/766 225/281/767
f 234/290/768 233/289/769 225/281/770
f 235/291/771 234/290/772 225/281/773
f 236/292/774 235/291/775 225/281/776
f 237/293/777 236/292/778 225/281/779
f 238/294/780 237/293/781 225/281/782
f 239/295/783 238/294/784 225/281/785
f 240/296/786 239/295/787 225/281/788
f 241/297/789 240/296/790 225/281/791
f 242/298/792 241/297/793 225/281/794
f 243/299/795 242/298/796 225/281/797
f 223/280/798 243/299/799 225/281/800
f 204/254/801 203/252/802 189/300/803 190/301/804
f 205/256/805 204/254/806 190/301/807 191/302/808
f 206/258/809 205/256/810 191/302/811 192/303/812
f 207/260/813 206/258/814 192/303/815 193/304/816
f 208/262/817 207/260/818 193/304/819 194/305/820
f 209/264/821 208/262/822 194/305/823 195/306/824
f 210/266/825 209/264/826 195/306/827 196/307/828
f 211/268/829 210/266/830 196/307/831 197/308/832
f 212/270/833 211/268/834 197/308/835 198/309/836
f 213/272/837 212/270/838 198/309/839 199/310/840
f 214/274/841 213/272/842 199/310/843 200/311/844
f 215/276/845 214/274/846 200/311/847 201/312/848
f 216/278/849 215/276/850 201/312/851 202/313/852
f 217/241/853 216/278/854 202/313/855 183/314/856
f 218/242/857 217/241/858 183/314/859 184/315/860
f 219/244/861 218/242/862 184/315/863 185/316/864
f 220/246/865 219/244/866 185/316/867 186/317/868
f 221/248/869 220/246/870 186/317/871 187/318/872
f 222/250/873 221/248/874 187/318/875 188/319/876
f 203/252/877 222/250/878 188/319/879 189/300/880
f 184/315/881 183/314/882 223/280/883 224/279/884
f 185/316/885 184/315/886 224/279/887 226/282/888
f 186/317/889 185/316/890 226/282/891 227/283/892
f 187/318/893 186/317/894 227/283/895 228/284/896
f 188/319/897 187/318/898 228/284/899 229/285/900
f 189/300/901 188/319/902 229/285/903 230/286/904
f 190/301/905 189/300/906 230/286/907 231/287/908
f 191/302/909 190/301/910 231/287/911 232/288/912
f 192/303/913 191/302/914 232/288/915 233/289/916
f 193/304/917 192/303/918 233/289/919 234/290/920
f 194/305/921 193/304/922 234/290/923 235/291/924
f 195/306/925 194/305/926 235/291/927 236/292/928
f 196/307/929 195/306/930 236/292/931 237/293/932
f 197/308/933 196/307/934 237/293/935 238/294/936
f 198/309/937 197/308/938 238/294/939 239/295/940
f 199/310/941 198/309/942 239/295/943 240/296/944
f 200/311/945 199/310/946 240/296/947 241/297/948
f 201/312/949 200/311/950 241/297/951 242/298/952
f 202/313/953 201/312/954 242/298/955 243/299/956
f 183/314/957 202/313/958 243/299/959 223/280/960
f 245/320/961 255/321/962 254/322/963 244/323/964
f 246/324/965 256/325/966 255/321/967 245/320/968
f 247/326/969 257/327/970 256/328/971 246/329/972
f 248/330/973 258/331/974 257/327/975 247/326/976
f 249/332/977 259/333/978 258/331/979 248/330/980
f 250/334/981 260/335/982 259/333/983 249/332/984
f 251/336/985 261/337/986 260/335/987 250/334/988
f 252/338/989 262/339/990 261/337/991 251/336/992
f 253/340/993 263/341/994 262/339/995 252/338/996
f 244/323/997 254/322/998 263/341/999 253/340/1000
f 255/321/1001 265/342/1002 264/343/1003 254/322/1004
f 256/325/1005 266/344/1006 265/342/1007 255/321/1008
f 257/327/1009 267/345/1010 266/346/1011 256/328/1012
f 258/331/1013 268/347/1014 267/345/1015 257/327/1016
f 259/333/1017 269/348/1018 268/347/1019 258/331/1020
f 260/335/1021 270/349/1022 269/348/1023 259/333/1024
f 261/337/1025 271/350/1026 270/349/1027 260/335/1028
f 262/339/1029 272/351/1030 271/350/1031 261/337/1032
f 263/341/1033 273/352/1034 272/351/1035 262/339/1036
f 254/322/1037 264/343/1038 273/352/1039 263/341/1040
f 265/342/1041 275/353/1042 274/354/1043 264/343/1044
f 266/344/1045 276/355/1046 275/353/1047 265/342/1048
f 267/345/1049 277/356/1050 276/357/1051 266/346/1052
f 268/347/1053 278/358/1054 277/356/1055 267/345/1056
f 269/348/1057 279/359/1058 278/358/1059 268/347/1060
f 270/349/1061 280/360/1062 279/359/1063 269/348/1064
f 271/350/1065 281/361/1066 280/360/1067 270/349/1068
f 272/351/1069 282/362/1070 281/361/1071 271/350/1072
f 273/352/1073 283/363/1074 282/362/1075 272/351/1076
f 264/343/1077 274/354/1078 283/363/1079 273/352/1080
f 275/353/1081 285/364/1082 284/365/1083 274/354/1084
f 276/355/1085 286/366/1086 285/364/1087 275/353/1088
f 277/356/1089 287/367/1090 286/368/1091 276/357/1092
f 278/358/1093 288/369/1094 287/367/1095 277/356/1096
f 279/359/1097 289/370/1098 288/369/1099 278/358/1100
f 280/360/1101 290/371/1102 289/370/1103 279/359/1104
f 281/361/1105 291/372/1106 290/371/1107 280/360/1108
f 282/362/1109 292/373/1110 291/372/1111 281/361/1112
f 283/363/1113 293/374/1114 292/373/1115 282/362/1116
f 274/354/1117 284/365/1118 293/374/1119 283/363/1120
f 285/364/1121 295/375/1122 294/376/1123 284/365/1124
f 286/366/1125 296/377/1126 295/375/1127 285/364/1128
f 287/367/1129 297/378/1130 296/379/1131 286/368/1132
f 288/369/1133 298/380/1134 297/378/1135 287/367/1136
f 289/370/1137 299/381/1138 298/380/1139 288/369/1140
f 290/371/1141 300/382/1142 299/381/1143 289/370/1144
f 291/372/1145 301/383/1146 300/382/1147 290/371/1148
f 292/373/1149 302/384/1150 301/383/1151 291/372/1152
f 293/374/1153 303/385/1154 302/384/1155 292/373/1156
f 284/365/1157 294/376/1158 303/385/1159 293/374/1160
f 295/375/1161 305/386/1162 304/387/1163 294/376/1164
f 296/377/1165 306/388/1166 305/386/1167 295/375/1168
f 297/378/1169 307/389/1170 306/390/1171 296/379/1172
f 298/380/1173 308/391/1174 307/389/1175 297/378/1176
f 299/381/1177 309/392/1178 308/391/1179 298/380/1180
f 300/382/1181 310/393/1182 309/392/1183 299/381/1184
f 301/383/1185 311/394/1186 310/393/1187 300/382/1188
f 302/384/1189 312/395/1190 311/394/1191 301/383/1192
f 303/385/1193 313/396/1194 312/395/1195 302/384/1196
f 294/376/1197 304/387/1198 313/396/1199 303/385/1200
f 305/386/1201 315/397/1202 314/398/1203 304/387/1204
f 306/388/1205 316/399/1206 315/397/1207 305/386/1208
f 307/389/1209 317/400/1210 316/401/1211 306/390/1212
f 308/391/1213 318/402/1214 317/400/1215 307/389/1216
f 309/392/1217 319/403/1218 318/402/1219 308/391/1220
f 310/393/1221 320/404/1222 319/403/1223 309/392/1224
f 311/394/1225 321/405/1226 320/404/1227 310/393/1228
f 312/395/1229 322/406/1230 321/405/1231 311/394/1232
f 313/396/1233 323/407/1234 322/406/1235 312/395/1236
f 304/387/1237 314/398/1238 323/407/1239 313/396/1240
f 315/397/1241 325/408/1242 324/409/1243 314/398/1244
f 316/399/1245 326/410/1246 325/408/1247 315/397/1248
f 317/400/1249 327/411/1250 326/412/1251 316/401/1252
f 318/402/1253 328/413/1254 327/411/1255 317/400/1256
f 319/403/1257 329/414/1258 328/413/1259 318/402/1260
f 320/404/1261 330/415/1262 329/414/1263 319/403/1264
f 321/405/1265 331/416/1266 330/415/1267 320/404/1268
f 322/406/1269 332/417/1270 331/416/1271 321/405/1272
f 323/407/1273 333/418/1274 332/417/1275 322/406/1276
f 314/398/1277 324/409/1278 333/418/1279 323/407/1280
f 325/408/1281 335/419/1282 334/420/1283 324/409/1284
f 326/410/1285 336/421/1286 335/419/1287 325/408/1288
f 327/411/1289 337/422/1290 336/423/1291 326/412/1292
f 328/413/1293 338/424/1294 337/422/1295 327/411/1296
f 329/414/1297 339/425/1298 338/424/1299 328/413/1300
f 330/415/1301 340/426/1302 339/425/1303 329/414/1304
f 331/416/1305 341/427/1306 340/426/1307 330/415/1308
f 332/417/1309 342/428/1310 341/427/1311 331/416/1312
f 333/418/1313 343/429/1314 342/428/1315 332/417/1316
f 324/409/1317 334/420/1318 343/429/1319 333/418/1320
f 245/320/1321 244/323/1322 344/430/1323
f 246/324/1324 245/320/1325 344/430/1326
f 247/326/1327 246/329/1328 344/431/1329
f 248/330/1330 247/326/1331 344/431/1332
f 249/332/1333 248/330/1334 344/431/1335
f 250/334/1336 249/332/1337 344/431/1338
f 251/336/1339 250/334/1340 344/430/1341
f 252/338/1342 251/336/1343 344/430/1344
f 253/340/1345 252/338/1346 344/430/1347
f 244/323/1348 253/340/1349 344/430/1350
f 345/432/1351 334/420/1352 335/419/1353
f 345/433/1354 335/419/1355 336/421/1356
f 345/432/1357 336/423/1358 337/422/1359
f 345/432/1360 337/422/1361 338/424/1362
f 345/432/1363 338/424/1364 339/425/1365
f 345/432/1366 339/425/1367 340/426/1368
f 345/432/1369 340/426/1370 341/427/1371
f 345/432/1372 341/427/1373 342/428/1374
f 345/432/1375 342/428/1376 343/429/1377
f 345/432/1378 343/429/1379 334/420/1380
f 346/434/1381 347/435/1382 367/436/1383 366/437/1384
f 347/435/1385 348/438/1386 368/439/1387 367/436/1388
f 348/438/1389 349/440/1390 369/441/1391 368/439/1392
f 349/440/1393 350/442/1394 370/443/1395 369/441/1396
f 350/442/1397 351/444/1398 371/445/1399 370/443/1400
f 351/444/1401 352/446/1402 372/447/1403 371/445/1404
f 352/446/1405 353/448/1406 373/449/1407 372/447/1408
f 353/448/1409 354/450/1410 374/451/1411 373/449/1412
f 374/451/1413 354/450/1414 355/452/1415 375/453/1416
f 355/452/1417 356/454/1418 376/455/1419 375/453/1420
f 356/454/1421 357/456/1422 377/457/1423 376/455/1424
f 357/458/1425 358/459/1426 378/460/1427 377/461/1428
f 358/459/1429 359/462/1430 379/463/1431 378/460/1432
f 359/462/1433 360/464/1434 380/465/1435 379/463/1436
f 360/464/1437 361/466/1438 381/467/1439 380/465/1440
f 361/466/1441 362/468/1442 382/469/1443 381/467/1444
f 362/468/1445 363/470/1446 383/471/1447 382/469/1448
f 363/470/1449 364/472/1450 384/473/1451 383/471/1452
f 364/472/1453 365/474/1454 385/475/1455 384/473/1456
f 365/474/1457 346/434/1458 366/437/1459 385/475/1460
f 386/476/1461 366/477/1462 367/478/1463 387/479/1464
f 387/479/1465 367/478/1466 368/480/1467 388/481/1468
f 388/481/1469 368/480/1470 369/482/1471 389/483/1472
f 389/483/1473 369/482/1474 370/484/1475 390/485/1476
f 390/485/1477 370/484/1478 371/486/1479 391/487/1480
f 391/487/1481 371/486/1482 372/488/1483 392/489/1484
f 392/489/1485 372/488/1486 373/490/1487 393/491/1488
f 393/491/1489 373/490/1490 374/492/1491 394/493/1492
f 394/493/1493 374/492/1494 375/494/1495 395/495/1496
f 395/495/1497 375/494/1498 376/496/1499 396/497/1500
f 396/497/1501 376/496/1502 377/498/1503 397/499/1504
f 397/499/1505 377/498/1506 378/500/1507 398/501/1508
f 398/501/1509 378/500/1510 379/502/1511 399/503/1512
f 399/503/1513 379/502/1514 380/504/1515 400/505/1516
f 400/505/1517 380/504/1518 381/506/1519 401/507/1520
f 401/507/1521 381/506/1522 382/508/1523 402/509/1524
f 402/509/1525 382/508/1526 383/510/1527 403/511/1528
f 403/511/1529 383/510/1530 384/512/1531 404/513/1532
f 404/513/1533 384/512/1534 385/514/1535 405/515/1536
f 405/515/1537 385/514/1538 366/477/1539 386/476/1540
f 386/516/1541 387/517/1542 407/518/1543 406/519/1544
f 387/520/1545 388/521/1546 408/522/1547 407/523/1548
f 388/521/1549 389/524/1550 409/525/1551 408/522/1552
f 389/524/1553 390/526/1554 410/527/1555 409/525/1556
f 390/526/1557 391/528/1558 411/529/1559 410/527/1560
f 391/528/1561 392/530/1562 412/531/1563 411/529/1564
f 392/530/1565 393/532/1566 413/533/1567 412/531/1568
f 393/532/1569 394/534/1570 414/535/1571 413/533/1572
f 414/535/1573 394/534/1574 395/536/1575 415/537/1576
f 395/536/1577 396/538/1578 416/539/1579 415/537/1580
f 396/538/1581 397/540/1582 417/541/1583 416/539/1584
f 397/540/1585 398/542/1586 418/543/1587 417/541/1588
f 398/542/1589 399/544/1590 419/545/1591 418/543/1592
f 399/544/1593 400/546/1594 420/547/1595 419/545/1596
f 400/546/1597 401/548/1598 421/549/1599 420/547/1600
f 401/548/1601 402/550/1602 422/551/1603 421/549/1604
f 402/550/1605 403/552/1606 423/553/1607 422/551/1608
f 403/552/1609 404/554/1610 424/555/1611 423/553/1612
f 404/554/1613 405/556/1614 425/557/1615 424/555/1616
f 405/556/1617 386/516/1618 406/519/1619 425/557/1620
f 347/558/1621 346/559/1622 460/560/1623 461/561/1624
f 348/562/1625 347/558/1626 461/561/1627 462/563/1628
f 349/564/1629 348/562/1630 462/563/1631 463/565/1632
f 350/566/1633 349/564/1634 463/565/1635 464/567/1636
f 351/568/1637 350/566/1638 464/567/1639 465/569/1640
f 352/570/1641 351/568/1642 465/569/1643 446/571/1644
f 353/572/1645 352/570/1646 446/571/1647 447/573/1648
f 354/574/1649 353/572/1650 447/573/1651 448/575/1652
f 355/576/1653 354/574/1654 448/575/1655 449/577/1656
f 356/578/1657 355/576/1658 449/577/1659 450/579/1660
f 357/580/1661 356/578/1662 450/579/1663 451/581/1664
f 358/582/1665 357/580/1666 451/581/1667 452/583/1668
f 359/584/1669 358/582/1670 452/583/1671 453/585/1672
f 360/586/1673 359/584/1674 453/585/1675 454/587/1676
f 361/588/1677 360/586/1678 454/587/1679 455/589/1680
f 362/590/1681 361/588/1682 455/589/1683 456/591/1684
f 363/592/1685 362/590/1686 456/591/1687 457/593/1688
f 364/594/1689 363/592/1690 457/593/1691 458/595/1692
f 365/596/1693 364/594/1694 458/595/1695 459/597/1696
f 346/559/1697 365/596/1698 459/597/1699 460/560/1700
f 467/598/1701 466/599/1702 468/600/1703
f 469/601/1704 467/598/1705 468/600/1706
f 470/602/1707 469/601/1708 468/600/1709
f 471/603/1710 470/602/1711 468/600/1712
f 472/604/1713 471/603/1714 468/600/1715
f 473/605/1716 472/604/1717 468/600/1718
f 474/606/1719 473/605/1720 468/600/1721
f 475/607/1722 474/606/1723 468/600/1724
f 476/608/1725 475/607/1726 468/600/1727
f 477/609/1728 476/608/1729 468/600/1730
f 478/610/1731 477/609/1732 468/600/1733
f 479/611/1734 478/610/1735 468/600/1736
f 480/612/1737 479/611/1738 468/600/1739
f 481/613/1740 480/612/1741 468/600/1742
f 482/614/1743 481/613/1744 468/600/1745
f 483/615/1746 482/614/1747 468/600/1748
f 484/616/1749 483/615/1750 468/600/1751
f 485/617/1752 484/616/1753 468/600/1754
f 486/618/1755 485/617/1756 468/600/1757
f 466/599/1758 486/618/1759 468/600/1760
f 447/573/1761 446/571/1762 432/619/1763 433/620/1764
f 448/575/1765 447/573/1766 433/620/1767 434/621/1768
f 449/577/1769 448/575/1770 434/621/1771 435/622/1772
f 450/579/1773 449/577/1774 435/622/1775 436/623/1776
f 451/581/1777 450/579/1778 436/623/1779 437/624/1780
f 452/583/1781 451/581/1782 437/624/1783 438/625/1784
f 453/585/1785 452/583/1786 438/625/1787 439/626/1788
f 454/587/1789 453/585/1790 439/626/1791 440/627/1792
f 455/589/1793 454/587/1794 440/627/1795 441/628/1796
f 456/591/1797 455/589/1798 441/628/1799 442/629/1800
f 457/593/1801 456/591/1802 442/629/1803 443/630/1804
f 458/595/1805 457/593/1806 443/630/1807 444/631/1808
f 459/597/1809 458/595/1810 444/631/1811 445/632/1812
f 460/560/1813 459/597/1814 445/632/1815 426/633/1816
f 461/561/1817 460/560/1818 426/633/1819 427/634/1820
f 462/563/1821 461/561/1822 427/634/1823 428/635/1824
f 463/565/1825 462/563/1826 428/635/1827 429/636/1828
f 464/567/1829 463/565/1830 429/636/1831 430/637/1832
f 465/569/1833 464/567/1834 430/637/1835 431/638/1836
f 446/571/1837 465/569/1838 431/638/1839 432/619/1840
f 427/634/1841 426/633/1842 466/599/1843 467/598/1844
f 428/635/1845 427/634/1846 467/598/1847 469/601/1848
f 429/636/1849 428/635/1850 469/601/1851 470/602/1852
f 430/637/1853 429/636/1854 470/602/1855 471/603/1856
f 431/638/1857 430/637/1858 471/603/1859 472/604/1860
f 432/619/1861 431/638/1862 472/604/1863 473/605/1864
f 433/620/1865 432/619/1866 473/605/1867 474/606/1868
f 434/621/1869 433/620/1870 474/606/1871 475/607/1872
f 435/622/1873 434/621/1874 475/607/1875 476/608/1876
f 436/623/1877 435/622/1878 476/608/1879 477/609/1880
f 437/624/1881 436/623/1882 477/609/1883 478/610/1884
f 438/625/1885 437/624/1886 478/610/1887 479/611/1888
f 439/626/1889 438/625/1890 479/611/1891 480/612/1892
f 440/627/1893 439/626/1894 480/612/1895 481/613/1896
f 441/628/1897 440/627/1898 481/613/1899 482/614/1900
f 442/629/1901 441/628/1902 482/614/1903 483/615/1904
f 443/630/1905 442/629/1906 483/615/1907 484/616/1908
f 444/631/1909 443/630/1910 484/616/1911 485/617/1912
f 445/632/1913 444/631/1914 485/617/1915 486/618/1916
f 426/633/1917 445/632/1918 486/618/1919 466/599/1920
f 488/639/1921 498/640/1922 497/641/1923 487/642/1924
f 489/643/1925 499/644/1926 498/640/1927 488/639/1928
f 490/645/1929 500/646/1930 499/647/1931 489/648/1932
f 491/649/1933 501/650/1934 500/646/1935 490/645/1936
f 492/651/1937 502/652/1938 501/650/1939 491/649/1940
f 493/653/1941 503/654/1942 502/652/1943 492/651/1944
f 494/655/1945 504/656/1946 503/654/1947 493/653/1948
f 495/657/1949 505/658/1950 504/656/1951 494/655/1952
f 496/659/1953 506/660/1954 505/658/1955 495/657/1956
f 487/642/1957 497/641/1958 506/660/1959 496/659/1960
f 498/640/1961 508/661/1962 507/662/1963 497/641/1964
f 499/644/1965 509/663/1966 508/661/1967 498/640/1968
f 500/646/1969 510/664/1970 509/665/1971 499/647/1972
f 501/650/1973 511/666/1974 510/664/1975 500/646/1976
f 502/652/1977 512/667/1978 511/666/1979 501/650/1980
f 503/654/1981 513/668/1982 512/667/1983 502/652/1984
f 504/656/1985 514/669/1986 513/668/1987 503/654/1988
f 505/658/1989 515/670/1990 514/669/1991 504/656/1992
f 506/660/1993 516/671/1994 515/670/1995 505/658/1996
f 497/641/1997 507/662/1998 516/671/1999 506/660/2000
f 508/661/2001 518/672/2002 517/673/2003 507/662/2004
f 509/663/2005 519/674/2006 518/672/2007 508/661/2008
f 510/664/2009 520/675/2010 519/676/2011 509/665/2012
f 511/666/2013 521/677/2014 520/675/2015 510/664/2016
f 512/667/2017 522/678/2018 521/677/2019 511/666/2020
f 513/668/2021 523/679/2022 522/678/2023 512/667/2024
f 514/669/2025 524/680/2026 523/679/2027 513/668/2028
f 515/670/2029 525/681/2030 524/680/2031 514/669/2032
f 516/671/2033 526/682/2034 525/681/2035 515/670/2036
f 507/662/2037 517/673/2038 526/682/2039 516/671/2040
f 518/672/2041 528/683/2042 527/684/2043 517/673/2044
f 519/674/2045 529/685/2046 528/683/2047 518/672/2048
f 520/675/2049 530/686/2050 529/687/2051 519/676/2052
f 521/677/2053 531/688/2054 530/686/2055 520/675/2056
f 522/678/2057 532/689/2058 531/688/2059 521/677/2060
f 523/679/2061 533/690/2062 532/689/2063 522/678/2064
f 524/680/2065 534/691/2066 533/690/2067 523/679/2068
f 525/681/2069 535/692/2070 534/691/2071 524/680/2072
f 526/682/2073 536/693/2074 535/692/2075 525/681/2076
f 517/673/2077 527/684/2078 536/693/2079 526/682/2080
f 528/683/2081 538/694/2082 537/695/2083 527/684/2084
f 529/685/2085 539/696/2086 538/694/2087 528/683/2088
f 530/686/2089 540/697/2090 539/698/2091 529/687/2092
f 531/688/2093 541/699/2094 540/697/2095 530/686/2096
f 532/689/2097 542/700/2098 541/699/2099 531/688/2100
f 533/690/2101 543/701/2102 542/700/2103 532/689/2104
f 534/691/2105 544/702/2106 543/701/2107 533/690/2108
f 535/692/2109 545/703/2110 544/702/2111 534/691/2112
f 536/693/2113 546/704/2114 545/703/2115 535/692/2116
f 527/684/2117 537/695/2118 546/704/2119 536/693/2120
f 538/694/2121 548/705/2122 547/706/2123 537/695/2124
f 539/696/2125 549/707/2126 548/705/2127 538/694/2128
f 540/697/2129 550/708/2130 549/709/2131 539/698/2132
f 541/699/2133 551/710/2134 550/708/2135 540/697/2136
f 542/700/2137 552/711/2138 551/710/2139 541/699/2140
f 543/701/2141 553/712/2142 552/711/2143 542/700/2144
f 544/702/2145 554/713/2146 553/712/2147 543/701/2148
f 545/703/2149 555/714/2150 554/713/2151 544/702/2152
f 546/704/2153 556/715/2154 555/714/2155 545/703/2156
f 537/695/2157 547/706/2158 556/715/2159 546/704/2160
f 548/705/2161 558/716/2162 557/717/2163 547/706/2164
f 549/707/2165 559/718/2166 558/716/2167 548/705/2168
f 550/708/2169 560/719/2170 559/720/2171 549/709/2172
f 551/710/2173 561/721/2174 560/719/2175 550/708/2176
f 552/711/2177 562/722/2178 561/721/2179 551/710/2180
f 553/712/2181 563/723/2182 562/722/2183 552/711/2184
f 554/713/2185 564/724/2186 563/723/2187 553/712/2188
f 555/714/2189 565/725/2190 564/724/2191 554/713/2192
f 556/715/2193 566/726/2194 565/725/2195 555/714/2196
f 547/706/2197 557/717/2198 566/726/2199 556/715/2200
f 558/716/2201 568/727/2202 567/728/2203 557/717/2204
f 559/718/2205 569/729/2206 568/727/2207 558/716/2208
f 560/719/2209 570/730/2210 569/731/2211 559/720/2212
f 561/721/2213 571/732/2214 570/730/2215 560/719/2216
f 562/722/2217 572/733/2218 571/732/2219 561/721/2220
f 563/723/2221 573/734/2222 572/733/2223 562/722/2224
f 564/724/2225 574/735/2226 573/734/2227 563/723/2228
f 565/725/2229 575/736/2230 574/735/2231 564/724/2232
f 566/726/2233 576/737/2234 575/736/2235 565/725/2236
f 557/717/2237 567/728/2238 576/737/2239 566/726/2240
f 568/727/2241 578/738/2242 577/739/2243 567/728/2244
f 569/729/2245 579/740/2246 578/738/2247 568/727/2248
f 570/730/2249 580/741/2250 579/742/2251 569/731/2252
f 571/732/2253 581/743/2254 580/741/2255 570/730/2256
f 572/733/2257 582/744/2258 581/743/2259 571/732/2260
f 573/734/2261 583/745/2262 582/744/2263 572/733/2264
f 574/735/2265 584/746/2266 583/745/2267 573/734/2268
f 575/736/2269 585/747/2270 584/746/2271 574/735/2272
f 576/737/2273 586/748/2274 585/747/2275 575/736/2276
f 567/728/2277 577/739/2278 586/748/2279 576/737/2280
f 488/639/2281 487/642/2282 587/749/2283
f 489/643/2284 488/639/2285 587/749/2286
f 490/645/2287 489/648/2288 587/750/2289
f 491/649/2290 490/645/2291 587/750/2292
f 492/651/2293 491/649/2294 587/750/2295
f 493/653/2296 492/651/2297 587/750/2298
f 494/655/2299 493/653/2300 587/749/2301
f 495/657/2302 494/655/2303 587/749/2304
f 496/659/2305 495/657/2306 587/749/2307
f 487/642/2308 496/659/2309 587/749/2310
f 588/751/2311 577/739/2312 578/738/2313
f 588/752/2314 578/738/2315 579/740/2316
f 588/751/2317 579/742/2318 580/741/2319
f 588/751/2320 580/741/2321 581/743/2322
f 588/751/2323 581/743/2324 582/744/2325
f 588/751/2326 582/744/2327 583/745/2328
f 588/751/2329 583/745/2330 584/746/2331
f 588/751/2332 584/746/2333 585/747/2334
f 588/751/2335 585/747/2336 586/748/2337
f 588/751/2338 586/748/2339 577/739/2340
f 600/753/2341 599/754/2342 589/755/2343 590/756/2344
f 601/757/2345 600/753/2346 590/756/2347 591/758/2348
f 602/759/2349 601/757/2350 591/758/2351 592/760/2352
f 603/761/2353 602/759/2354 592/760/2355 593/762/2356
f 604/763/2357 603/761/2358 593/762/2359 594/764/2360
f 605/765/2361 604/763/2362 594/764/2363 595/766/2364
f 606/767/2365 605/765/2366 595/766/2367 596/768/2368
f 607/769/2369 606/767/2370 596/768/2371 597/770/2372
f 608/771/2373 607/769/2374 597/770/2375 598/772/2376
f 599/754/2377 608/773/2378 598/774/2379 589/755/2380
f 627/775/2381 590/776/2382 589/777/2383 626/778/2384
f 628/779/2385 591/780/2386 590/776/2387 627/775/2388
f 619/781/2389 592/782/2390 591/780/2391 628/779/2392
f 620/783/2393 593/784/2394 592/782/2395 619/781/2396
f 621/785/2397 594/786/2398 593/784/2399 620/783/2400
f 622/787/2401 595/788/2402 594/786/2403 621/785/2404
f 623/789/2405 596/790/2406 595/788/2407 622/787/2408
f 624/791/2409 597/792/2410 596/790/2411 623/789/2412
f 625/793/2413 598/794/2414 597/792/2415 624/791/2416
f 626/778/2417 589/777/2418 598/794/2419 625/793/2420
f 638/795/2421 629/796/2422 619/797/2423 628/798/2424
f 629/796/2425 630/799/2426 620/800/2427 619/797/2428
f 630/799/2429 631/801/2430 621/802/2431 620/800/2432
f 631/801/2433 632/803/2434 622/804/2435 621/802/2436
f 632/803/2437 633/805/2438 623/806/2439 622/804/2440
f 633/805/2441 634/807/2442 624/808/2443 623/806/2444
f 634/807/2445 635/809/2446 625/810/2447 624/808/2448
f 635/811/2449 636/812/2450 626/813/2451 625/814/2452
f 636/812/2453 637/815/2454 627/816/2455 626/813/2456
f 637/815/2457 638/795/2458 628/798/2459 627/816/2460
f 612/817/2461 629/796/2462 638/795/2463 611/818/2464
f 613/819/2465 630/799/2466 629/796/2467 612/817/2468
f 614/820/2469 631/801/2470 630/799/2471 613/819/2472
f 615/821/2473 632/803/2474 631/801/2475 614/820/2476
f 616/822/2477 633/805/2478 632/803/2479 615/821/2480
f 617/823/2481 634/807/2482 633/805/2483 616/822/2484
f 618/824/2485 635/809/2486 634/807/2487 617/823/2488
f 609/825/2489 636/812/2490 635/811/2491 618/826/2492
f 610/827/2493 637/815/2494 636/812/2495 609/825/2496
f 611/818/2497 638/795/2498 637/815/2499 610/827/2500
f 639/828/2501 640/829/2502 610/827/2503 609/825/2504
f 640/829/2505 641/830/2506 611/818/2507 610/827/2508
f 641/830/2509 642/831/2510 612/817/2511 611/818/2512
f 642/831/2513 643/832/2514 613/819/2515 612/817/2516
f 643/832/2517 644/833/2518 614/820/2519 613/819/2520
f 644/833/2521 645/834/2522 615/821/2523 614/820/2524
f 645/834/2525 646/835/2526 616/822/2527 615/821/2528
f 646/835/2529 647/836/2530 617/823/2531 616/822/2532
f 647/836/2533 648/837/2534 618/824/2535 617/823/2536
f 648/838/2537 639/828/2538 609/825/2539 618/826/2540
f 650/839/2541 640/829/2542 639/828/2543 649/840/2544
f 651/841/2545 641/830/2546 640/829/2547 650/839/2548
f 652/842/2549 642/831/2550 641/830/2551 651/841/2552
f 653/843/2553 643/832/2554 642/831/2555 652/842/2556
f 654/844/2557 644/833/2558 643/832/2559 653/843/2560
f 655/845/2561 645/834/2562 644/833/2563 654/844/2564
f 656/846/2565 646/835/2566 645/834/2567 655/845/2568
f 657/847/2569 647/836/2570 646/835/2571 656/846/2572
f 658/848/2573 648/837/2574 647/836/2575 657/847/2576
f 649/840/2577 639/828/2578 648/838/2579 658/849/2580
f 659/850/2581 660/851/2582 650/839/2583 649/840/2584
f 660/851/2585 661/852/2586 651/841/2587 650/839/2588
f 661/852/2589 662/853/2590 652/842/2591 651/841/2592
f 662/853/2593 663/854/2594 653/843/2595 652/842/2596
f 663/854/2597 664/855/2598 654/844/2599 653/843/2600
f 664/855/2601 665/856/2602 655/845/2603 654/844/2604
f 665/856/2605 666/857/2606 656/846/2607 655/845/2608
f 666/857/2609 667/858/2610 657/847/2611 656/846/2612
f 667/858/2613 668/859/2614 658/848/2615 657/847/2616
f 668/860/2617 659/850/2618 649/840/2619 658/849/2620
f 670/861/2621 660/862/2622 659/863/2623 669/864/2624
f 671/865/2625 661/866/2626 660/862/2627 670/861/2628
f 672/867/2629 662/868/2630 661/866/2631 671/865/2632
f 673/869/2633 663/870/2634 662/868/2635 672/867/2636
f 674/871/2637 664/872/2638 663/870/2639 673/869/2640
f 675/873/2641 665/874/2642 664/872/2643 674/871/2644
f 676/875/2645 666/876/2646 665/874/2647 675/873/2648
f 677/877/2649 667/878/2650 666/876/2651 676/875/2652
f 678/879/2653 668/880/2654 667/878/2655 677/877/2656
f 669/864/2657 659/863/2658 668/880/2659 678/879/2660
f 680/881/2661 670/882/2662 669/883/2663 679/884/2664
f 681/885/2665 671/886/2666 670/882/2667 680/881/2668
f 681/885/2669 682/887/2670 672/888/2671 671/886/2672
f 683/889/2673 673/890/2674 672/888/2675 682/887/2676
f 684/891/2677 674/892/2678 673/890/2679 683/889/2680
f 685/893/2681 675/894/2682 674/892/2683 684/891/2684
f 686/895/2685 676/896/2686 675/894/2687 685/893/2688
f 687/897/2689 677/898/2690 676/896/2691 686/895/2692
f 688/899/2693 678/900/2694 677/898/2695 687/897/2696
f 679/884/2697 669/883/2698 678/901/2699 688/902/2700
f 689/903/2701 690/904/2702 680/881/2703 679/884/2704
f 690/904/2705 691/905/2706 681/885/2707 680/881/2708
f 692/906/2709 682/887/2710 681/885/2711 691/905/2712
f 692/906/2713 693/907/2714 683/889/2715 682/887/2716
f 693/907/2717 694/908/2718 684/891/2719 683/889/2720
f 694/908/2721 695/909/2722 685/893/2723 684/891/2724
f 695/909/2725 696/910/2726 686/895/2727 685/893/2728
f 696/910/2729 697/911/2730 687/897/2731 686/895/2732
f 697/911/2733 698/912/2734 688/899/2735 687/897/2736
f 698/913/2737 689/903/2738 679/884/2739 688/902/2740
f 700/914/2741 690/904/2742 689/903/2743 699/915/2744
f 701/916/2745 691/905/2746 690/904/2747 700/914/2748
f 702/917/2749 692/906/2750 691/905/2751 701/916/2752
f 703/918/2753 693/907/2754 692/906/2755 702/917/2756
f 704/919/2757 694/908/2758 693/907/2759 703/918/2760
f 705/920/2761 695/909/2762 694/908/2763 704/919/2764
f 706/921/2765 696/910/2766 695/909/2767 705/920/2768
f 707/922/2769 697/911/2770 696/910/2771 706/921/2772
f 708/923/2773 698/912/2774 697/911/2775 707/922/2776
f 699/915/2777 689/903/2778 698/913/2779 708/924/2780
f 757/925/2781 758/926/2782 700/914/2783 699/915/2784
f 758/926/2785 759/927/2786 701/916/2787 700/914/2788
f 759/927/2789 750/928/2790 702/917/2791 701/916/2792
f 750/928/2793 751/929/2794 703/918/2795 702/917/2796
f 751/929/2797 752/930/2798 704/919/2799 703/918/2800
f 752/930/2801 753/931/2802 705/920/2803 704/919/2804
f 753/931/2805 754/932/2806 706/921/2807 705/920/2808
f 754/932/2809 755/933/2810 707/922/2811 706/921/2812
f 755/933/2813 756/934/2814 708/923/2815 707/922/2816
f 756/935/2817 757/925/2818 699/915/2819 708/924/2820
f 787/936/2821 788/937/2822 710/938/2823 709/939/2824
f 788/937/2825 789/940/2826 711/941/2827 710/938/2828
f 780/942/2829 712/943/2830 711/941/2831 789/940/2832
f 780/942/2833 781/944/2834 713/945/2835 712/943/2836
f 781/944/2837 782/946/2838 714/947/2839 713/945/2840
f 782/946/2841 783/948/2842 715/949/2843 714/947/2844
f 783/948/2845 784/950/2846 716/951/2847 715/949/2848
f 784/950/2849 785/952/2850 717/953/2851 716/951/2852
f 785/952/2853 786/954/2854 718/955/2855 717/953/2856
f 786/956/2857 787/936/2858 709/939/2859 718/957/2860
f 777/958/2861 778/959/2862 720/960/2863 719/961/2864
f 778/959/2865 779/962/2866 721/963/2867 720/960/2868
f 770/964/2869 722/965/2870 721/963/2871 779/962/2872
f 770/964/2873 771/966/2874 723/967/2875 722/965/2876
f 771/966/2877 772/968/2878 724/969/2879 723/967/2880
f 772/968/2881 773/970/2882 725/971/2883 724/969/2884
f 773/970/2885 774/972/2886 726/973/2887 725/971/2888
f 774/972/2889 775/974/2890 727/975/2891 726/973/2892
f 775/974/2893 776/976/2894 728/977/2895 727/975/2896
f 776/978/2897 777/958/2898 719/961/2899 728/979/2900
f 767/980/2901 768/981/2902 730/982/2903 729/983/2904
f 768/981/2905 769/984/2906 731/985/2907 730/982/2908
f 769/984/2909 760/986/2910 732/987/2911 731/985/2912
f 760/986/2913 761/988/2914 733/989/2915 732/987/2916
f 761/988/2917 762/990/2918 734/991/2919 733/989/2920
f 762/990/2921 763/992/2922 735/993/2923 734/991/2924
f 763/992/2925 764/994/2926 736/995/2927 735/993/2928
f 764/994/2929 765/996/2930 737/997/2931 736/995/2932
f 765/996/2933 766/998/2934 738/999/2935 737/997/2936
f 766/1000/2937 767/980/2938 729/983/2939 738/1001/2940
f 749/1002/2941 740/1003/2942 739/1004/2943
f 749/1002/2944 741/1005/2945 740/1003/2946
f 749/1002/2947 742/1006/2948 741/1005/2949
f 749/1002/2950 743/1007/2951 742/1006/2952
f 749/1002/2953 744/1008/2954 743/1007/2955
f 749/1002/2956 745/1009/2957 744/1008/2958
f 749/1002/2959 746/1010/2960 745/1009/2961
f 749/1002/2962 747/1011/2963 746/1010/2964
f 749/1002/2965 748/1012/2966 747/1011/2967
f 749/1002/2968 739/1004/2969 748/1012/2970
f 712/943/2971 713/945/2972 751/929/2973 750/928/2974
f 713/945/2975 714/947/2976 752/930/2977 751/929/2978
f 714/947/2979 715/949/2980 753/931/2981 752/930/2982
f 715/949/2983 716/951/2984 754/932/2985 753/931/2986
f 716/951/2987 717/953/2988 755/933/2989 754/932/2990
f 717/953/2991 718/955/2992 756/934/2993 755/933/2994
f 718/957/2995 709/939/2996 757/925/2997 756/935/2998
f 709/939/2999 710/938/3000 758/926/3001 757/925/3002
f 710/938/3003 711/941/3004 759/927/3005 758/926/3006
f 711/941/3007 712/943/3008 750/928/3009 759/927/3010
f 742/1013/3011 743/1014/3012 761/988/3013 760/986/3014
f 743/1014/3015 744/1015/3016 762/990/3017 761/988/3018
f 744/1015/3019 745/1016/3020 763/992/3021 762/990/3022
f 745/1016/3023 746/1017/3024 764/994/3025 763/992/3026
f 746/1017/3027 747/1018/3028 765/996/3029 764/994/3030
f 747/1018/3031 748/1019/3032 766/998/3033 765/996/3034
f 748/1020/3035 739/1021/3036 767/980/3037 766/1000/3038
f 739/1021/3039 740/1022/3040 768/981/3041 767/980/3042
f 740/1022/3043 741/1023/3044 769/984/3045 768/981/3046
f 741/1023/3047 742/1013/3048 760/986/3049 769/984/3050
f 731/985/3051 732/987/3052 770/964/3053 779/962/3054
f 732/987/3055 733/989/3056 771/966/3057 770/964/3058
f 733/989/3059 734/991/3060 772/968/3061 771/966/3062
f 734/991/3063 735/993/3064 773/970/3065 772/968/3066
f 735/993/3067 736/995/3068 774/972/3069 773/970/3070
f 736/995/3071 737/997/3072 775/974/3073 774/972/3074
f 737/997/3075 738/999/3076 776/976/3077 775/974/3078
f 738/1001/3079 729/983/3080 777/958/3081 776/978/3082
f 729/983/3083 730/982/3084 778/959/3085 777/958/3086
f 730/982/3087 731/985/3088 779/962/3089 778/959/3090
f 721/963/3091 722/965/3092 780/942/3093 789/940/3094
f 722/965/3095 723/967/3096 781/944/3097 780/942/3098
f 723/967/3099 724/969/3100 782/946/3101 781/944/3102
f 724/969/3103 725/971/3104 783/948/3105 782/946/3106
f 725/971/3107 726/973/3108 784/950/3109 783/948/3110
f 726/973/3111 727/975/3112 785/952/3113 784/950/3114
f 727/975/3115 728/977/3116 786/954/3117 785/952/3118
f 728/979/3119 719/961/3120 787/936/3121 786/956/3122
f 719/961/3123 720/960/3124 788/937/3125 787/936/3126
f 720/960/3127 721/963/3128 789/940/3129 788/937/3130
f 801/1024/3131 800/1025/3132 790/1026/3133 791/1027/3134
f 802/1028/3135 801/1024/3136 791/1027/3137 792/1029/3138
f 803/1030/3139 802/1028/3140 792/1029/3141 793/1031/3142
f 804/1032/3143 803/1030/3144 793/1031/3145 794/1033/3146
f 805/1034/3147 804/1032/3148 794/1033/3149 795/1035/3150
f 806/1036/3151 805/1034/3152 795/1035/3153 796/1037/3154
f 807/1038/3155 806/1036/3156 796/1037/3157 797/1039/3158
f 808/1040/3159 807/1041/3160 797/1042/3161 798/1043/3162
f 809/1044/3163 808/1040/3164 798/1043/3165 799/1045/3166
f 800/1025/3167 809/1044/3168 799/1045/3169 790/1026/3170
f 810/1046/3171 790/1047/3172 799/1048/3173 819/1049/3174
f 811/1050/3175 791/1051/3176 790/1047/3177 810/1046/3178
f 812/1052/3179 792/1053/3180 791/1051/3181 811/1050/3182
f 813/1054/3183 793/1055/3184 792/1053/3185 812/1052/3186
f 814/1056/3187 794/1057/3188 793/1055/3189 813/1054/3190
f 815/1058/3191 795/1059/3192 794/1057/3193 814/1056/3194
f 816/1060/3195 796/1061/3196 795/1059/3197 815/1058/3198
f 817/1062/3199 797/1063/3200 796/1061/3201 816/1060/3202
f 818/1064/3203 798/1065/3204 797/1063/3205 817/1062/3206
f 819/1049/3207 799/1048/3208 798/1065/3209 818/1064/3210
f 820/1066/3211 810/1046/3212 819/1049/3213
f 820/1066/3214 811/1050/3215 810/1046/3216
f 820/1066/3217 812/1052/3218 811/1050/3219
f 820/1066/3220 813/1054/3221 812/1052/3222
f 820/1066/3223 814/1056/3224 813/1054/3225
f 820/1066/3226 815/1058/3227 814/1056/3228
f 820/1066/3229 816/1060/3230 815/1058/3231
f 820/1066/3232 817/1062/3233 816/1060/3234
f 820/1066/3235 818/1064/3236 817/1062/3237
f 820/1066/3238 819/1049/3239 818/1064/3240
f 848/1067/3241 849/1068/3242 890/1069/3243 891/1070/3244
f 853/1071/3245 892/1072/3246 883/1073/3247 851/1074/3248
f 853/1071/3249 848/1067/3250 891/1070/3251 892/1072/3252
f 848/1067/3253 855/1075/3254 856/1076/3255 849/1068/3256
f 858/1077/3257 853/1071/3258 851/1074/3259 857/1078/3260
f 848/1067/3261 853/1071/3262 858/1077/3263 855/1075/3264
f 859/1079/3265 860/1080/3266 880/1081/3267 881/1082/3268
f 861/1083/3269 862/1084/3270 882/1085/3271 873/1086/3272
f 862/1084/3273 859/1079/3274 881/1082/3275 882/1085/3276
f 854/1087/3277 864/1088/3278 863/1089/3279 852/1090/3280
f 865/1091/3281 864/1088/3282 854/1087/3283 847/1092/3284
f 866/1093/3285 865/1091/3286 847/1092/3287 850/1094/3288
f 849/1068/3289 867/1095/3290 889/1096/3291 890/1069/3292
f 868/1097/3293 867/1095/3294 849/1068/3295 856/1076/3296
f 860/1080/3297 869/1098/3298 879/1099/3299 880/1081/3300
f 870/1100/3301 869/1098/3302 860/1080/3303 859/1101/3304
f 871/1102/3305 870/1100/3306 859/1101/3307 862/1103/3308
f 871/1102/3309 862/1103/3310 861/1104/3311 872/1105/3312
f 867/1095/3313 907/1106/3314 916/1107/3315 889/1096/3316
f 869/1098/3317 909/1108/3318 914/1109/3319 879/1099/3320
f 830/1110/3321 829/1111/3322 886/1112/3323 887/1113/3324
f 831/1114/3325 884/1115/3326 885/1116/3327 832/1117/3328
f 829/1111/3329 832/1117/3330 885/1116/3331 886/1112/3332
f 829/1111/3333 830/1110/3334 834/1118/3335 833/1119/3336
f 835/1120/3337 831/1114/3338 832/1117/3339 836/1121/3340
f 829/1111/3341 833/1119/3342 836/1121/3343 832/1117/3344
f 823/1122/3345 827/1123/3346 876/1124/3347 877/1125/3348
f 824/1126/3349 874/1127/3350 875/1128/3351 825/1129/3352
f 827/1123/3353 825/1129/3354 875/1128/3355 876/1124/3356
f 821/1130/3357 837/1131/3358 838/1132/3359 826/1133/3360
f 839/1134/3361 828/1135/3362 826/1133/3363 838/1132/3364
f 840/1136/3365 822/1137/3366 828/1135/3367 839/1134/3368
f 841/1138/3369 830/1139/3370 887/1140/3371 888/1141/3372
f 842/1142/3373 834/1143/3374 830/1139/3375 841/1138/3376
f 843/1144/3377 823/1145/3378 877/1146/3379 878/1147/3380
f 844/1148/3381 827/1149/3382 823/1145/3383 843/1144/3384
f 845/1150/3385 825/1151/3386 827/1149/3387 844/1148/3388
f 846/1152/3389 824/1153/3390 825/1151/3391 845/1150/3392
f 884/1154/3393 831/1155/3394 851/1156/3395 883/1157/3396
f 831/1158/3397 835/1159/3398 857/1160/3399 851/1161/3400
f 874/1162/3401 824/1163/3402 861/1164/3403 873/1165/3404
f 837/1166/3405 821/1167/3406 852/1168/3407 863/1169/3408
f 861/1164/3409 824/1163/3410 846/1170/3411 872/1171/3412
f 872/1171/3413 846/1170/3414 902/1172/3415 912/1173/3416
f 835/1174/3417 874/1162/3418 873/1165/3419 857/1175/3420
f 875/1128/3421 874/1127/3422 835/1120/3423 836/1121/3424
f 876/1124/3425 875/1128/3426 836/1121/3427 833/1119/3428
f 877/1125/3429 876/1124/3430 833/1119/3431 834/1118/3432
f 878/1147/3433 877/1146/3434 834/1143/3435 842/1142/3436
f 879/1099/3437 914/1109/3438 908/1176/3439 868/1097/3440
f 880/1081/3441 879/1099/3442 868/1097/3443 856/1076/3444
f 881/1082/3445 880/1081/3446 856/1076/3447 855/1075/3448
f 882/1085/3449 881/1082/3450 855/1075/3451 858/1077/3452
f 882/1085/3453 858/1077/3454 857/1078/3455 873/1086/3456
f 821/1167/3457 884/1154/3458 883/1157/3459 852/1168/3460
f 884/1115/3461 821/1177/3462 826/1178/3463 885/1116/3464
f 886/1112/3465 885/1116/3466 826/1178/3467 828/1179/3468
f 887/1113/3469 886/1112/3470 828/1179/3471 822/1180/3472
f 888/1141/3473 887/1140/3474 822/1137/3475 840/1136/3476
f 889/1096/3477 916/1107/3478 906/1181/3479 866/1093/3480
f 890/1069/3481 889/1096/3482 866/1093/3483 850/1094/3484
f 891/1070/3485 890/1069/3486 850/1094/3487 847/1182/3488
f 892/1072/3489 891/1070/3490 847/1182/3491 854/1183/3492
f 892/1072/3493 854/1183/3494 852/1184/3495 883/1073/3496
f 863/1089/3497 864/1088/3498 904/1185/3499 903/1186/3500
f 905/1187/3501 904/1185/3502 864/1088/3503 865/1091/3504
f 906/1181/3505 905/1187/3506 865/1091/3507 866/1093/3508
f 908/1176/3509 907/1106/3510 867/1095/3511 868/1097/3512
f 910/1188/3513 909/1108/3514 869/1098/3515 870/1100/3516
f 911/1189/3517 910/1188/3518 870/1100/3519 871/1102/3520
f 911/1189/3521 871/1102/3522 872/1105/3523 912/1190/3524
f 838/1132/3525 837/1131/3526 897/1191/3527 898/1192/3528
f 898/1192/3529 899/1193/3530 839/1134/3531 838/1132/3532
f 899/1193/3533 900/1194/3534 840/1136/3535 839/1134/3536
f 915/1195/3537 893/1196/3538 841/1138/3539 888/1141/3540
f 893/1196/3541 894/1197/3542 842/1142/3543 841/1138/3544
f 913/1198/3545 901/1199/3546 843/1144/3547 878/1147/3548
f 901/1199/3549 895/1200/3550 844/1148/3551 843/1144/3552
f 895/1200/3553 896/1201/3554 845/1150/3555 844/1148/3556
f 902/1202/3557 846/1152/3558 845/1150/3559 896/1201/3560
f 897/1203/3561 837/1166/3562 863/1169/3563 903/1204/3564
f 894/1197/3565 913/1198/3566 878/1147/3567 842/1142/3568
f 900/1194/3569 915/1195/3570 888/1141/3571 840/1136/3572
f 944/1205/3573 987/1206/3574 986/1207/3575 945/1208/3576
f 949/1209/3577 988/1210/3578 987/1206/3579 944/1205/3580
f 944/1205/3581 945/1208/3582 952/1211/3583 951/1212/3584
f 944/1205/3585 951/1212/3586 954/1213/3587 949/1209/3588
f 955/1214/3589 977/1215/3590 976/1216/3591 956/1217/3592
f 958/1218/3593 978/1219/3594 977/1215/3595 955/1214/3596
f 961/1220/3597 943/1221/3598 950/1222/3599 960/1223/3600
f 962/1224/3601 946/1225/3602 943/1221/3603 961/1220/3604
f 945/1208/3605 986/1207/3606 985/1226/3607 963/1227/3608
f 964/1228/3609 952/1211/3610 945/1208/3611 963/1227/3612
f 956/1217/3613 976/1216/3614 975/1229/3615 965/1230/3616
f 966/1231/3617 955/1232/3618 956/1217/3619 965/1230/3620
f 967/1233/3621 958/1234/3622 955/1232/3623 966/1231/3624
f 963/1227/3625 985/1226/3626 916/1107/3627 907/1106/3628
f 965/1230/3629 975/1229/3630 914/1109/3631 909/1108/3632
f 926/1235/3633 983/1236/3634 982/1237/3635 925/1238/3636
f 925/1238/3637 982/1237/3638 981/1239/3639 928/1240/3640
f 925/1238/3641 929/1241/3642 930/1242/3643 926/1235/3644
f 925/1238/3645 928/1240/3646 932/1243/3647 929/1241/3648
f 919/1244/3649 973/1245/3650 972/1246/3651 923/1247/3652
f 923/1247/3653 972/1246/3654 971/1248/3655 921/1249/3656
f 935/1250/3657 934/1251/3658 922/1252/3659 924/1253/3660
f 936/1254/3661 935/1250/3662 924/1253/3663 918/1255/3664
f 937/1256/3665 984/1257/3666 983/1258/3667 926/1259/3668
f 938/1260/3669 937/1256/3670 926/1259/3671 930/1261/3672
f 939/1262/3673 974/1263/3674 973/1264/3675 919/1265/3676
f 940/1266/3677 939/1262/3678 919/1265/3679 923/1267/3680
f 941/1268/3681 940/1266/3682 923/1267/3683 921/1269/3684
f 972/1246/3685 929/1241/3686 932/1243/3687 971/1248/3688
f 973/1245/3689 930/1242/3690 929/1241/3691 972/1246/3692
f 974/1263/3693 938/1260/3694 930/1261/3695 973/1264/3696
f 975/1229/3697 964/1228/3698 908/1176/3699 914/1109/3700
f 976/1216/3701 952/1211/3702 964/1228/3703 975/1229/3704
f 977/1215/3705 951/1212/3706 952/1211/3707 976/1216/3708
f 978/1219/3709 954/1213/3710 951/1212/3711 977/1215/3712
f 982/1237/3713 924/1270/3714 922/1271/3715 981/1239/3716
f 983/1236/3717 918/1272/3718 924/1270/3719 982/1237/3720
f 984/1257/3721 936/1254/3722 918/1255/3723 983/1258/3724
f 985/1226/3725 962/1224/3726 906/1181/3727 916/1107/3728
f 986/1207/3729 946/1225/3730 962/1224/3731 985/1226/3732
f 987/1206/3733 943/1273/3734 946/1225/3735 986/1207/3736
f 988/1210/3737 950/1274/3738 943/1273/3739 987/1206/3740
f 968/1275/3741 957/1276/3742 958/1234/3743 967/1233/3744
f 960/1223/3745 959/1277/3746 903/1186/3747 904/1185/3748
f 950/1222/3749 948/1278/3750 959/1277/3751 960/1223/3752
f 988/1210/3753 979/1279/3754 948/1280/3755 950/1274/3756
f 949/1209/3757 947/1281/3758 979/1279/3759 988/1210/3760
f 954/1213/3761 953/1282/3762 947/1281/3763 949/1209/3764
f 978/1219/3765 969/1283/3766 953/1282/3767 954/1213/3768
f 958/1218/3769 957/1284/3770 969/1283/3771 978/1219/3772
f 969/1285/3773 957/1286/3774 920/1287/3775 970/1288/3776
f 953/1289/3777 969/1285/3778 970/1288/3779 931/1290/3780
f 947/1291/3781 953/1292/3782 931/1293/3783 927/1294/3784
f 979/1295/3785 947/1296/3786 927/1297/3787 980/1298/3788
f 948/1299/3789 979/1295/3790 980/1298/3791 917/1300/3792
f 959/1301/3793 948/1299/3794 917/1300/3795 933/1302/3796
f 968/1303/3797 912/1173/3798 902/1172/3799 942/1304/3800
f 957/1286/3801 968/1303/3802 942/1304/3803 920/1287/3804
f 920/1305/3805 921/1249/3806 971/1248/3807 970/1306/3808
f 941/1268/3809 921/1269/3810 920/1307/3811 942/1308/3812
f 917/1309/3813 922/1252/3814 934/1251/3815 933/1310/3816
f 980/1311/3817 981/1239/3818 922/1271/3819 917/1312/3820
f 927/1313/3821 928/1240/3822 981/1239/3823 980/1311/3824
f 931/1314/3825 932/1243/3826 928/1240/3827 927/1313/3828
f 970/1306/3829 971/1248/3830 932/1243/3831 931/1314/3832
f 905/1187/3833 961/1220/3834 960/1223/3835 904/1185/3836
f 906/1181/3837 962/1224/3838 961/1220/3839 905/1187/3840
f 908/1176/3841 964/1228/3842 963/1227/3843 907/1106/3844
f 910/1188/3845 966/1231/3846 965/1230/3847 909/1108/3848
f 911/1189/3849 967/1233/3850 966/1231/3851 910/1188/3852
f 898/1192/3853 934/1251/3854 935/1250/3855 899/1193/3856
f 899/1193/3857 935/1250/3858 936/1254/3859 900/1194/3860
f 915/1195/3861 984/1257/3862 937/1256/3863 893/1196/3864
f 893/1196/3865 937/1256/3866 938/1260/3867 894/1197/3868
f 913/1198/3869 974/1263/3870 939/1262/3871 901/1199/3872
f 901/1199/3873 939/1262/3874 940/1266/3875 895/1200/3876
f 895/1200/3877 940/1266/3878 941/1268/3879 896/1201/3880
f 894/1197/3881 938/1260/3882 974/1263/3883 913/1198/3884
f 900/1194/3885 936/1254/3886 984/1257/3887 915/1195/3888
f 911/1189/3889 912/1190/3890 968/1275/3891 967/1233/3892
f 897/1203/3893 903/1204/3894 959/1301/3895 933/1302/3896
f 902/1202/3897 896/1201/3898 941/1268/3899 942/1308/3900
f 933/1310/3901 934/1251/3902 898/1192/3903 897/1191/3904
f 1056/1315/3905 1057/1316/3906 989/1317/3907 990/1318/3908
f 1055/1319/3909 1056/1315/3910 990/1318/3911 991/1320/3912
f 1054/1321/3913 1055/1319/3914 991/1320/3915 992/1322/3916
f 1053/1323/3917 1054/1321/3918 992/1322/3919 993/1324/3920
f 1052/1325/3921 1053/1326/3922 993/1327/3923 994/1328/3924
f 1051/1329/3925 1052/1325/3926 994/1328/3927 995/1330/3928
f 1050/1331/3929 1051/1329/3930 995/1330/3931 996/1332/3932
f 1049/1333/3933 1050/1331/3934 996/1332/3935 997/1334/3936
f 1049/1333/3937 997/1334/3938 998/1335/3939 1058/1336/3940
f 1057/1316/3941 1058/1336/3942 998/1335/3943 989/1317/3944
f 1009/1337/3945 999/1338/3946 1000/1339/3947 1010/1340/3948
f 1010/1340/3949 1000/1339/3950 1001/1341/3951 1011/1342/3952
f 1011/1342/3953 1001/1341/3954 1002/1343/3955 1012/1344/3956
f 1012/1344/3957 1002/1343/3958 1003/1345/3959 1013/1346/3960
f 1013/1347/3961 1003/1348/3962 1004/1349/3963 1014/1350/3964
f 1014/1350/3965 1004/1349/3966 1005/1351/3967 1015/1352/3968
f 1015/1352/3969 1005/1351/3970 1006/1353/3971 1016/1354/3972
f 1016/1354/3973 1006/1353/3974 1007/1355/3975 1017/1356/3976
f 1017/1356/3977 1007/1355/3978 1008/1357/3979 1018/1358/3980
f 1018/1358/3981 1008/1357/3982 999/1338/3983 1009/1337/3984
f 1019/1359/3985 1009/1337/3986 1010/1340/3987 1020/1360/3988
f 1020/1360/3989 1010/1340/3990 1011/1342/3991 1021/1361/3992
f 1021/1361/3993 1011/1342/3994 1012/1344/3995 1022/1362/3996
f 1022/1362/3997 1012/1344/3998 1013/1346/3999 1023/1363/4000
f 1023/1364/4001 1013/1347/4002 1014/1350/4003 1024/1365/4004
f 1024/1365/4005 1014/1350/4006 1015/1352/4007 1025/1366/4008
f 1025/1366/4009 1015/1352/4010 1016/1354/4011 1026/1367/4012
f 1026/1367/4013 1016/1354/4014 1017/1356/4015 1027/1368/4016
f 1027/1368/4017 1017/1356/4018 1018/1358/4019 1028/1369/4020
f 1028/1369/4021 1018/1358/4022 1009/1337/4023 1019/1359/4024
f 1029/1370/4025 1019/1359/4026 1020/1360/4027 1030/1371/4028
f 1030/1371/4029 1020/1360/4030 1021/1361/4031 1031/1372/4032
f 1031/1372/4033 1021/1361/4034 1022/1362/4035 1032/1373/4036
f 1032/1373/4037 1022/1362/4038 1023/1363/4039 1033/1374/4040
f 1033/1375/4041 1023/1364/4042 1024/1365/4043 1034/1376/4044
f 1034/1376/4045 1024/1365/4046 1025/1366/4047 1035/1377/4048
f 1035/1377/4049 1025/1366/4050 1026/1367/4051 1036/1378/4052
f 1036/1378/4053 1026/1367/4054 1027/1368/4055 1037/1379/4056
f 1037/1379/4057 1027/1368/4058 1028/1369/4059 1038/1380/4060
f 1038/1380/4061 1028/1369/4062 1019/1359/4063 1029/1370/4064
f 1040/1381/4065 1039/1382/4066 1029/1370/4067 1030/1371/4068
f 1041/1383/4069 1040/1381/4070 1030/1371/4071 1031/1372/4072
f 1042/1384/4073 1041/1383/4074 1031/1372/4075 1032/1373/4076
f 1043/1385/4077 1042/1384/4078 1032/1373/4079 1033/1374/4080
f 1044/1386/4081 1043/1387/4082 1033/1375/4083 1034/1376/4084
f 1045/1388/4085 1044/1386/4086 1034/1376/4087 1035/1377/4088
f 1046/1389/4089 1045/1388/4090 1035/1377/4091 1036/1378/4092
f 1047/1390/4093 1046/1389/4094 1036/1378/4095 1037/1379/4096
f 1048/1391/4097 1047/1390/4098 1037/1379/4099 1038/1380/4100
f 1039/1382/4101 1048/1391/4102 1038/1380/4103 1029/1370/4104
f 1008/1357/4105 1007/1355/4106 1049/1392/4107 1058/1393/4108
f 1007/1355/4109 1006/1353/4110 1050/1394/4111 1049/1392/4112
f 1006/1353/4113 1005/1351/4114 1051/1395/4115 1050/1394/4116
f 1005/1351/4117 1004/1349/4118 1052/1396/4119 1051/1395/4120
f 1004/1349/4121 1003/1348/4122 1053/1397/4123 1052/1396/4124
f 1003/1345/4125 1002/1343/4126 1054/1398/4127 1053/1399/4128
f 1002/1343/4129 1001/1341/4130 1055/1400/4131 1054/1398/4132
f 1001/1341/4133 1000/1339/4134 1056/1401/4135 1055/1400/4136
f 1000/1339/4137 999/1338/4138 1057/1402/4139 1056/1401/4140
f 999/1338/4141 1008/1357/4142 1058/1393/4143 1057/1402/4144
f 1116/1403/4145 990/1404/4146 989/1405/4147 1117/1406/4148
f 1115/1407/4149 991/1408/4150 990/1404/4151 1116/1403/4152
f 1114/1409/4153 992/1410/4154 991/1408/4155 1115/1407/4156
f 1113/1411/4157 993/1412/4158 992/1410/4159 1114/1409/4160
f 1112/1413/4161 994/1414/4162 993/1415/4163 1113/1416/4164
f 1111/1417/4165 995/1418/4166 994/1414/4167 1112/1413/4168
f 1110/1419/4169 996/1420/4170 995/1418/4171 1111/1417/4172
f 1109/1421/4173 997/1422/4174 996/1420/4175 1110/1419/4176
f 1118/1423/4177 998/1424/4178 997/1422/4179 1109/1421/4180
f 1117/1406/4181 989/1405/4182 998/1424/4183 1118/1423/4184
f 1070/1425/4185 1060/1426/4186 1059/1427/4187 1069/1428/4188
f 1071/1429/4189 1061/1430/4190 1060/1426/4191 1070/1425/4192
f 1072/1431/4193 1062/1432/4194 1061/1430/4195 1071/1429/4196
f 1073/1433/4197 1063/1434/4198 1062/1432/4199 1072/1431/4200
f 1074/1435/4201 1064/1436/4202 1063/1437/4203 1073/1438/4204
f 1075/1439/4205 1065/1440/4206 1064/1436/4207 1074/1435/4208
f 1076/1441/4209 1066/1442/4210 1065/1440/4211 1075/1439/4212
f 1077/1443/4213 1067/1444/4214 1066/1442/4215 1076/1441/4216
f 1078/1445/4217 1068/1446/4218 1067/1444/4219 1077/1443/4220
f 1069/1428/4221 1059/1427/4222 1068/1446/4223 1078/1445/4224
f 1080/1447/4225 1070/1425/4226 1069/1428/4227 1079/1448/4228
f 1081/1449/4229 1071/1429/4230 1070/1425/4231 1080/1447/4232
f 1082/1450/4233 1072/1431/4234 1071/1429/4235 1081/1449/4236
f 1083/1451/4237 1073/1433/4238 1072/1431/4239 1082/1450/4240
f 1084/1452/4241 1074/1435/4242 1073/1438/4243 1083/1453/4244
f 1085/1454/4245 1075/1439/4246 1074/1435/4247 1084/1452/4248
f 1086/1455/4249 1076/1441/4250 1075/1439/4251 1085/1454/4252
f 1087/1456/4253 1077/1443/4254 1076/1441/4255 1086/1455/4256
f 1088/1457/4257 1078/1445/4258 1077/1443/4259 1087/1456/4260
f 1079/1448/4261 1069/1428/4262 1078/1445/4263 1088/1457/4264
f 1090/1458/4265 1080/1447/4266 1079/1448/4267 1089/1459/4268
f 1091/1460/4269 1081/1449/4270 1080/1447/4271 1090/1458/4272
f 1092/1461/4273 1082/1450/4274 1081/1449/4275 1091/1460/4276
f 1093/1462/4277 1083/1451/4278 1082/1450/4279 1092/1461/4280
f 1094/1463/4281 1084/1452/4282 1083/1453/4283 1093/1464/4284
f 1095/1465/4285 1085/1454/4286 1084/1452/4287 1094/1463/4288
f 1096/1466/4289 1086/1455/4290 1085/1454/4291 1095/1465/4292
f 1097/1467/4293 1087/1456/4294 1086/1455/4295 1096/1466/4296
f 1098/1468/4297 1088/1457/4298 1087/1456/4299 1097/1467/4300
f 1089/1459/4301 1079/1448/4302 1088/1457/4303 1098/1468/4304
f 1099/1469/4305 1100/1470/4306 1090/1458/4307 1089/1459/4308
f 1100/1470/4309 1101/1471/4310 1091/1460/4311 1090/1458/4312
f 1101/1471/4313 1102/1472/4314 1092/1461/4315 1091/1460/4316
f 1102/1472/4317 1103/1473/4318 1093/1462/4319 1092/1461/4320
f 1103/1474/4321 1104/1475/4322 1094/1463/4323 1093/1464/4324
f 1104/1475/4325 1105/1476/4326 1095/1465/4327 1094/1463/4328
f 1105/1476/4329 1106/1477/4330 1096/1466/4331 1095/1465/4332
f 1106/1477/4333 1107/1478/4334 1097/1467/4335 1096/1466/4336
f 1107/1478/4337 1108/1479/4338 1098/1468/4339 1097/1467/4340
f 1108/1479/4341 1099/1469/4342 1089/1459/4343 1098/1468/4344
f 1066/1442/4345 1067/1444/4346 1109/1480/4347 1110/1481/4348
f 1065/1440/4349 1066/1442/4350 1110/1481/4351 1111/1482/4352
f 1064/1436/4353 1065/1440/4354 1111/1482/4355 1112/1483/4356
f 1063/1437/4357 1064/1436/4358 1112/1483/4359 1113/1484/4360
f 1062/1432/4361 1063/1434/4362 1113/1485/4363 1114/1486/4364
f 1061/1430/4365 1062/1432/4366 1114/1486/4367 1115/1487/4368
f 1060/1426/4369 1061/1430/4370 1115/1487/4371 1116/1488/4372
f 1059/1427/4373 1060/1426/4374 1116/1488/4375 1117/1489/4376
f 1068/1446/4377 1059/1427/4378 1117/1489/4379 1118/1490/4380
f 1067/1444/4381 1068/1446/4382 1118/1490/4383 1109/1480/4384
f 1119/1491/4385 1120/1492/4386 1341/1493/4387 1342/1494/4388
f 1120/1492/4389 1121/1495/4390 1340/1496/4391 1341/1493/4392
f 1121/1497/4393 1122/1498/4394 1359/1499/4395 1340/1500/4396
f 1359/1499/4397 1122/1498/4398 1123/1501/4399 1358/1502/4400
f 1123/1501/4401 1124/1503/4402 1357/1504/4403 1358/1502/4404
f 1124/1503/4405 1125/1505/4406 1356/1506/4407 1357/1504/4408
f 1125/1507/4409 1126/1508/4410 1355/1509/4411 1356/1510/4412
f 1126/1508/4413 1127/1511/4414 1354/1512/4415 1355/1509/4416
f 1127/1511/4417 1128/1513/4418 1353/1514/4419 1354/1512/4420
f 1128/1513/4421 1129/1515/4422 1352/1516/4423 1353/1514/4424
f 1129/1515/4425 1130/1517/4426 1351/1518/4427 1352/1516/4428
f 1130/1517/4429 1131/1519/4430 1350/1520/4431 1351/1518/4432
f 1131/1521/4433 1132/1522/4434 1349/1523/4435 1350/1524/4436
f 1132/1522/4437 1133/1525/4438 1348/1526/4439 1349/1523/4440
f 1133/1525/4441 1134/1527/4442 1347/1528/4443 1348/1526/4444
f 1134/1527/4445 1135/1529/4446 1346/1530/4447 1347/1528/4448
f 1135/1531/4449 1136/1532/4450 1345/1533/4451 1346/1534/4452
f 1136/1532/4453 1137/1535/4454 1344/1536/4455 1345/1533/4456
f 1137/1535/4457 1138/1537/4458 1343/1538/4459 1344/1536/4460
f 1138/1537/4461 1119/1491/4462 1342/1494/4463 1343/1538/4464
f 1120/1539/4465 1119/1540/4466 1159/1541/4467
f 1121/1542/4468 1120/1539/4469 1159/1541/4470
f 1122/1543/4471 1121/1542/4472 1159/1541/4473
f 1123/1544/4474 1122/1543/4475 1159/1541/4476
f 1124/1545/4477 1123/1544/4478 1159/1541/4479
f 1125/1546/4480 1124/1545/4481 1159/1541/4482
f 1126/1547/4483 1125/1546/4484 1159/1541/4485
f 1127/1548/4486 1126/1547/4487 1159/1541/4488
f 1128/1549/4489 1127/1548/4490 1159/1541/4491
f 1129/1550/4492 1128/1549/4493 1159/1541/4494
f 1130/1551/4495 1129/1550/4496 1159/1541/4497
f 1131/1552/4498 1130/1551/4499 1159/1541/4500
f 1132/1553/4501 1131/1552/4502 1159/1541/4503
f 1133/1554/4504 1132/1553/4505 1159/1541/4506
f 1134/1555/4507 1133/1554/4508 1159/1541/4509
f 1135/1556/4510 1134/1555/4511 1159/1541/4512
f 1136/1557/4513 1135/1556/4514 1159/1541/4515
f 1137/1558/4516 1136/1557/4517 1159/1541/4518
f 1138/1559/4519 1137/1558/4520 1159/1541/4521
f 1119/1540/4522 1138/1559/4523 1159/1541/4524
f 1139/1560/4525 1140/1561/4526 1161/1562/4527 1160/1563/4528
f 1140/1561/4529 1141/1564/4530 1162/1565/4531 1161/1562/4532
f 1162/1565/4533 1141/1564/4534 1142/1566/4535 1163/1567/4536
f 1142/1566/4537 1143/1568/4538 1164/1569/4539 1163/1567/4540
f 1143/1568/4541 1144/1570/4542 1165/1571/4543 1164/1569/4544
f 1144/1570/4545 1145/1572/4546 1166/1573/4547 1165/1571/4548
f 1145/1572/4549 1146/1574/4550 1167/1575/4551 1166/1573/4552
f 1146/1574/4553 1147/1576/4554 1168/1577/4555 1167/1575/4556
f 1147/1576/4557 1148/1578/4558 1169/1579/4559 1168/1577/4560
f 1148/1578/4561 1149/1580/4562 1170/1581/4563 1169/1579/4564
f 1149/1580/4565 1150/1582/4566 1171/1583/4567 1170/1581/4568
f 1150/1582/4569 1151/1584/4570 1172/1585/4571 1171/1583/4572
f 1151/1584/4573 1152/1586/4574 1173/1587/4575 1172/1585/4576
f 1152/1586/4577 1153/1588/4578 1174/1589/4579 1173/1587/4580
f 1153/1588/4581 1154/1590/4582 1175/1591/4583 1174/1589/4584
f 1154/1590/4585 1155/1592/4586 1176/1593/4587 1175/1591/4588
f 1155/1592/4589 1156/1594/4590 1177/1595/4591 1176/1593/4592
f 1156/1594/4593 1157/1596/4594 1178/1597/4595 1177/1595/4596
f 1157/1596/4597 1158/1598/4598 1179/1599/4599 1178/1597/4600
f 1158/1598/4601 1139/1560/4602 1160/1563/4603 1179/1599/4604
f 1160/1563/4605 1161/1562/4606 1301/1600/4607 1302/1601/4608
f 1161/1562/4609 1162/1565/4610 1300/1602/4611 1301/1600/4612
f 1300/1602/4613 1162/1565/4614 1163/1567/4615 1319/1603/4616
f 1163/1567/4617 1164/1569/4618 1318/1604/4619 1319/1603/4620
f 1164/1569/4621 1165/1571/4622 1317/1605/4623 1318/1604/4624
f 1165/1571/4625 1166/1573/4626 1316/1606/4627 1317/1605/4628
f 1166/1573/4629 1167/1575/4630 1315/1607/4631 1316/1606/4632
f 1167/1575/4633 1168/1577/4634 1314/1608/4635 1315/1607/4636
f 1168/1577/4637 1169/1579/4638 1313/1609/4639 1314/1608/4640
f 1169/1579/4641 1170/1581/4642 1312/1610/4643 1313/1609/4644
f 1170/1581/4645 1171/1583/4646 1311/1611/4647 1312/1610/4648
f 1171/1583/4649 1172/1585/4650 1310/1612/4651 1311/1611/4652
f 1172/1585/4653 1173/1587/4654 1309/1613/4655 1310/1612/4656
f 1173/1587/4657 1174/1589/4658 1308/1614/4659 1309/1613/4660
f 1174/1589/4661 1175/1591/4662 1307/1615/4663 1308/1614/4664
f 1175/1591/4665 1176/1593/4666 1306/1616/4667 1307/1615/4668
f 1176/1593/4669 1177/1595/4670 1305/1617/4671 1306/1616/4672
f 1177/1595/4673 1178/1597/4674 1304/1618/4675 1305/1617/4676
f 1178/1597/4677 1179/1599/4678 1303/1619/4679 1304/1618/4680
f 1179/1599/4681 1160/1563/4682 1302/1601/4683 1303/1619/4684
f 1180/1620/4685 1181/1621/4686 1201/1622/4687 1200/1623/4688
f 1201/1622/4689 1181/1621/4690 1182/1624/4691 1202/1625/4692
f 1182/1626/4693 1183/1627/4694 1203/1628/4695 1202/1629/4696
f 1183/1627/4697 1184/1630/4698 1204/1631/4699 1203/1628/4700
f 1184/1630/4701 1185/1632/4702 1205/1633/4703 1204/1631/4704
f 1185/1632/4705 1186/1634/4706 1206/1635/4707 1205/1633/4708
f 1186/1636/4709 1187/1637/4710 1207/1638/4711 1206/1639/4712
f 1187/1637/4713 1188/1640/4714 1208/1641/4715 1207/1638/4716
f 1188/1640/4717 1189/1642/4718 1209/1643/4719 1208/1641/4720
f 1189/1642/4721 1190/1644/4722 1210/1645/4723 1209/1643/4724
f 1190/1644/4725 1191/1646/4726 1211/1647/4727 1210/1645/4728
f 1191/1646/4729 1192/1648/4730 1212/1649/4731 1211/1647/4732
f 1192/1650/4733 1193/1651/4734 1213/1652/4735 1212/1653/4736
f 1193/1651/4737 1194/1654/4738 1214/1655/4739 1213/1652/4740
f 1194/1654/4741 1195/1656/4742 1215/1657/4743 1214/1655/4744
f 1195/1656/4745 1196/1658/4746 1216/1659/4747 1215/1657/4748
f 1196/1660/4749 1197/1661/4750 1217/1662/4751 1216/1663/4752
f 1197/1661/4753 1198/1664/4754 1218/1665/4755 1217/1662/4756
f 1198/1664/4757 1199/1666/4758 1219/1667/4759 1218/1665/4760
f 1199/1666/4761 1180/1620/4762 1200/1623/4763 1219/1667/4764
f 1440/1668/4765 1441/1669/4766 1442/1670/4767 1443/1671/4768
f 1441/1669/4769 1444/1672/4770 1445/1673/4771 1442/1670/4772
f 1444/1674/4773 1446/1675/4774 1447/1676/4775 1445/1677/4776
f 1446/1675/4777 1448/1678/4778 1449/1679/4779 1447/1676/4780
f 1448/1678/4781 1450/1680/4782 1451/1681/4783 1449/1679/4784
f 1450/1680/4785 1452/1682/4786 1453/1683/4787 1451/1681/4788
f 1452/1684/4789 1454/1685/4790 1455/1686/4791 1453/1687/4792
f 1454/1685/4793 1456/1688/4794 1457/1689/4795 1455/1686/4796
f 1456/1688/4797 1458/1690/4798 1459/1691/4799 1457/1689/4800
f 1458/1690/4801 1460/1692/4802 1461/1693/4803 1459/1691/4804
f 1460/1692/4805 1462/1694/4806 1463/1695/4807 1461/1693/4808
f 1462/1694/4809 1464/1696/4810 1465/1697/4811 1463/1695/4812
f 1464/1698/4813 1466/1699/4814 1467/1700/4815 1465/1701/4816
f 1466/1699/4817 1468/1702/4818 1469/1703/4819 1467/1700/4820
f 1468/1702/4821 1470/1704/4822 1471/1705/4823 1469/1703/4824
f 1470/1704/4825 1472/1706/4826 1473/1707/4827 1471/1705/4828
f 1472/1708/4829 1474/1709/4830 1475/1710/4831 1473/1711/4832
f 1474/1709/4833 1476/1712/4834 1477/1713/4835 1475/1710/4836
f 1476/1712/4837 1478/1714/4838 1479/1715/4839 1477/1713/4840
f 1478/1714/4841 1440/1668/4842 1443/1671/4843 1479/1715/4844
f 2282/1716/4845 2283/1717/4846 1480/1718/4847 1481/1719/4848
f 2281/1720/4849 2282/1716/4850 1481/1719/4851 1484/1721/4852
f 2300/1722/4853 2281/1723/4854 1484/1724/4855 1486/1725/4856
f 2299/1726/4857 2300/1722/4858 1486/1725/4859 1488/1727/4860
f 2298/1728/4861 2299/1726/4862 1488/1727/4863 1490/1729/4864
f 2297/1730/4865 2298/1728/4866 1490/1729/4867 1492/1731/4868
f 2296/1732/4869 2297/1733/4870 1492/1734/4871 1494/1735/4872
f 2295/1736/4873 2296/1732/4874 1494/1735/4875 1496/1737/4876
f 2294/1738/4877 2295/1736/4878 1496/1737/4879 1498/1739/4880
f 2293/1740/4881 2294/1738/4882 1498/1739/4883 1500/1741/4884
f 2292/1742/4885 2293/1740/4886 1500/1741/4887 1502/1743/4888
f 2291/1744/4889 2292/1742/4890 1502/1743/4891 1504/1745/4892
f 2290/1746/4893 2291/1747/4894 1504/1748/4895 1506/1749/4896
f 2289/1750/4897 2290/1746/4898 1506/1749/4899 1508/1751/4900
f 2288/1752/4901 2289/1750/4902 1508/1751/4903 1510/1753/4904
f 2287/1754/4905 2288/1752/4906 1510/1753/4907 1512/1755/4908
f 2286/1756/4909 2287/1757/4910 1512/1758/4911 1514/1759/4912
f 2285/1760/4913 2286/1756/4914 1514/1759/4915 1516/1761/4916
f 2284/1762/4917 2285/1760/4918 1516/1761/4919 1518/1763/4920
f 1480/1718/4921 2283/1717/4922 2284/1762/4923 1518/1763/4924
f 1482/1764/4925 1221/1765/4926 1220/1766/4927 1483/1767/4928
f 1485/1768/4929 1222/1769/4930 1221/1765/4931 1482/1764/4932
f 1487/1770/4933 1223/1771/4934 1222/1769/4935 1485/1768/4936
f 1489/1772/4937 1224/1773/4938 1223/1771/4939 1487/1770/4940
f 1491/1774/4941 1225/1775/4942 1224/1773/4943 1489/1772/4944
f 1493/1776/4945 1226/1777/4946 1225/1775/4947 1491/1774/4948
f 1495/1778/4949 1227/1779/4950 1226/1777/4951 1493/1776/4952
f 1497/1780/4953 1228/1781/4954 1227/1779/4955 1495/1778/4956
f 1499/1782/4957 1229/1783/4958 1228/1781/4959 1497/1780/4960
f 1501/1784/4961 1230/1785/4962 1229/1783/4963 1499/1782/4964
f 1503/1786/4965 1231/1787/4966 1230/1785/4967 1501/1784/4968
f 1505/1788/4969 1232/1789/4970 1231/1787/4971 1503/1786/4972
f 1507/1790/4973 1233/1791/4974 1232/1789/4975 1505/1788/4976
f 1509/1792/4977 1234/1793/4978 1233/1791/4979 1507/1790/4980
f 1511/1794/4981 1235/1795/4982 1234/1793/4983 1509/1792/4984
f 1513/1796/4985 1236/1797/4986 1235/1795/4987 1511/1794/4988
f 1515/1798/4989 1237/1799/4990 1236/1797/4991 1513/1796/4992
f 1517/1800/4993 1238/1801/4994 1237/1799/4995 1515/1798/4996
f 1519/1802/4997 1239/1803/4998 1238/1801/4999 1517/1800/5000
f 1483/1767/5001 1220/1766/5002 1239/1803/5003 1519/1802/5004
f 1221/1804/5005 1560/1805/5006 1561/1806/5007 1220/1807/5008
f 1562/1808/5009 1560/1805/5010 1221/1804/5011 1222/1809/5012
f 1223/1810/5013 1563/1811/5014 1562/1808/5015 1222/1809/5016
f 1224/1812/5017 1564/1813/5018 1563/1811/5019 1223/1810/5020
f 1225/1814/5021 1565/1815/5022 1564/1813/5023 1224/1812/5024
f 1226/1816/5025 1566/1817/5026 1565/1818/5027 1225/1819/5028
f 1227/1820/5029 1567/1821/5030 1566/1817/5031 1226/1816/5032
f 1228/1822/5033 1568/1823/5034 1567/1821/5035 1227/1820/5036
f 1229/1824/5037 1569/1825/5038 1568/1823/5039 1228/1822/5040
f 1230/1826/5041 1570/1827/5042 1569/1825/5043 1229/1824/5044
f 1231/1828/5045 1571/1829/5046 1570/1827/5047 1230/1826/5048
f 1232/1830/5049 1572/1831/5050 1571/1829/5051 1231/1828/5052
f 1233/1832/5053 1573/1833/5054 1572/1831/5055 1232/1830/5056
f 1234/1834/5057 1574/1835/5058 1573/1833/5059 1233/1832/5060
f 1235/1836/5061 1575/1837/5062 1574/1835/5063 1234/1834/5064
f 1236/1838/5065 1576/1839/5066 1575/1837/5067 1235/1836/5068
f 1237/1840/5069 1577/1841/5070 1576/1839/5071 1236/1838/5072
f 1238/1842/5073 1578/1843/5074 1577/1841/5075 1237/1840/5076
f 1239/1844/5077 1579/1845/5078 1578/1843/5079 1238/1842/5080
f 1220/1807/5081 1561/1806/5082 1579/1845/5083 1239/1844/5084
f 1659/1846/5085 1241/1847/5086 1240/1848/5087 1658/1849/5088
f 1242/1850/5089 1241/1847/5090 1659/1846/5091 1640/1851/5092
f 1243/1852/5093 1242/1850/5094 1640/1851/5095 1641/1853/5096
f 1244/1854/5097 1243/1852/5098 1641/1853/5099 1642/1855/5100
f 1245/1856/5101 1244/1854/5102 1642/1855/5103 1643/1857/5104
f 1246/1858/5105 1245/1856/5106 1643/1857/5107 1644/1859/5108
f 1247/1860/5109 1246/1858/5110 1644/1859/5111 1645/1861/5112
f 1248/1862/5113 1247/1860/5114 1645/1861/5115 1646/1863/5116
f 1249/1864/5117 1248/1862/5118 1646/1863/5119 1647/1865/5120
f 1250/1866/5121 1249/1864/5122 1647/1865/5123 1648/1867/5124
f 1251/1868/5125 1250/1866/5126 1648/1867/5127 1649/1869/5128
f 1252/1870/5129 1251/1868/5130 1649/1869/5131 1650/1871/5132
f 1253/1872/5133 1252/1870/5134 1650/1871/5135 1651/1873/5136
f 1254/1874/5137 1253/1872/5138 1651/1873/5139 1652/1875/5140
f 1255/1876/5141 1254/1874/5142 1652/1875/5143 1653/1877/5144
f 1256/1878/5145 1255/1876/5146 1653/1877/5147 1654/1879/5148
f 1257/1880/5149 1256/1878/5150 1654/1879/5151 1655/1881/5152
f 1258/1882/5153 1257/1880/5154 1655/1881/5155 1656/1883/5156
f 1259/1884/5157 1258/1882/5158 1656/1883/5159 1657/1885/5160
f 1240/1848/5161 1259/1886/5162 1657/1887/5163 1658/1849/5164
f 1380/1888/5165 1261/1889/5166 1260/1890/5167 1399/1891/5168
f 1381/1892/5169 1262/1893/5170 1261/1889/5171 1380/1888/5172
f 1382/1894/5173 1263/1895/5174 1262/1893/5175 1381/1892/5176
f 1383/1896/5177 1264/1897/5178 1263/1895/5179 1382/1894/5180
f 1384/1898/5181 1265/1899/5182 1264/1897/5183 1383/1896/5184
f 1385/1900/5185 1266/1901/5186 1265/1899/5187 1384/1898/5188
f 1386/1902/5189 1267/1903/5190 1266/1901/5191 1385/1900/5192
f 1387/1904/5193 1268/1905/5194 1267/1903/5195 1386/1902/5196
f 1388/1906/5197 1269/1907/5198 1268/1905/5199 1387/1904/5200
f 1389/1908/5201 1270/1909/5202 1269/1907/5203 1388/1906/5204
f 1390/1910/5205 1271/1911/5206 1270/1909/5207 1389/1908/5208
f 1391/1912/5209 1272/1913/5210 1271/1911/5211 1390/1910/5212
f 1392/1914/5213 1273/1915/5214 1272/1913/5215 1391/1912/5216
f 1393/1916/5217 1274/1917/5218 1273/1915/5219 1392/1914/5220
f 1394/1918/5221 1275/1919/5222 1274/1917/5223 1393/1916/5224
f 1395/1920/5225 1276/1921/5226 1275/1919/5227 1394/1918/5228
f 1396/1922/5229 1277/1923/5230 1276/1921/5231 1395/1920/5232
f 1397/1924/5233 1278/1925/5234 1277/1923/5235 1396/1922/5236
f 1398/1926/5237 1279/1927/5238 1278/1925/5239 1397/1924/5240
f 1399/1891/5241 1260/1890/5242 1279/1928/5243 1398/1929/5244
f 1263/1895/5245 1281/1930/5246 1280/1931/5247 1262/1893/5248
f 1264/1897/5249 1282/1932/5250 1281/1930/5251 1263/1895/5252
f 1265/1899/5253 1283/1933/5254 1282/1932/5255 1264/1897/5256
f 1266/1901/5257 1284/1934/5258 1283/1933/5259 1265/1899/5260
f 1267/1903/5261 1285/1935/5262 1284/1934/5263 1266/1901/5264
f 1268/1905/5265 1286/1936/5266 1285/1935/5267 1267/1903/5268
f 1269/1907/5269 1287/1937/5270 1286/1936/5271 1268/1905/5272
f 1270/1909/5273 1288/1938/5274 1287/1937/5275 1269/1907/5276
f 1271/1911/5277 1289/1939/5278 1288/1938/5279 1270/1909/5280
f 1272/1913/5281 1290/1940/5282 1289/1939/5283 1271/1911/5284
f 1273/1915/5285 1291/1941/5286 1290/1940/5287 1272/1913/5288
f 1274/1917/5289 1292/1942/5290 1291/1941/5291 1273/1915/5292
f 1275/1919/5293 1293/1943/5294 1292/1942/5295 1274/1917/5296
f 1276/1921/5297 1294/1944/5298 1293/1943/5299 1275/1919/5300
f 1277/1923/5301 1295/1945/5302 1294/1944/5303 1276/1921/5304
f 1278/1925/5305 1296/1946/5306 1295/1945/5307 1277/1923/5308
f 1279/1927/5309 1297/1947/5310 1296/1946/5311 1278/1925/5312
f 1260/1890/5313 1298/1948/5314 1297/1949/5315 1279/1928/5316
f 1261/1889/5317 1299/1950/5318 1298/1948/5319 1260/1890/5320
f 1262/1893/5321 1280/1931/5322 1299/1950/5323 1261/1889/5324
f 1301/1600/5325 1300/1602/5326 1320/1951/5327 1321/1952/5328
f 1302/1601/5329 1301/1600/5330 1321/1952/5331 1322/1953/5332
f 1303/1619/5333 1302/1601/5334 1322/1953/5335 1323/1954/5336
f 1304/1618/5337 1303/1619/5338 1323/1954/5339 1324/1955/5340
f 1305/1617/5341 1304/1618/5342 1324/1955/5343 1325/1956/5344
f 1306/1616/5345 1305/1617/5346 1325/1956/5347 1326/1957/5348
f 1307/1615/5349 1306/1616/5350 1326/1957/5351 1327/1958/5352
f 1308/1614/5353 1307/1615/5354 1327/1958/5355 1328/1959/5356
f 1309/1613/5357 1308/1614/5358 1328/1959/5359 1329/1960/5360
f 1310/1612/5361 1309/1613/5362 1329/1960/5363 1330/1961/5364
f 1311/1611/5365 1310/1612/5366 1330/1961/5367 1331/1962/5368
f 1312/1610/5369 1311/1611/5370 1331/1962/5371 1332/1963/5372
f 1313/1609/5373 1312/1610/5374 1332/1963/5375 1333/1964/5376
f 1314/1608/5377 1313/1609/5378 1333/1964/5379 1334/1965/5380
f 1315/1607/5381 1314/1608/5382 1334/1965/5383 1335/1966/5384
f 1316/1606/5385 1315/1607/5386 1335/1966/5387 1336/1967/5388
f 1317/1605/5389 1316/1606/5390 1336/1967/5391 1337/1968/5392
f 1318/1604/5393 1317/1605/5394 1337/1968/5395 1338/1969/5396
f 1319/1603/5397 1318/1604/5398 1338/1969/5399 1339/1970/5400
f 1300/1602/5401 1319/1603/5402 1339/1970/5403 1320/1951/5404
f 1321/1952/5405 1320/1951/5406 1360/1971/5407 1361/1972/5408
f 1322/1953/5409 1321/1952/5410 1361/1972/5411 1362/1973/5412
f 1323/1954/5413 1322/1953/5414 1362/1973/5415 1363/1974/5416
f 1324/1955/5417 1323/1954/5418 1363/1974/5419 1364/1975/5420
f 1325/1956/5421 1324/1955/5422 1364/1975/5423 1365/1976/5424
f 1326/1957/5425 1325/1956/5426 1365/1976/5427 1366/1977/5428
f 1327/1958/5429 1326/1957/5430 1366/1977/5431 1367/1978/5432
f 1328/1959/5433 1327/1958/5434 1367/1978/5435 1368/1979/5436
f 1329/1960/5437 1328/1959/5438 1368/1979/5439 1369/1980/5440
f 1330/1961/5441 1329/1960/5442 1369/1980/5443 1370/1981/5444
f 1331/1962/5445 1330/1961/5446 1370/1981/5447 1371/1982/5448
f 1332/1963/5449 1331/1962/5450 1371/1982/5451 1372/1983/5452
f 1333/1964/5453 1332/1963/5454 1372/1983/5455 1373/1984/5456
f 1334/1965/5457 1333/1964/5458 1373/1984/5459 1374/1985/5460
f 1335/1966/5461 1334/1965/5462 1374/1985/5463 1375/1986/5464
f 1336/1967/5465 1335/1966/5466 1375/1986/5467 1376/1987/5468
f 1337/1968/5469 1336/1967/5470 1376/1987/5471 1377/1988/5472
f 1338/1969/5473 1337/1968/5474 1377/1988/5475 1378/1989/5476
f 1339/1970/5477 1338/1969/5478 1378/1989/5479 1379/1990/5480
f 1320/1951/5481 1339/1970/5482 1379/1990/5483 1360/1971/5484
f 1341/1991/5485 1340/1992/5486 1141/1564/5487 1140/1561/5488
f 1342/1993/5489 1341/1991/5490 1140/1561/5491 1139/1560/5492
f 1343/1994/5493 1342/1993/5494 1139/1560/5495 1158/1598/5496
f 1344/1995/5497 1343/1994/5498 1158/1598/5499 1157/1596/5500
f 1345/1996/5501 1344/1995/5502 1157/1596/5503 1156/1594/5504
f 1346/1997/5505 1345/1996/5506 1156/1594/5507 1155/1592/5508
f 1347/1998/5509 1346/1997/5510 1155/1592/5511 1154/1590/5512
f 1348/1999/5513 1347/1998/5514 1154/1590/5515 1153/1588/5516
f 1349/2000/5517 1348/1999/5518 1153/1588/5519 1152/1586/5520
f 1350/2001/5521 1349/2000/5522 1152/1586/5523 1151/1584/5524
f 1351/2002/5525 1350/2001/5526 1151/1584/5527 1150/1582/5528
f 1352/2003/5529 1351/2002/5530 1150/1582/5531 1149/1580/5532
f 1353/2004/5533 1352/2003/5534 1149/1580/5535 1148/1578/5536
f 1354/2005/5537 1353/2004/5538 1148/1578/5539 1147/1576/5540
f 1355/2006/5541 1354/2005/5542 1147/1576/5543 1146/1574/5544
f 1356/2007/5545 1355/2006/5546 1146/1574/5547 1145/1572/5548
f 1357/2008/5549 1356/2007/5550 1145/1572/5551 1144/1570/5552
f 1358/2009/5553 1357/2008/5554 1144/1570/5555 1143/1568/5556
f 1359/2010/5557 1358/2009/5558 1143/1568/5559 1142/1566/5560
f 1340/1992/5561 1359/2010/5562 1142/1566/5563 1141/1564/5564
f 1361/1972/5565 1360/1971/5566 1182/2011/5567 1181/2012/5568
f 1362/1973/5569 1361/1972/5570 1181/2012/5571 1180/2013/5572
f 1363/1974/5573 1362/1973/5574 1180/2013/5575 1199/2014/5576
f 1364/1975/5577 1363/1974/5578 1199/2014/5579 1198/2015/5580
f 1365/1976/5581 1364/1975/5582 1198/2015/5583 1197/2016/5584
f 1366/1977/5585 1365/1976/5586 1197/2016/5587 1196/2017/5588
f 1367/1978/5589 1366/1977/5590 1196/2017/5591 1195/2018/5592
f 1368/1979/5593 1367/1978/5594 1195/2018/5595 1194/2019/5596
f 1369/1980/5597 1368/1979/5598 1194/2019/5599 1193/2020/5600
f 1370/1981/5601 1369/1980/5602 1193/2020/5603 1192/2021/5604
f 1371/1982/5605 1370/1981/5606 1192/2021/5607 1191/2022/5608
f 1372/1983/5609 1371/1982/5610 1191/2022/5611 1190/2023/5612
f 1373/1984/5613 1372/1983/5614 1190/2023/5615 1189/2024/5616
f 1374/1985/5617 1373/1984/5618 1189/2024/5619 1188/2025/5620
f 1375/1986/5621 1374/1985/5622 1188/2025/5623 1187/2026/5624
f 1376/1987/5625 1375/1986/5626 1187/2026/5627 1186/2027/5628
f 1377/1988/5629 1376/1987/5630 1186/2027/5631 1185/2028/5632
f 1378/1989/5633 1377/1988/5634 1185/2028/5635 1184/2029/5636
f 1379/1990/5637 1378/1989/5638 1184/2029/5639 1183/2030/5640
f 1360/1971/5641 1379/1990/5642 1183/2030/5643 1182/2011/5644
f 1242/1850/5645 1381/1892/5646 1380/1888/5647 1241/1847/5648
f 1243/1852/5649 1382/1894/5650 1381/1892/5651 1242/1850/5652
f 1244/1854/5653 1383/1896/5654 1382/1894/5655 1243/1852/5656
f 1245/1856/5657 1384/1898/5658 1383/1896/5659 1244/1854/5660
f 1246/1858/5661 1385/1900/5662 1384/1898/5663 1245/1856/5664
f 1247/1860/5665 1386/1902/5666 1385/1900/5667 1246/1858/5668
f 1248/1862/5669 1387/1904/5670 1386/1902/5671 1247/1860/5672
f 1249/1864/5673 1388/1906/5674 1387/1904/5675 1248/1862/5676
f 1250/1866/5677 1389/1908/5678 1388/1906/5679 1249/1864/5680
f 1251/1868/5681 1390/1910/5682 1389/1908/5683 1250/1866/5684
f 1252/1870/5685 1391/1912/5686 1390/1910/5687 1251/1868/5688
f 1253/1872/5689 1392/1914/5690 1391/1912/5691 1252/1870/5692
f 1254/1874/5693 1393/1916/5694 1392/1914/5695 1253/1872/5696
f 1255/1876/5697 1394/1918/5698 1393/1916/5699 1254/1874/5700
f 1256/1878/5701 1395/1920/5702 1394/1918/5703 1255/1876/5704
f 1257/1880/5705 1396/1922/5706 1395/1920/5707 1256/1878/5708
f 1258/1882/5709 1397/1924/5710 1396/1922/5711 1257/1880/5712
f 1259/1884/5713 1398/1926/5714 1397/1924/5715 1258/1882/5716
f 1240/1848/5717 1399/1891/5718 1398/1929/5719 1259/1886/5720
f 1241/1847/5721 1380/1888/5722 1399/1891/5723 1240/1848/5724
f 1281/1930/5725 1401/2031/5726 1400/2032/5727 1280/1931/5728
f 1282/1932/5729 1402/2033/5730 1401/2031/5731 1281/1930/5732
f 1283/1933/5733 1403/2034/5734 1402/2033/5735 1282/1932/5736
f 1284/1934/5737 1404/2035/5738 1403/2034/5739 1283/1933/5740
f 1285/1935/5741 1405/2036/5742 1404/2035/5743 1284/1934/5744
f 1286/1936/5745 1406/2037/5746 1405/2036/5747 1285/1935/5748
f 1287/1937/5749 1407/2038/5750 1406/2037/5751 1286/1936/5752
f 1288/1938/5753 1408/2039/5754 1407/2038/5755 1287/1937/5756
f 1289/1939/5757 1409/2040/5758 1408/2039/5759 1288/1938/5760
f 1290/1940/5761 1410/2041/5762 1409/2040/5763 1289/1939/5764
f 1291/1941/5765 1411/2042/5766 1410/2041/5767 1290/1940/5768
f 1292/1942/5769 1412/2043/5770 1411/2042/5771 1291/1941/5772
f 1293/1943/5773 1413/2044/5774 1412/2043/5775 1292/1942/5776
f 1294/1944/5777 1414/2045/5778 1413/2044/5779 1293/1943/5780
f 1295/1945/5781 1415/2046/5782 1414/2045/5783 1294/1944/5784
f 1296/1946/5785 1416/2047/5786 1415/2046/5787 1295/1945/5788
f 1297/1947/5789 1417/2048/5790 1416/2047/5791 1296/1946/5792
f 1298/1948/5793 1418/2049/5794 1417/2050/5795 1297/1949/5796
f 1299/1950/5797 1419/2051/5798 1418/2049/5799 1298/1948/5800
f 1280/1931/5801 1400/2032/5802 1419/2051/5803 1299/1950/5804
f 1400/2032/5805 1421/2052/5806 1420/2053/5807 1419/2051/5808
f 1422/2054/5809 1421/2052/5810 1400/2032/5811 1401/2031/5812
f 1423/2055/5813 1422/2054/5814 1401/2031/5815 1402/2033/5816
f 1424/2056/5817 1423/2055/5818 1402/2033/5819 1403/2034/5820
f 1425/2057/5821 1424/2056/5822 1403/2034/5823 1404/2035/5824
f 1426/2058/5825 1425/2057/5826 1404/2035/5827 1405/2036/5828
f 1427/2059/5829 1426/2058/5830 1405/2036/5831 1406/2037/5832
f 1428/2060/5833 1427/2059/5834 1406/2037/5835 1407/2038/5836
f 1429/2061/5837 1428/2060/5838 1407/2038/5839 1408/2039/5840
f 1430/2062/5841 1429/2061/5842 1408/2039/5843 1409/2040/5844
f 1431/2063/5845 1430/2062/5846 1409/2040/5847 1410/2041/5848
f 1432/2064/5849 1431/2063/5850 1410/2041/5851 1411/2042/5852
f 1433/2065/5853 1432/2064/5854 1411/2042/5855 1412/2043/5856
f 1434/2066/5857 1433/2065/5858 1412/2043/5859 1413/2044/5860
f 1435/2067/5861 1434/2066/5862 1413/2044/5863 1414/2045/5864
f 1436/2068/5865 1435/2067/5866 1414/2045/5867 1415/2046/5868
f 1437/2069/5869 1436/2068/5870 1415/2046/5871 1416/2047/5872
f 1438/2070/5873 1437/2069/5874 1416/2047/5875 1417/2048/5876
f 1439/2071/5877 1438/2072/5878 1417/2050/5879 1418/2049/5880
f 1420/2053/5881 1439/2071/5882 1418/2049/5883 1419/2051/5884
f 1201/2073/5885 1441/2074/5886 1440/2075/5887 1200/2076/5888
f 1422/2077/5889 1423/2078/5890 1443/2079/5891 1442/2080/5892
f 1202/2081/5893 1444/2082/5894 1441/2074/5895 1201/2073/5896
f 1421/2083/5897 1422/2077/5898 1442/2080/5899 1445/2084/5900
f 1203/2085/5901 1446/2086/5902 1444/2082/5903 1202/2081/5904
f 1420/2087/5905 1421/2083/5906 1445/2084/5907 1447/2088/5908
f 1204/2089/5909 1448/2090/5910 1446/2086/5911 1203/2085/5912
f 1439/2091/5913 1420/2087/5914 1447/2088/5915 1449/2092/5916
f 1205/2093/5917 1450/2094/5918 1448/2090/5919 1204/2089/5920
f 1438/2095/5921 1439/2091/5922 1449/2092/5923 1451/2096/5924
f 1206/2097/5925 1452/2098/5926 1450/2094/5927 1205/2093/5928
f 1437/2099/5929 1438/2095/5930 1451/2096/5931 1453/2100/5932
f 1207/2101/5933 1454/2102/5934 1452/2098/5935 1206/2097/5936
f 1436/2103/5937 1437/2099/5938 1453/2100/5939 1455/2104/5940
f 1208/2105/5941 1456/2106/5942 1454/2102/5943 1207/2101/5944
f 1435/2107/5945 1436/2103/5946 1455/2104/5947 1457/2108/5948
f 1209/2109/5949 1458/2110/5950 1456/2106/5951 1208/2105/5952
f 1434/2111/5953 1435/2107/5954 1457/2108/5955 1459/2112/5956
f 1210/2113/5957 1460/2114/5958 1458/2110/5959 1209/2109/5960
f 1433/2115/5961 1434/2111/5962 1459/2112/5963 1461/2116/5964
f 1211/2117/5965 1462/2118/5966 1460/2114/5967 1210/2113/5968
f 1432/2119/5969 1433/2115/5970 1461/2116/5971 1463/2120/5972
f 1212/2121/5973 1464/2122/5974 1462/2118/5975 1211/2117/5976
f 1431/2123/5977 1432/2119/5978 1463/2120/5979 1465/2124/5980
f 1213/2125/5981 1466/2126/5982 1464/2122/5983 1212/2121/5984
f 1430/2127/5985 1431/2123/5986 1465/2124/5987 1467/2128/5988
f 1214/2129/5989 1468/2130/5990 1466/2126/5991 1213/2125/5992
f 1429/2131/5993 1430/2127/5994 1467/2128/5995 1469/2132/5996
f 1215/2133/5997 1470/2134/5998 1468/2130/5999 1214/2129/6000
f 1428/2135/6001 1429/2131/6002 1469/2132/6003 1471/2136/6004
f 1216/2137/6005 1472/2138/6006 1470/2134/6007 1215/2133/6008
f 1427/2139/6009 1428/2135/6010 1471/2136/6011 1473/2140/6012
f 1217/2141/6013 1474/2142/6014 1472/2138/6015 1216/2137/6016
f 1426/2143/6017 1427/2139/6018 1473/2140/6019 1475/2144/6020
f 1218/2145/6021 1476/2146/6022 1474/2142/6023 1217/2141/6024
f 1425/2147/6025 1426/2143/6026 1475/2144/6027 1477/2148/6028
f 1219/2149/6029 1478/2150/6030 1476/2146/6031 1218/2145/6032
f 1424/2151/6033 1425/2147/6034 1477/2148/6035 1479/2152/6036
f 1200/2076/6037 1440/2075/6038 1478/2150/6039 1219/2149/6040
f 1423/2078/6041 1424/2151/6042 1479/2152/6043 1443/2079/6044
f 1481/2153/6045 1480/2154/6046 1642/2155/6047 1641/2156/6048
f 1484/2157/6049 1481/2153/6050 1641/2156/6051 1640/2158/6052
f 1486/2159/6053 1484/2157/6054 1640/2158/6055 1659/2160/6056
f 1488/2161/6057 1486/2159/6058 1659/2160/6059 1658/2162/6060
f 1490/2163/6061 1488/2161/6062 1658/2162/6063 1657/2164/6064
f 1492/2165/6065 1490/2163/6066 1657/2164/6067 1656/2166/6068
f 1494/2167/6069 1492/2165/6070 1656/2166/6071 1655/2168/6072
f 1496/2169/6073 1494/2167/6074 1655/2168/6075 1654/2170/6076
f 1498/2171/6077 1496/2169/6078 1654/2170/6079 1653/2172/6080
f 1500/2173/6081 1498/2171/6082 1653/2172/6083 1652/2174/6084
f 1502/2175/6085 1500/2173/6086 1652/2174/6087 1651/2176/6088
f 1504/2177/6089 1502/2175/6090 1651/2176/6091 1650/2178/6092
f 1506/2179/6093 1504/2177/6094 1650/2178/6095 1649/2180/6096
f 1508/2181/6097 1506/2179/6098 1649/2180/6099 1648/2182/6100
f 1510/2183/6101 1508/2181/6102 1648/2182/6103 1647/2184/6104
f 1512/2185/6105 1510/2183/6106 1647/2184/6107 1646/2186/6108
f 1514/2187/6109 1512/2185/6110 1646/2186/6111 1645/2188/6112
f 1516/2189/6113 1514/2187/6114 1645/2188/6115 1644/2190/6116
f 1518/2191/6117 1516/2189/6118 1644/2190/6119 1643/2192/6120
f 1480/2154/6121 1518/2191/6122 1643/2192/6123 1642/2155/6124
f 1482/2193/6125 1483/2194/6126 2283/1717/6127 2282/1716/6128
f 1485/2195/6129 1482/2193/6130 2282/1716/6131 2281/1720/6132
f 1487/2196/6133 1485/2197/6134 2281/1723/6135 2300/1722/6136
f 1489/2198/6137 1487/2196/6138 2300/1722/6139 2299/1726/6140
f 1491/2199/6141 1489/2198/6142 2299/1726/6143 2298/1728/6144
f 1493/2200/6145 1491/2199/6146 2298/1728/6147 2297/1730/6148
f 1495/2201/6149 1493/2202/6150 2297/1733/6151 2296/1732/6152
f 1497/2203/6153 1495/2201/6154 2296/1732/6155 2295/1736/6156
f 1499/2204/6157 1497/2203/6158 2295/1736/6159 2294/1738/6160
f 1501/2205/6161 1499/2204/6162 2294/1738/6163 2293/1740/6164
f 1503/2206/6165 1501/2205/6166 2293/1740/6167 2292/1742/6168
f 1505/2207/6169 1503/2206/6170 2292/1742/6171 2291/1744/6172
f 1507/2208/6173 1505/2209/6174 2291/1747/6175 2290/1746/6176
f 1509/2210/6177 1507/2208/6178 2290/1746/6179 2289/1750/6180
f 1511/2211/6181 1509/2210/6182 2289/1750/6183 2288/1752/6184
f 1513/2212/6185 1511/2211/6186 2288/1752/6187 2287/1754/6188
f 1515/2213/6189 1513/2214/6190 2287/1757/6191 2286/1756/6192
f 1517/2215/6193 1515/2213/6194 2286/1756/6195 2285/1760/6196
f 1519/2216/6197 1517/2215/6198 2285/1760/6199 2284/1762/6200
f 1483/2194/6201 1519/2216/6202 2284/1762/6203 2283/1717/6204
f 1581/2217/6205 1580/2218/6206 1582/2219/6207 1583/2220/6208
f 1584/2221/6209 1581/2217/6210 1583/2220/6211 1585/2222/6212
f 1586/2223/6213 1584/2221/6214 1585/2222/6215 1587/2224/6216
f 1588/2225/6217 1586/2223/6218 1587/2224/6219 1589/2226/6220
f 1590/2227/6221 1588/2225/6222 1589/2226/6223 1591/2228/6224
f 1592/2229/6225 1590/2227/6226 1591/2228/6227 1593/2230/6228
f 1594/2231/6229 1592/2232/6230 1593/2233/6231 1595/2234/6232
f 1596/2235/6233 1594/2231/6234 1595/2234/6235 1597/2236/6236
f 1598/2237/6237 1596/2235/6238 1597/2236/6239 1599/2238/6240
f 1600/2239/6241 1598/2237/6242 1599/2238/6243 1601/2240/6244
f 1602/2241/6245 1600/2242/6246 1601/2243/6247 1603/2244/6248
f 1604/2245/6249 1602/2241/6250 1603/2244/6251 1605/2246/6252
f 1606/2247/6253 1604/2245/6254 1605/2246/6255 1607/2248/6256
f 1608/2249/6257 1606/2247/6258 1607/2248/6259 1609/2250/6260
f 1610/2251/6261 1608/2249/6262 1609/2250/6263 1611/2252/6264
f 1612/2253/6265 1610/2251/6266 1611/2252/6267 1613/2254/6268
f 1614/2255/6269 1612/2256/6270 1613/2257/6271 1615/2258/6272
f 1616/2259/6273 1614/2255/6274 1615/2258/6275 1617/2260/6276
f 1618/2261/6277 1616/2259/6278 1617/2260/6279 1619/2262/6280
f 1582/2263/6281 1580/2264/6282 1618/2261/6283 1619/2262/6284
f 1521/2265/6285 1520/2266/6286 1545/2267/6287 1546/2268/6288
f 1522/2269/6289 1521/2265/6290 1546/2268/6291 1547/2270/6292
f 1523/2271/6293 1522/2269/6294 1547/2270/6295 1548/2272/6296
f 1524/2273/6297 1523/2271/6298 1548/2272/6299 1549/2274/6300
f 1525/2275/6301 1524/2273/6302 1549/2274/6303 1550/2276/6304
f 1526/2277/6305 1525/2275/6306 1550/2276/6307 1551/2278/6308
f 1527/2279/6309 1526/2277/6310 1551/2278/6311 1552/2280/6312
f 1528/2281/6313 1527/2279/6314 1552/2280/6315 1553/2282/6316
f 1529/2283/6317 1528/2281/6318 1553/2282/6319 1554/2284/6320
f 1530/2285/6321 1529/2283/6322 1554/2284/6323 1555/2286/6324
f 1531/2287/6325 1530/2285/6326 1555/2286/6327 1556/2288/6328
f 1532/2289/6329 1531/2287/6330 1556/2288/6331 1557/2290/6332
f 1533/2291/6333 1532/2289/6334 1557/2290/6335 1558/2292/6336
f 1534/2293/6337 1533/2291/6338 1558/2292/6339 1559/2294/6340
f 1535/2295/6341 1534/2293/6342 1559/2294/6343 1540/2296/6344
f 1536/2297/6345 1535/2295/6346 1540/2296/6347 1541/2298/6348
f 1537/2299/6349 1536/2297/6350 1541/2298/6351 1542/2300/6352
f 1538/2301/6353 1537/2302/6354 1542/2303/6355 1543/2304/6356
f 1539/2305/6357 1538/2301/6358 1543/2304/6359 1544/2306/6360
f 1520/2266/6361 1539/2305/6362 1544/2306/6363 1545/2267/6364
f 1541/2298/6365 1540/2296/6366 1610/2307/6367 1612/2308/6368
f 1542/2300/6369 1541/2298/6370 1612/2308/6371 1614/2309/6372
f 1543/2304/6373 1542/2303/6374 1614/2310/6375 1616/2311/6376
f 1544/2306/6377 1543/2304/6378 1616/2311/6379 1618/2312/6380
f 1545/2267/6381 1544/2306/6382 1618/2312/6383 1580/2313/6384
f 1546/2268/6385 1545/2267/6386 1580/2313/6387 1581/2314/6388
f 1547/2270/6389 1546/2268/6390 1581/2314/6391 1584/2315/6392
f 1548/2272/6393 1547/2270/6394 1584/2315/6395 1586/2316/6396
f 1549/2274/6397 1548/2272/6398 1586/2316/6399 1588/2317/6400
f 1550/2276/6401 1549/2274/6402 1588/2317/6403 1590/2318/6404
f 1551/2278/6405 1550/2276/6406 1590/2318/6407 1592/2319/6408
f 1552/2280/6409 1551/2278/6410 1592/2319/6411 1594/2320/6412
f 1553/2282/6413 1552/2280/6414 1594/2320/6415 1596/2321/6416
f 1554/2284/6417 1553/2282/6418 1596/2321/6419 1598/2322/6420
f 1555/2286/6421 1554/2284/6422 1598/2322/6423 1600/2323/6424
f 1556/2288/6425 1555/2286/6426 1600/2323/6427 1602/2324/6428
f 1557/2290/6429 1556/2288/6430 1602/2324/6431 1604/2325/6432
f 1558/2292/6433 1557/2290/6434 1604/2325/6435 1606/2326/6436
f 1559/2294/6437 1558/2292/6438 1606/2326/6439 1608/2327/6440
f 1540/2296/6441 1559/2294/6442 1608/2327/6443 1610/2307/6444
f 1522/2269/6445 1561/1806/6446 1560/1805/6447 1521/2265/6448
f 1521/2265/6449 1560/1805/6450 1562/1808/6451 1520/2266/6452
f 1520/2266/6453 1562/1808/6454 1563/1811/6455 1539/2305/6456
f 1539/2305/6457 1563/1811/6458 1564/1813/6459 1538/2301/6460
f 1538/2301/6461 1564/1813/6462 1565/1815/6463 1537/2302/6464
f 1537/2299/6465 1565/1818/6466 1566/1817/6467 1536/2297/6468
f 1536/2297/6469 1566/1817/6470 1567/1821/6471 1535/2295/6472
f 1535/2295/6473 1567/1821/6474 1568/1823/6475 1534/2293/6476
f 1534/2293/6477 1568/1823/6478 1569/1825/6479 1533/2291/6480
f 1533/2291/6481 1569/1825/6482 1570/1827/6483 1532/2289/6484
f 1532/2289/6485 1570/1827/6486 1571/1829/6487 1531/2287/6488
f 1531/2287/6489 1571/1829/6490 1572/1831/6491 1530/2285/6492
f 1530/2285/6493 1572/1831/6494 1573/1833/6495 1529/2283/6496
f 1529/2283/6497 1573/1833/6498 1574/1835/6499 1528/2281/6500
f 1528/2281/6501 1574/1835/6502 1575/1837/6503 1527/2279/6504
f 1527/2279/6505 1575/1837/6506 1576/1839/6507 1526/2277/6508
f 1526/2277/6509 1576/1839/6510 1577/1841/6511 1525/2275/6512
f 1525/2275/6513 1577/1841/6514 1578/1843/6515 1524/2273/6516
f 1524/2273/6517 1578/1843/6518 1579/1845/6519 1523/2271/6520
f 1523/2271/6521 1579/1845/6522 1561/1806/6523 1522/2269/6524
f 1583/2328/6525 1621/2329/6526 1620/2330/6527 1585/2331/6528
f 1582/2332/6529 1622/2333/6530 1621/2329/6531 1583/2328/6532
f 1619/2334/6533 1623/2335/6534 1622/2333/6535 1582/2332/6536
f 1617/2336/6537 1624/2337/6538 1623/2335/6539 1619/2334/6540
f 1615/2338/6541 1625/2339/6542 1624/2337/6543 1617/2336/6544
f 1613/2340/6545 1626/2341/6546 1625/2339/6547 1615/2338/6548
f 1611/2342/6549 1627/2343/6550 1626/2341/6551 1613/2340/6552
f 1609/2344/6553 1628/2345/6554 1627/2343/6555 1611/2342/6556
f 1607/2346/6557 1629/2347/6558 1628/2345/6559 1609/2344/6560
f 1605/2348/6561 1630/2349/6562 1629/2347/6563 1607/2346/6564
f 1603/2350/6565 1631/2351/6566 1630/2349/6567 1605/2348/6568
f 1601/2352/6569 1632/2353/6570 1631/2351/6571 1603/2350/6572
f 1599/2354/6573 1633/2355/6574 1632/2353/6575 1601/2352/6576
f 1597/2356/6577 1634/2357/6578 1633/2355/6579 1599/2354/6580
f 1595/2358/6581 1635/2359/6582 1634/2357/6583 1597/2356/6584
f 1593/2360/6585 1636/2361/6586 1635/2359/6587 1595/2358/6588
f 1591/2362/6589 1637/2363/6590 1636/2361/6591 1593/2360/6592
f 1589/2364/6593 1638/2365/6594 1637/2363/6595 1591/2362/6596
f 1587/2366/6597 1639/2367/6598 1638/2365/6599 1589/2364/6600
f 1585/2331/6601 1620/2330/6602 1639/2367/6603 1587/2366/6604
f 1621/2329/6605 2280/2368/6606 2261/2369/6607 1620/2330/6608
f 2279/2370/6609 2280/2368/6610 1621/2329/6611 1622/2333/6612
f 2278/2371/6613 2279/2370/6614 1622/2333/6615 1623/2335/6616
f 2277/2372/6617 2278/2371/6618 1623/2335/6619 1624/2337/6620
f 2276/2373/6621 2277/2372/6622 1624/2337/6623 1625/2339/6624
f 2275/2374/6625 2276/2373/6626 1625/2339/6627 1626/2341/6628
f 2274/2375/6629 2275/2374/6630 1626/2341/6631 1627/2343/6632
f 2273/2376/6633 2274/2375/6634 1627/2343/6635 1628/2345/6636
f 2272/2377/6637 2273/2376/6638 1628/2345/6639 1629/2347/6640
f 2271/2378/6641 2272/2377/6642 1629/2347/6643 1630/2349/6644
f 2270/2379/6645 2271/2378/6646 1630/2349/6647 1631/2351/6648
f 2269/2380/6649 2270/2379/6650 1631/2351/6651 1632/2353/6652
f 2268/2381/6653 2269/2380/6654 1632/2353/6655 1633/2355/6656
f 2267/2382/6657 2268/2381/6658 1633/2355/6659 1634/2357/6660
f 2266/2383/6661 2267/2382/6662 1634/2357/6663 1635/2359/6664
f 2265/2384/6665 2266/2383/6666 1635/2359/6667 1636/2361/6668
f 2264/2385/6669 2265/2384/6670 1636/2361/6671 1637/2363/6672
f 2263/2386/6673 2264/2385/6674 1637/2363/6675 1638/2365/6676
f 2262/2387/6677 2263/2386/6678 1638/2365/6679 1639/2367/6680
f 2261/2369/6681 2262/2387/6682 1639/2367/6683 1620/2330/6684
f 1661/2388/6685 1660/2389/6686 2261/2369/6687 2280/2368/6688
f 1662/2390/6689 1661/2388/6690 2280/2368/6691 2279/2370/6692
f 1663/2391/6693 1662/2390/6694 2279/2370/6695 2278/2371/6696
f 1664/2392/6697 1663/2391/6698 2278/2371/6699 2277/2372/6700
f 1665/2393/6701 1664/2392/6702 2277/2372/6703 2276/2373/6704
f 1666/2394/6705 1665/2393/6706 2276/2373/6707 2275/2374/6708
f 1667/2395/6709 1666/2394/6710 2275/2374/6711 2274/2375/6712
f 1668/2396/6713 1667/2395/6714 2274/2375/6715 2273/2376/6716
f 1669/2397/6717 1668/2396/6718 2273/2376/6719 2272/2377/6720
f 1670/2398/6721 1669/2397/6722 2272/2377/6723 2271/2378/6724
f 1671/2399/6725 1670/2398/6726 2271/2378/6727 2270/2379/6728
f 1672/2400/6729 1671/2399/6730 2270/2379/6731 2269/2380/6732
f 1673/2401/6733 1672/2400/6734 2269/2380/6735 2268/2381/6736
f 1674/2402/6737 1673/2401/6738 2268/2381/6739 2267/2382/6740
f 1675/2403/6741 1674/2402/6742 2267/2382/6743 2266/2383/6744
f 1676/2404/6745 1675/2403/6746 2266/2383/6747 2265/2384/6748
f 1677/2405/6749 1676/2404/6750 2265/2384/6751 2264/2385/6752
f 1678/2406/6753 1677/2405/6754 2264/2385/6755 2263/2386/6756
f 1679/2407/6757 1678/2406/6758 2263/2386/6759 2262/2387/6760
f 1660/2389/6761 1679/2407/6762 2262/2387/6763 2261/2369/6764
f 1703/2408/6765 1680/2409/6766 1681/2410/6767 1702/2411/6768
f 1702/2411/6769 1681/2410/6770 1682/2412/6771 1701/2413/6772
f 1701/2413/6773 1682/2412/6774 1683/2414/6775 1700/2415/6776
f 1700/2415/6777 1683/2414/6778 1684/2416/6779 1719/2417/6780
f 1719/2418/6781 1684/2419/6782 1685/2420/6783 1718/2421/6784
f 1718/2421/6785 1685/2420/6786 1686/2422/6787 1717/2423/6788
f 1717/2423/6789 1686/2422/6790 1687/2424/6791 1716/2425/6792
f 1716/2425/6793 1687/2424/6794 1688/2426/6795 1715/2427/6796
f 1715/2427/6797 1688/2426/6798 1689/2428/6799 1714/2429/6800
f 1714/2429/6801 1689/2428/6802 1690/2430/6803 1713/2431/6804
f 1713/2431/6805 1690/2430/6806 1691/2432/6807 1712/2433/6808
f 1712/2433/6809 1691/2432/6810 1692/2434/6811 1711/2435/6812
f 1711/2435/6813 1692/2434/6814 1693/2436/6815 1710/2437/6816
f 1710/2437/6817 1693/2436/6818 1694/2438/6819 1709/2439/6820
f 1709/2439/6821 1694/2438/6822 1695/2440/6823 1708/2441/6824
f 1708/2441/6825 1695/2440/6826 1696/2442/6827 1707/2443/6828
f 1707/2443/6829 1696/2442/6830 1697/2444/6831 1706/2445/6832
f 1706/2445/6833 1697/2444/6834 1698/2446/6835 1705/2447/6836
f 1705/2447/6837 1698/2446/6838 1699/2448/6839 1704/2449/6840
f 1704/2449/6841 1699/2448/6842 1680/2409/6843 1703/2408/6844
f 1661/2450/6845 1681/2451/6846 1680/2452/6847 1660/2453/6848
f 1662/2454/6849 1682/2455/6850 1681/2451/6851 1661/2450/6852
f 1663/2456/6853 1683/2457/6854 1682/2455/6855 1662/2454/6856
f 1664/2458/6857 1684/2459/6858 1683/2457/6859 1663/2456/6860
f 1665/2460/6861 1685/2461/6862 1684/2459/6863 1664/2458/6864
f 1666/2462/6865 1686/2463/6866 1685/2461/6867 1665/2460/6868
f 1667/2464/6869 1687/2465/6870 1686/2463/6871 1666/2462/6872
f 1668/2466/6873 1688/2467/6874 1687/2465/6875 1667/2464/6876
f 1669/2468/6877 1689/2469/6878 1688/2467/6879 1668/2466/6880
f 1670/2470/6881 1690/2471/6882 1689/2469/6883 1669/2468/6884
f 1671/2472/6885 1691/2473/6886 1690/2471/6887 1670/2470/6888
f 1672/2474/6889 1692/2475/6890 1691/2473/6891 1671/2472/6892
f 1673/2476/6893 1693/2477/6894 1692/2475/6895 1672/2474/6896
f 1674/2478/6897 1694/2479/6898 1693/2477/6899 1673/2476/6900
f 1675/2480/6901 1695/2481/6902 1694/2479/6903 1674/2478/6904
f 1676/2482/6905 1696/2483/6906 1695/2481/6907 1675/2480/6908
f 1677/2484/6909 1697/2485/6910 1696/2483/6911 1676/2482/6912
f 1678/2486/6913 1698/2487/6914 1697/2485/6915 1677/2484/6916
f 1679/2488/6917 1699/2489/6918 1698/2487/6919 1678/2486/6920
f 1660/2453/6921 1680/2452/6922 1699/2489/6923 1679/2488/6924
f 1702/2411/6925 1721/2490/6926 1720/2491/6927 1703/2408/6928
f 1701/2413/6929 1722/2492/6930 1721/2490/6931 1702/2411/6932
f 1700/2415/6933 1723/2493/6934 1722/2492/6935 1701/2413/6936
f 1719/2417/6937 1724/2494/6938 1723/2493/6939 1700/2415/6940
f 1718/2421/6941 1725/2495/6942 1724/2496/6943 1719/2418/6944
f 1717/2423/6945 1726/2497/6946 1725/2495/6947 1718/2421/6948
f 1716/2425/6949 1727/2498/6950 1726/2497/6951 1717/2423/6952
f 1715/2427/6953 1728/2499/6954 1727/2498/6955 1716/2425/6956
f 1714/2429/6957 1729/2500/6958 1728/2499/6959 1715/2427/6960
f 1713/2431/6961 1730/2501/6962 1729/2500/6963 1714/2429/6964
f 1712/2433/6965 1731/2502/6966 1730/2501/6967 1713/2431/6968
f 1711/2435/6969 1732/2503/6970 1731/2502/6971 1712/2433/6972
f 1710/2437/6973 1733/2504/6974 1732/2503/6975 1711/2435/6976
f 1709/2439/6977 1734/2505/6978 1733/2504/6979 1710/2437/6980
f 1708/2441/6981 1735/2506/6982 1734/2505/6983 1709/2439/6984
f 1707/2443/6985 1736/2507/6986 1735/2506/6987 1708/2441/6988
f 1706/2445/6989 1737/2508/6990 1736/2507/6991 1707/2443/6992
f 1705/2447/6993 1738/2509/6994 1737/2508/6995 1706/2445/6996
f 1704/2449/6997 1739/2510/6998 1738/2509/6999 1705/2447/7000
f 1703/2408/7001 1720/2491/7002 1739/2510/7003 1704/2449/7004
f 1720/2491/7005 1721/2490/7006 1741/2511/7007 1740/2512/7008
f 1721/2490/7009 1722/2492/7010 1742/2513/7011 1741/2511/7012
f 1742/2513/7013 1722/2492/7014 1723/2493/7015 1743/2514/7016
f 1723/2493/7017 1724/2494/7018 1744/2515/7019 1743/2514/7020
f 1724/2496/7021 1725/2495/7022 1745/2516/7023 1744/2517/7024
f 1725/2495/7025 1726/2497/7026 1746/2518/7027 1745/2516/7028
f 1726/2497/7029 1727/2498/7030 1747/2519/7031 1746/2518/7032
f 1727/2498/7033 1728/2499/7034 1748/2520/7035 1747/2519/7036
f 1728/2499/7037 1729/2500/7038 1749/2521/7039 1748/2520/7040
f 1729/2500/7041 1730/2501/7042 1750/2522/7043 1749/2521/7044
f 1730/2501/7045 1731/2502/7046 1751/2523/7047 1750/2522/7048
f 1731/2502/7049 1732/2503/7050 1752/2524/7051 1751/2523/7052
f 1732/2503/7053 1733/2504/7054 1753/2525/7055 1752/2524/7056
f 1733/2504/7057 1734/2505/7058 1754/2526/7059 1753/2525/7060
f 1734/2505/7061 1735/2506/7062 1755/2527/7063 1754/2526/7064
f 1735/2506/7065 1736/2507/7066 1756/2528/7067 1755/2527/7068
f 1736/2507/7069 1737/2508/7070 1757/2529/7071 1756/2528/7072
f 1737/2508/7073 1738/2509/7074 1758/2530/7075 1757/2529/7076
f 1738/2509/7077 1739/2510/7078 1759/2531/7079 1758/2530/7080
f 1739/2510/7081 1720/2491/7082 1740/2512/7083 1759/2531/7084
f 1863/2532/7085 1864/2533/7086 1740/2512/7087 1741/2511/7088
f 1742/2513/7089 1862/2534/7090 1863/2532/7091 1741/2511/7092
f 1861/2535/7093 1862/2534/7094 1742/2513/7095 1743/2514/7096
f 1860/2536/7097 1861/2535/7098 1743/2514/7099 1744/2515/7100
f 1879/2537/7101 1860/2538/7102 1744/2517/7103 1745/2516/7104
f 1878/2539/7105 1879/2537/7106 1745/2516/7107 1746/2518/7108
f 1877/2540/7109 1878/2539/7110 1746/2518/7111 1747/2519/7112
f 1876/2541/7113 1877/2540/7114 1747/2519/7115 1748/2520/7116
f 1875/2542/7117 1876/2541/7118 1748/2520/7119 1749/2521/7120
f 1874/2543/7121 1875/2542/7122 1749/2521/7123 1750/2522/7124
f 1873/2544/7125 1874/2543/7126 1750/2522/7127 1751/2523/7128
f 1872/2545/7129 1873/2544/7130 1751/2523/7131 1752/2524/7132
f 1871/2546/7133 1872/2545/7134 1752/2524/7135 1753/2525/7136
f 1870/2547/7137 1871/2546/7138 1753/2525/7139 1754/2526/7140
f 1869/2548/7141 1870/2547/7142 1754/2526/7143 1755/2527/7144
f 1868/2549/7145 1869/2548/7146 1755/2527/7147 1756/2528/7148
f 1867/2550/7149 1868/2549/7150 1756/2528/7151 1757/2529/7152
f 1866/2551/7153 1867/2550/7154 1757/2529/7155 1758/2530/7156
f 1865/2552/7157 1866/2551/7158 1758/2530/7159 1759/2531/7160
f 1864/2533/7161 1865/2552/7162 1759/2531/7163 1740/2512/7164
f 1760/2553/7165 1761/2554/7166 1841/2555/7167 1842/2556/7168
f 1761/2554/7169 1762/2557/7170 1840/2558/7171 1841/2555/7172
f 1762/2557/7173 1763/2559/7174 1859/2560/7175 1840/2558/7176
f 1763/2559/7177 1764/2561/7178 1858/2562/7179 1859/2560/7180
f 1764/2561/7181 1765/2563/7182 1857/2564/7183 1858/2562/7184
f 1765/2565/7185 1766/2566/7186 1856/2567/7187 1857/2568/7188
f 1766/2566/7189 1767/2569/7190 1855/2570/7191 1856/2567/7192
f 1767/2569/7193 1768/2571/7194 1854/2572/7195 1855/2570/7196
f 1768/2571/7197 1769/2573/7198 1853/2574/7199 1854/2572/7200
f 1769/2573/7201 1770/2575/7202 1852/2576/7203 1853/2574/7204
f 1770/2575/7205 1771/2577/7206 1851/2578/7207 1852/2576/7208
f 1771/2577/7209 1772/2579/7210 1850/2580/7211 1851/2578/7212
f 1772/2579/7213 1773/2581/7214 1849/2582/7215 1850/2580/7216
f 1773/2581/7217 1774/2583/7218 1848/2584/7219 1849/2582/7220
f 1774/2583/7221 1775/2585/7222 1847/2586/7223 1848/2584/7224
f 1775/2585/7225 1776/2587/7226 1846/2588/7227 1847/2586/7228
f 1776/2587/7229 1777/2589/7230 1845/2590/7231 1846/2588/7232
f 1777/2589/7233 1778/2591/7234 1844/2592/7235 1845/2590/7236
f 1778/2591/7237 1779/2593/7238 1843/2594/7239 1844/2592/7240
f 1779/2593/7241 1760/2553/7242 1842/2556/7243 1843/2594/7244
f 1780/2595/7245 1781/2596/7246 1802/2597/7247 1803/2598/7248
f 1781/2596/7249 1782/2599/7250 1801/2600/7251 1802/2597/7252
f 1782/2599/7253 1783/2601/7254 1800/2602/7255 1801/2600/7256
f 1783/2601/7257 1784/2603/7258 1819/2604/7259 1800/2602/7260
f 1784/2603/7261 1785/2605/7262 1818/2606/7263 1819/2604/7264
f 1785/2607/7265 1786/2608/7266 1817/2609/7267 1818/2610/7268
f 1786/2608/7269 1787/2611/7270 1816/2612/7271 1817/2609/7272
f 1787/2611/7273 1788/2613/7274 1815/2614/7275 1816/2612/7276
f 1788/2613/7277 1789/2615/7278 1814/2616/7279 1815/2614/7280
f 1789/2615/7281 1790/2617/7282 1813/2618/7283 1814/2616/7284
f 1790/2617/7285 1791/2619/7286 1812/2620/7287 1813/2618/7288
f 1791/2619/7289 1792/2621/7290 1811/2622/7291 1812/2620/7292
f 1792/2621/7293 1793/2623/7294 1810/2624/7295 1811/2622/7296
f 1793/2623/7297 1794/2625/7298 1809/2626/7299 1810/2624/7300
f 1794/2625/7301 1795/2627/7302 1808/2628/7303 1809/2626/7304
f 1795/2627/7305 1796/2629/7306 1807/2630/7307 1808/2628/7308
f 1796/2629/7309 1797/2631/7310 1806/2632/7311 1807/2630/7312
f 1797/2631/7313 1798/2633/7314 1805/2634/7315 1806/2632/7316
f 1798/2633/7317 1799/2635/7318 1804/2636/7319 1805/2634/7320
f 1799/2635/7321 1780/2595/7322 1803/2598/7323 1804/2636/7324
f 1821/2637/7325 1820/2638/7326 1763/2559/7327 1762/2557/7328
f 1822/2639/7329 1821/2637/7330 1762/2557/7331 1761/2554/7332
f 1823/2640/7333 1822/2639/7334 1761/2554/7335 1760/2553/7336
f 1824/2641/7337 1823/2640/7338 1760/2553/7339 1779/2593/7340
f 1825/2642/7341 1824/2641/7342 1779/2593/7343 1778/2591/7344
f 1826/2643/7345 1825/2642/7346 1778/2591/7347 1777/2589/7348
f 1827/2644/7349 1826/2643/7350 1777/2589/7351 1776/2587/7352
f 1828/2645/7353 1827/2644/7354 1776/2587/7355 1775/2585/7356
f 1829/2646/7357 1828/2645/7358 1775/2585/7359 1774/2583/7360
f 1830/2647/7361 1829/2646/7362 1774/2583/7363 1773/2581/7364
f 1831/2648/7365 1830/2647/7366 1773/2581/7367 1772/2579/7368
f 1832/2649/7369 1831/2648/7370 1772/2579/7371 1771/2577/7372
f 1833/2650/7373 1832/2649/7374 1771/2577/7375 1770/2575/7376
f 1834/2651/7377 1833/2650/7378 1770/2575/7379 1769/2573/7380
f 1835/2652/7381 1834/2651/7382 1769/2573/7383 1768/2571/7384
f 1836/2653/7385 1835/2652/7386 1768/2571/7387 1767/2569/7388
f 1837/2654/7389 1836/2653/7390 1767/2569/7391 1766/2566/7392
f 1838/2655/7393 1837/2654/7394 1766/2566/7395 1765/2565/7396
f 1839/2656/7397 1838/2657/7398 1765/2563/7399 1764/2561/7400
f 1820/2638/7401 1839/2656/7402 1764/2561/7403 1763/2559/7404
f 1841/2555/7405 1840/2558/7406 1782/2599/7407 1781/2596/7408
f 1842/2556/7409 1841/2555/7410 1781/2596/7411 1780/2595/7412
f 1843/2594/7413 1842/2556/7414 1780/2595/7415 1799/2635/7416
f 1844/2592/7417 1843/2594/7418 1799/2635/7419 1798/2633/7420
f 1845/2590/7421 1844/2592/7422 1798/2633/7423 1797/2631/7424
f 1846/2588/7425 1845/2590/7426 1797/2631/7427 1796/2629/7428
f 1847/2586/7429 1846/2588/7430 1796/2629/7431 1795/2627/7432
f 1848/2584/7433 1847/2586/7434 1795/2627/7435 1794/2625/7436
f 1849/2582/7437 1848/2584/7438 1794/2625/7439 1793/2623/7440
f 1850/2580/7441 1849/2582/7442 1793/2623/7443 1792/2621/7444
f 1851/2578/7445 1850/2580/7446 1792/2621/7447 1791/2619/7448
f 1852/2576/7449 1851/2578/7450 1791/2619/7451 1790/2617/7452
f 1853/2574/7453 1852/2576/7454 1790/2617/7455 1789/2615/7456
f 1854/2572/7457 1853/2574/7458 1789/2615/7459 1788/2613/7460
f 1855/2570/7461 1854/2572/7462 1788/2613/7463 1787/2611/7464
f 1856/2567/7465 1855/2570/7466 1787/2611/7467 1786/2608/7468
f 1857/2568/7469 1856/2567/7470 1786/2608/7471 1785/2607/7472
f 1858/2562/7473 1857/2564/7474 1785/2605/7475 1784/2603/7476
f 1859/2560/7477 1858/2562/7478 1784/2603/7479 1783/2601/7480
f 1840/2558/7481 1859/2560/7482 1783/2601/7483 1782/2599/7484
f 1861/2658/7485 1860/2659/7486 1839/2660/7487 1820/2661/7488
f 1862/2662/7489 1861/2658/7490 1820/2661/7491 1821/2663/7492
f 1863/2664/7493 1862/2662/7494 1821/2663/7495 1822/2665/7496
f 1864/2666/7497 1863/2664/7498 1822/2665/7499 1823/2667/7500
f 1865/2668/7501 1864/2666/7502 1823/2667/7503 1824/2669/7504
f 1866/2670/7505 1865/2668/7506 1824/2669/7507 1825/2671/7508
f 1867/2672/7509 1866/2670/7510 1825/2671/7511 1826/2673/7512
f 1868/2674/7513 1867/2672/7514 1826/2673/7515 1827/2675/7516
f 1869/2676/7517 1868/2674/7518 1827/2675/7519 1828/2677/7520
f 1870/2678/7521 1869/2676/7522 1828/2677/7523 1829/2679/7524
f 1871/2680/7525 1870/2678/7526 1829/2679/7527 1830/2681/7528
f 1872/2682/7529 1871/2680/7530 1830/2681/7531 1831/2683/7532
f 1873/2684/7533 1872/2682/7534 1831/2683/7535 1832/2685/7536
f 1874/2686/7537 1873/2684/7538 1832/2685/7539 1833/2687/7540
f 1875/2688/7541 1874/2686/7542 1833/2687/7543 1834/2689/7544
f 1876/2690/7545 1875/2688/7546 1834/2689/7547 1835/2691/7548
f 1877/2692/7549 1876/2690/7550 1835/2691/7551 1836/2693/7552
f 1878/2694/7553 1877/2692/7554 1836/2693/7555 1837/2695/7556
f 1879/2696/7557 1878/2694/7558 1837/2695/7559 1838/2697/7560
f 1860/2659/7561 1879/2696/7562 1838/2697/7563 1839/2660/7564
f 1802/2698/7565 1881/2699/7566 1880/2700/7567 1803/2701/7568
f 1801/2702/7569 1882/2703/7570 1881/2699/7571 1802/2698/7572
f 1800/2704/7573 1883/2705/7574 1882/2703/7575 1801/2702/7576
f 1819/2706/7577 1884/2707/7578 1883/2705/7579 1800/2704/7580
f 1818/2708/7581 1885/2709/7582 1884/2707/7583 1819/2706/7584
f 1817/2710/7585 1886/2711/7586 1885/2709/7587 1818/2708/7588
f 1816/2712/7589 1887/2713/7590 1886/2711/7591 1817/2710/7592
f 1815/2714/7593 1888/2715/7594 1887/2713/7595 1816/2712/7596
f 1814/2716/7597 1889/2717/7598 1888/2715/7599 1815/2714/7600
f 1813/2718/7601 1890/2719/7602 1889/2717/7603 1814/2716/7604
f 1812/2720/7605 1891/2721/7606 1890/2719/7607 1813/2718/7608
f 1811/2722/7609 1892/2723/7610 1891/2721/7611 1812/2720/7612
f 1810/2724/7613 1893/2725/7614 1892/2723/7615 1811/2722/7616
f 1809/2726/7617 1894/2727/7618 1893/2725/7619 1810/2724/7620
f 1808/2728/7621 1895/2729/7622 1894/2727/7623 1809/2726/7624
f 1807/2730/7625 1896/2731/7626 1895/2729/7627 1808/2728/7628
f 1806/2732/7629 1897/2733/7630 1896/2731/7631 1807/2730/7632
f 1805/2734/7633 1898/2735/7634 1897/2733/7635 1806/2732/7636
f 1804/2736/7637 1899/2737/7638 1898/2735/7639 1805/2734/7640
f 1803/2701/7641 1880/2700/7642 1899/2737/7643 1804/2736/7644
f 1880/2738/7645 1881/2739/7646 1901/2740/7647 1900/2741/7648
f 1881/2739/7649 1882/2742/7650 1902/2743/7651 1901/2740/7652
f 1902/2743/7653 1882/2742/7654 1883/2744/7655 1903/2745/7656
f 1883/2744/7657 1884/2746/7658 1904/2747/7659 1903/2745/7660
f 1884/2746/7661 1885/2748/7662 1905/2749/7663 1904/2747/7664
f 1885/2750/7665 1886/2751/7666 1906/2752/7667 1905/2753/7668
f 1886/2751/7669 1887/2754/7670 1907/2755/7671 1906/2752/7672
f 1887/2754/7673 1888/2756/7674 1908/2757/7675 1907/2755/7676
f 1888/2756/7677 1889/2758/7678 1909/2759/7679 1908/2757/7680
f 1889/2758/7681 1890/2760/7682 1910/2761/7683 1909/2759/7684
f 1890/2760/7685 1891/2762/7686 1911/2763/7687 1910/2761/7688
f 1891/2762/7689 1892/2764/7690 1912/2765/7691 1911/2763/7692
f 1892/2764/7693 1893/2766/7694 1913/2767/7695 1912/2765/7696
f 1893/2766/7697 1894/2768/7698 1914/2769/7699 1913/2767/7700
f 1894/2768/7701 1895/2770/7702 1915/2771/7703 1914/2769/7704
f 1895/2770/7705 1896/2772/7706 1916/2773/7707 1915/2771/7708
f 1896/2772/7709 1897/2774/7710 1917/2775/7711 1916/2773/7712
f 1897/2774/7713 1898/2776/7714 1918/2777/7715 1917/2775/7716
f 1898/2776/7717 1899/2778/7718 1919/2779/7719 1918/2777/7720
f 1899/2778/7721 1880/2738/7722 1900/2741/7723 1919/2779/7724
f 1900/2741/7725 1901/2740/7726 1941/2780/7727 1942/2781/7728
f 1901/2740/7729 1902/2743/7730 1940/2782/7731 1941/2780/7732
f 1940/2782/7733 1902/2743/7734 1903/2745/7735 1959/2783/7736
f 1903/2745/7737 1904/2747/7738 1958/2784/7739 1959/2783/7740
f 1904/2747/7741 1905/2749/7742 1957/2785/7743 1958/2784/7744
f 1905/2753/7745 1906/2752/7746 1956/2786/7747 1957/2787/7748
f 1906/2752/7749 1907/2755/7750 1955/2788/7751 1956/2786/7752
f 1907/2755/7753 1908/2757/7754 1954/2789/7755 1955/2788/7756
f 1908/2757/7757 1909/2759/7758 1953/2790/7759 1954/2789/7760
f 1909/2759/7761 1910/2761/7762 1952/2791/7763 1953/2790/7764
f 1910/2761/7765 1911/2763/7766 1951/2792/7767 1952/2791/7768
f 1911/2763/7769 1912/2765/7770 1950/2793/7771 1951/2792/7772
f 1912/2765/7773 1913/2767/7774 1949/2794/7775 1950/2793/7776
f 1913/2767/7777 1914/2769/7778 1948/2795/7779 1949/2794/7780
f 1914/2769/7781 1915/2771/7782 1947/2796/7783 1948/2795/7784
f 1915/2771/7785 1916/2773/7786 1946/2797/7787 1947/2796/7788
f 1916/2773/7789 1917/2775/7790 1945/2798/7791 1946/2797/7792
f 1917/2775/7793 1918/2777/7794 1944/2799/7795 1945/2798/7796
f 1918/2777/7797 1919/2779/7798 1943/2800/7799 1944/2799/7800
f 1919/2779/7801 1900/2741/7802 1942/2781/7803 1943/2800/7804
f 1921/2801/7805 1922/2802/7806 1942/2781/7807 1941/2780/7808
f 1920/2803/7809 1921/2801/7810 1941/2780/7811 1940/2782/7812
f 1939/2804/7813 1920/2803/7814 1940/2782/7815 1959/2783/7816
f 1938/2805/7817 1939/2804/7818 1959/2783/7819 1958/2784/7820
f 1937/2806/7821 1938/2805/7822 1958/2784/7823 1957/2785/7824
f 1936/2807/7825 1937/2808/7826 1957/2787/7827 1956/2786/7828
f 1935/2809/7829 1936/2807/7830 1956/2786/7831 1955/2788/7832
f 1934/2810/7833 1935/2809/7834 1955/2788/7835 1954/2789/7836
f 1933/2811/7837 1934/2810/7838 1954/2789/7839 1953/2790/7840
f 1932/2812/7841 1933/2811/7842 1953/2790/7843 1952/2791/7844
f 1931/2813/7845 1932/2812/7846 1952/2791/7847 1951/2792/7848
f 1930/2814/7849 1931/2813/7850 1951/2792/7851 1950/2793/7852
f 1929/2815/7853 1930/2814/7854 1950/2793/7855 1949/2794/7856
f 1928/2816/7857 1929/2815/7858 1949/2794/7859 1948/2795/7860
f 1927/2817/7861 1928/2816/7862 1948/2795/7863 1947/2796/7864
f 1926/2818/7865 1927/2817/7866 1947/2796/7867 1946/2797/7868
f 1925/2819/7869 1926/2818/7870 1946/2797/7871 1945/2798/7872
f 1924/2820/7873 1925/2819/7874 1945/2798/7875 1944/2799/7876
f 1923/2821/7877 1924/2820/7878 1944/2799/7879 1943/2800/7880
f 1922/2802/7881 1923/2821/7882 1943/2800/7883 1942/2781/7884
f 1921/2801/7885 1961/2822/7886 1960/2823/7887 1922/2802/7888
f 1920/2803/7889 1962/2824/7890 1961/2822/7891 1921/2801/7892
f 1939/2804/7893 1963/2825/7894 1962/2824/7895 1920/2803/7896
f 1938/2805/7897 1964/2826/7898 1963/2825/7899 1939/2804/7900
f 1937/2806/7901 1965/2827/7902 1964/2826/7903 1938/2805/7904
f 1936/2807/7905 1966/2828/7906 1965/2829/7907 1937/2808/7908
f 1935/2809/7909 1967/2830/7910 1966/2828/7911 1936/2807/7912
f 1934/2810/7913 1968/2831/7914 1967/2830/7915 1935/2809/7916
f 1933/2811/7917 1969/2832/7918 1968/2831/7919 1934/2810/7920
f 1932/2812/7921 1970/2833/7922 1969/2832/7923 1933/2811/7924
f 1931/2813/7925 1971/2834/7926 1970/2833/7927 1932/2812/7928
f 1930/2814/7929 1972/2835/7930 1971/2834/7931 1931/2813/7932
f 1929/2815/7933 1973/2836/7934 1972/2835/7935 1930/2814/7936
f 1928/2816/7937 1974/2837/7938 1973/2836/7939 1929/2815/7940
f 1927/2817/7941 1975/2838/7942 1974/2837/7943 1928/2816/7944
f 1926/2818/7945 1976/2839/7946 1975/2838/7947 1927/2817/7948
f 1925/2819/7949 1977/2840/7950 1976/2839/7951 1926/2818/7952
f 1924/2820/7953 1978/2841/7954 1977/2840/7955 1925/2819/7956
f 1923/2821/7957 1979/2842/7958 1978/2841/7959 1924/2820/7960
f 1922/2802/7961 1960/2823/7962 1979/2842/7963 1923/2821/7964
f 1960/2823/7965 1961/2822/7966 1981/2843/7967 1980/2844/7968
f 1961/2822/7969 1962/2824/7970 1982/2845/7971 1981/2843/7972
f 1962/2824/7973 1963/2825/7974 1983/2846/7975 1982/2845/7976
f 1983/2846/7977 1963/2825/7978 1964/2826/7979 1984/2847/7980
f 1964/2826/7981 1965/2827/7982 1985/2848/7983 1984/2847/7984
f 1965/2829/7985 1966/2828/7986 1986/2849/7987 1985/2850/7988
f 1966/2828/7989 1967/2830/7990 1987/2851/7991 1986/2849/7992
f 1967/2830/7993 1968/2831/7994 1988/2852/7995 1987/2851/7996
f 1968/2831/7997 1969/2832/7998 1989/2853/7999 1988/2852/8000
f 1969/2832/8001 1970/2833/8002 1990/2854/8003 1989/2853/8004
f 1970/2833/8005 1971/2834/8006 1991/2855/8007 1990/2854/8008
f 1971/2834/8009 1972/2835/8010 1992/2856/8011 1991/2855/8012
f 1972/2835/8013 1973/2836/8014 1993/2857/8015 1992/2856/8016
f 1973/2836/8017 1974/2837/8018 1994/2858/8019 1993/2857/8020
f 1974/2837/8021 1975/2838/8022 1995/2859/8023 1994/2858/8024
f 1975/2838/8025 1976/2839/8026 1996/2860/8027 1995/2859/8028
f 1976/2839/8029 1977/2840/8030 1997/2861/8031 1996/2860/8032
f 1977/2840/8033 1978/2841/8034 1998/2862/8035 1997/2861/8036
f 1978/2841/8037 1979/2842/8038 1999/2863/8039 1998/2862/8040
f 1979/2842/8041 1960/2823/8042 1980/2844/8043 1999/2863/8044
f 1980/2864/8045 1981/2865/8046 2001/2866/8047 2000/2867/8048
f 1981/2865/8049 1982/2868/8050 2002/2869/8051 2001/2866/8052
f 1982/2868/8053 1983/2870/8054 2003/2871/8055 2002/2869/8056
f 1983/2870/8057 1984/2872/8058 2004/2873/8059 2003/2871/8060
f 1984/2872/8061 1985/2874/8062 2005/2875/8063 2004/2873/8064
f 1985/2874/8065 1986/2876/8066 2006/2877/8067 2005/2875/8068
f 1986/2876/8069 1987/2878/8070 2007/2879/8071 2006/2877/8072
f 1987/2878/8073 1988/2880/8074 2008/2881/8075 2007/2879/8076
f 1988/2880/8077 1989/2882/8078 2009/2883/8079 2008/2881/8080
f 1989/2882/8081 1990/2884/8082 2010/2885/8083 2009/2883/8084
f 1990/2884/8085 1991/2886/8086 2011/2887/8087 2010/2885/8088
f 1991/2886/8089 1992/2888/8090 2012/2889/8091 2011/2887/8092
f 1992/2888/8093 1993/2890/8094 2013/2891/8095 2012/2889/8096
f 1993/2890/8097 1994/2892/8098 2014/2893/8099 2013/2891/8100
f 1994/2892/8101 1995/2894/8102 2015/2895/8103 2014/2893/8104
f 1995/2894/8105 1996/2896/8106 2016/2897/8107 2015/2895/8108
f 1996/2896/8109 1997/2898/8110 2017/2899/8111 2016/2897/8112
f 1997/2898/8113 1998/2900/8114 2018/2901/8115 2017/2899/8116
f 1998/2900/8117 1999/2902/8118 2019/2903/8119 2018/2901/8120
f 1999/2902/8121 1980/2864/8122 2000/2867/8123 2019/2903/8124
f 2001/2866/8125 2021/2904/8126 2020/2905/8127 2000/2867/8128
f 2002/2869/8129 2022/2906/8130 2021/2904/8131 2001/2866/8132
f 2003/2871/8133 2023/2907/8134 2022/2906/8135 2002/2869/8136
f 2004/2873/8137 2024/2908/8138 2023/2907/8139 2003/2871/8140
f 2005/2875/8141 2025/2909/8142 2024/2908/8143 2004/2873/8144
f 2006/2877/8145 2026/2910/8146 2025/2909/8147 2005/2875/8148
f 2007/2879/8149 2027/2911/8150 2026/2910/8151 2006/2877/8152
f 2008/2881/8153 2028/2912/8154 2027/2911/8155 2007/2879/8156
f 2009/2883/8157 2029/2913/8158 2028/2912/8159 2008/2881/8160
f 2010/2885/8161 2030/2914/8162 2029/2913/8163 2009/2883/8164
f 2011/2887/8165 2031/2915/8166 2030/2914/8167 2010/2885/8168
f 2012/2889/8169 2032/2916/8170 2031/2915/8171 2011/2887/8172
f 2013/2891/8173 2033/2917/8174 2032/2916/8175 2012/2889/8176
f 2014/2893/8177 2034/2918/8178 2033/2917/8179 2013/2891/8180
f 2015/2895/8181 2035/2919/8182 2034/2918/8183 2014/2893/8184
f 2016/2897/8185 2036/2920/8186 2035/2919/8187 2015/2895/8188
f 2017/2899/8189 2037/2921/8190 2036/2920/8191 2016/2897/8192
f 2018/2901/8193 2038/2922/8194 2037/2921/8195 2017/2899/8196
f 2019/2903/8197 2039/2923/8198 2038/2922/8199 2018/2901/8200
f 2000/2867/8201 2020/2905/8202 2039/2923/8203 2019/2903/8204
f 2020/2905/8205 2021/2904/8206 2041/2924/8207 2040/2925/8208
f 2041/2924/8209 2021/2904/8210 2022/2906/8211
f 2022/2906/8212 2023/2907/8213 2042/2926/8214 2041/2924/8215
f 2023/2907/8216 2024/2908/8217 2042/2926/8218
f 2024/2908/8219 2025/2909/8220 2043/2927/8221 2042/2926/8222
f 2025/2909/8223 2026/2910/8224 2043/2927/8225
f 2026/2910/8226 2027/2911/8227 2044/2928/8228 2043/2927/8229
f 2027/2911/8230 2028/2912/8231 2044/2928/8232
f 2028/2912/8233 2029/2913/8234 2045/2929/8235 2044/2928/8236
f 2029/2913/8237 2030/2914/8238 2045/2929/8239
f 2030/2914/8240 2031/2915/8241 2046/2930/8242 2045/2929/8243
f 2031/2915/8244 2032/2916/8245 2046/2930/8246
f 2032/2916/8247 2033/2917/8248 2047/2931/8249 2046/2930/8250
f 2033/2917/8251 2034/2918/8252 2047/2931/8253
f 2034/2918/8254 2035/2919/8255 2048/2932/8256 2047/2931/8257
f 2035/2919/8258 2036/2920/8259 2048/2932/8260
f 2036/2920/8261 2037/2921/8262 2049/2933/8263 2048/2932/8264
f 2037/2921/8265 2038/2922/8266 2049/2933/8267
f 2038/2922/8268 2039/2923/8269 2040/2925/8270 2049/2933/8271
f 2039/2923/8272 2020/2905/8273 2040/2925/8274
f 2201/2934/8275 2202/2935/8276 2051/2936/8277 2050/2937/8278
f 2202/2935/8279 2203/2938/8280 2052/2939/8281 2051/2936/8282
f 2203/2938/8283 2204/2940/8284 2053/2941/8285 2052/2939/8286
f 2204/2940/8287 2205/2942/8288 2054/2943/8289 2053/2941/8290
f 2205/2942/8291 2206/2944/8292 2055/2945/8293 2054/2943/8294
f 2206/2944/8295 2207/2946/8296 2056/2947/8297 2055/2945/8298
f 2207/2946/8299 2208/2948/8300 2057/2949/8301 2056/2947/8302
f 2208/2950/8303 2209/2951/8304 2058/2952/8305 2057/2953/8306
f 2209/2951/8307 2210/2954/8308 2059/2955/8309 2058/2952/8310
f 2210/2954/8311 2201/2934/8312 2050/2937/8313 2059/2955/8314
f 2191/2956/8315 2192/2957/8316 2119/2958/8317 2110/2959/8318
f 2192/2957/8319 2193/2960/8320 2118/2961/8321 2119/2958/8322
f 2193/2960/8323 2194/2962/8324 2117/2963/8325 2118/2961/8326
f 2194/2962/8327 2195/2964/8328 2116/2965/8329 2117/2963/8330
f 2195/2964/8331 2196/2966/8332 2115/2967/8333 2116/2965/8334
f 2196/2966/8335 2197/2968/8336 2114/2969/8337 2115/2967/8338
f 2197/2968/8339 2198/2970/8340 2113/2971/8341 2114/2969/8342
f 2198/2972/8343 2199/2973/8344 2112/2974/8345 2113/2975/8346
f 2199/2973/8347 2200/2976/8348 2111/2977/8349 2112/2974/8350
f 2200/2976/8351 2191/2956/8352 2110/2959/8353 2111/2977/8354
f 2231/2978/8355 2232/2979/8356 2071/2980/8357 2070/2981/8358
f 2232/2979/8359 2233/2982/8360 2072/2983/8361 2071/2980/8362
f 2233/2982/8363 2234/2984/8364 2073/2985/8365 2072/2983/8366
f 2234/2984/8367 2235/2986/8368 2074/2987/8369 2073/2985/8370
f 2235/2986/8371 2236/2988/8372 2075/2989/8373 2074/2987/8374
f 2236/2988/8375 2237/2990/8376 2076/2991/8377 2075/2989/8378
f 2237/2990/8379 2238/2992/8380 2077/2993/8381 2076/2991/8382
f 2238/2994/8383 2239/2995/8384 2078/2996/8385 2077/2997/8386
f 2239/2995/8387 2240/2998/8388 2079/2999/8389 2078/2996/8390
f 2240/2998/8391 2231/2978/8392 2070/2981/8393 2079/2999/8394
f 2241/3000/8395 2242/3001/8396 2099/3002/8397 2090/3003/8398
f 2242/3001/8399 2243/3004/8400 2098/3005/8401 2099/3002/8402
f 2243/3004/8403 2244/3006/8404 2097/3007/8405 2098/3005/8406
f 2244/3006/8407 2245/3008/8408 2096/3009/8409 2097/3007/8410
f 2245/3008/8411 2246/3010/8412 2095/3011/8413 2096/3009/8414
f 2246/3010/8415 2247/3012/8416 2094/3013/8417 2095/3011/8418
f 2247/3012/8419 2248/3014/8420 2093/3015/8421 2094/3013/8422
f 2248/3016/8423 2249/3017/8424 2092/3018/8425 2093/3019/8426
f 2249/3017/8427 2250/3020/8428 2091/3021/8429 2092/3018/8430
f 2250/3020/8431 2241/3000/8432 2090/3003/8433 2091/3021/8434
f 2251/3022/8435 2252/3023/8436 2080/3024/8437 2089/3025/8438
f 2260/3026/8439 2251/3022/8440 2089/3025/8441 2088/3027/8442
f 2259/3028/8443 2260/3026/8444 2088/3027/8445 2087/3029/8446
f 2258/3030/8447 2259/3031/8448 2087/3032/8449 2086/3033/8450
f 2257/3034/8451 2258/3030/8452 2086/3033/8453 2085/3035/8454
f 2256/3036/8455 2257/3034/8456 2085/3035/8457 2084/3037/8458
f 2255/3038/8459 2256/3036/8460 2084/3037/8461 2083/3039/8462
f 2254/3040/8463 2255/3038/8464 2083/3039/8465 2082/3041/8466
f 2253/3042/8467 2254/3040/8468 2082/3041/8469 2081/3043/8470
f 2252/3023/8471 2253/3042/8472 2081/3043/8473 2080/3024/8474
f 2101/3044/8475 2100/3045/8476 2221/3046/8477 2222/3047/8478
f 2102/3048/8479 2101/3044/8480 2222/3047/8481 2223/3049/8482
f 2103/3050/8483 2102/3048/8484 2223/3049/8485 2224/3051/8486
f 2104/3052/8487 2103/3053/8488 2224/3054/8489 2225/3055/8490
f 2105/3056/8491 2104/3052/8492 2225/3055/8493 2226/3057/8494
f 2106/3058/8495 2105/3056/8496 2226/3057/8497 2227/3059/8498
f 2107/3060/8499 2106/3058/8500 2227/3059/8501 2228/3061/8502
f 2108/3062/8503 2107/3060/8504 2228/3061/8505 2229/3063/8506
f 2109/3064/8507 2108/3062/8508 2229/3063/8509 2230/3065/8510
f 2100/3045/8511 2109/3064/8512 2230/3065/8513 2221/3046/8514
f 2111/2977/8515 2110/2959/8516 2211/3066/8517 2212/3067/8518
f 2112/2974/8519 2111/2977/8520 2212/3067/8521 2213/3068/8522
f 2113/2975/8523 2112/2974/8524 2213/3068/8525 2214/3069/8526
f 2114/2969/8527 2113/2971/8528 2214/3070/8529 2215/3071/8530
f 2115/2967/8531 2114/2969/8532 2215/3071/8533 2216/3072/8534
f 2116/2965/8535 2115/2967/8536 2216/3072/8537 2217/3073/8538
f 2117/2963/8539 2116/2965/8540 2217/3073/8541 2218/3074/8542
f 2118/2961/8543 2117/2963/8544 2218/3074/8545 2219/3075/8546
f 2119/2958/8547 2118/2961/8548 2219/3075/8549 2220/3076/8550
f 2110/2959/8551 2119/2958/8552 2220/3076/8553 2211/3066/8554
f 2080/3077/8555 2081/3078/8556 2121/3079/8557 2120/3080/8558
f 2081/3078/8559 2082/3081/8560 2122/3082/8561 2121/3079/8562
f 2082/3081/8563 2083/3083/8564 2123/3084/8565 2122/3082/8566
f 2083/3083/8567 2084/3085/8568 2124/3086/8569 2123/3084/8570
f 2084/3085/8571 2085/3087/8572 2125/3088/8573 2124/3086/8574
f 2085/3087/8575 2086/3089/8576 2126/3090/8577 2125/3088/8578
f 2086/3089/8579 2087/3091/8580 2127/3092/8581 2126/3090/8582
f 2087/3091/8583 2088/3093/8584 2128/3094/8585 2127/3092/8586
f 2088/3093/8587 2089/3095/8588 2129/3096/8589 2128/3094/8590
f 2089/3095/8591 2080/3077/8592 2120/3080/8593 2129/3096/8594
f 2120/3097/8595 2121/3098/8596 2131/3099/8597 2130/3100/8598
f 2121/3098/8599 2122/3101/8600 2132/3102/8601 2131/3099/8602
f 2122/3101/8603 2123/3103/8604 2133/3104/8605 2132/3102/8606
f 2123/3105/8607 2124/3106/8608 2134/3107/8609 2133/3108/8610
f 2124/3106/8611 2125/3109/8612 2135/3110/8613 2134/3107/8614
f 2125/3109/8615 2126/3111/8616 2136/3112/8617 2135/3110/8618
f 2126/3111/8619 2127/3113/8620 2137/3114/8621 2136/3112/8622
f 2127/3113/8623 2128/3115/8624 2138/3116/8625 2137/3114/8626
f 2128/3115/8627 2129/3117/8628 2139/3118/8629 2138/3116/8630
f 2129/3117/8631 2120/3097/8632 2130/3100/8633 2139/3118/8634
f 2130/3119/8635 2131/3120/8636 2141/3121/8637 2140/3122/8638
f 2131/3120/8639 2132/3123/8640 2142/3124/8641 2141/3121/8642
f 2132/3123/8643 2133/3125/8644 2143/3126/8645 2142/3124/8646
f 2133/3125/8647 2134/3127/8648 2144/3128/8649 2143/3126/8650
f 2134/3127/8651 2135/3129/8652 2145/3130/8653 2144/3128/8654
f 2135/3129/8655 2136/3131/8656 2146/3132/8657 2145/3130/8658
f 2136/3131/8659 2137/3133/8660 2147/3134/8661 2146/3132/8662
f 2137/3133/8663 2138/3135/8664 2148/3136/8665 2147/3134/8666
f 2138/3135/8667 2139/3137/8668 2149/3138/8669 2148/3136/8670
f 2139/3137/8671 2130/3119/8672 2140/3122/8673 2149/3138/8674
f 2140/3139/8675 2141/3140/8676 2151/3141/8677 2150/3142/8678
f 2141/3140/8679 2142/3143/8680 2152/3144/8681 2151/3141/8682
f 2142/3143/8683 2143/3145/8684 2153/3146/8685 2152/3144/8686
f 2143/3147/8687 2144/3148/8688 2154/3149/8689 2153/3150/8690
f 2144/3148/8691 2145/3151/8692 2155/3152/8693 2154/3149/8694
f 2145/3151/8695 2146/3153/8696 2156/3154/8697 2155/3152/8698
f 2146/3153/8699 2147/3155/8700 2157/3156/8701 2156/3154/8702
f 2147/3155/8703 2148/3157/8704 2158/3158/8705 2157/3156/8706
f 2148/3157/8707 2149/3159/8708 2159/3160/8709 2158/3158/8710
f 2149/3159/8711 2140/3139/8712 2150/3142/8713 2159/3160/8714
f 2151/3141/8715 2188/3161/8716 2189/3162/8717 2150/3142/8718
f 2152/3144/8719 2187/3163/8720 2188/3161/8721 2151/3141/8722
f 2153/3146/8723 2186/3164/8724 2187/3163/8725 2152/3144/8726
f 2154/3149/8727 2185/3165/8728 2186/3166/8729 2153/3150/8730
f 2155/3152/8731 2184/3167/8732 2185/3165/8733 2154/3149/8734
f 2156/3154/8735 2183/3168/8736 2184/3167/8737 2155/3152/8738
f 2157/3156/8739 2182/3169/8740 2183/3168/8741 2156/3154/8742
f 2158/3158/8743 2181/3170/8744 2182/3169/8745 2157/3156/8746
f 2159/3160/8747 2180/3171/8748 2181/3170/8749 2158/3158/8750
f 2150/3142/8751 2189/3162/8752 2180/3171/8753 2159/3160/8754
f 2160/3172/8755 2161/3173/8756 2178/3174/8757 2179/3175/8758
f 2161/3173/8759 2162/3176/8760 2177/3177/8761 2178/3174/8762
f 2162/3176/8763 2163/3178/8764 2176/3179/8765 2177/3177/8766
f 2163/3180/8767 2164/3181/8768 2175/3182/8769 2176/3183/8770
f 2164/3181/8771 2165/3184/8772 2174/3185/8773 2175/3182/8774
f 2165/3184/8775 2166/3186/8776 2173/3187/8777 2174/3185/8778
f 2166/3186/8779 2167/3188/8780 2172/3189/8781 2173/3187/8782
f 2167/3188/8783 2168/3190/8784 2171/3191/8785 2172/3189/8786
f 2168/3190/8787 2169/3192/8788 2170/3193/8789 2171/3191/8790
f 2169/3192/8791 2160/3172/8792 2179/3175/8793 2170/3193/8794
f 2181/3170/8795 2180/3171/8796 2169/3192/8797 2168/3190/8798
f 2182/3169/8799 2181/3170/8800 2168/3190/8801 2167/3188/8802
f 2183/3168/8803 2182/3169/8804 2167/3188/8805 2166/3186/8806
f 2184/3167/8807 2183/3168/8808 2166/3186/8809 2165/3184/8810
f 2185/3165/8811 2184/3167/8812 2165/3184/8813 2164/3181/8814
f 2186/3166/8815 2185/3165/8816 2164/3181/8817 2163/3180/8818
f 2187/3163/8819 2186/3164/8820 2163/3178/8821 2162/3176/8822
f 2188/3161/8823 2187/3163/8824 2162/3176/8825 2161/3173/8826
f 2189/3162/8827 2188/3161/8828 2161/3173/8829 2160/3172/8830
f 2169/3192/8831 2180/3171/8832 2189/3162/8833 2160/3172/8834
f 2178/3174/8835 2190/3194/8836 2179/3175/8837
f 2177/3177/8838 2190/3194/8839 2178/3174/8840
f 2176/3179/8841 2190/3194/8842 2177/3177/8843
f 2175/3195/8844 2190/3194/8845 2176/3179/8846
f 2174/3185/8847 2190/3194/8848 2175/3182/8849
f 2173/3187/8850 2190/3194/8851 2174/3185/8852
f 2172/3189/8853 2190/3194/8854 2173/3187/8855
f 2171/3191/8856 2190/3194/8857 2172/3189/8858
f 2170/3193/8859 2190/3194/8860 2171/3191/8861
f 2179/3175/8862 2190/3194/8863 2170/3193/8864
f 2050/2937/8865 2051/2936/8866 2192/2957/8867 2191/2956/8868
f 2051/2936/8869 2052/2939/8870 2193/2960/8871 2192/2957/8872
f 2052/2939/8873 2053/2941/8874 2194/2962/8875 2193/2960/8876
f 2053/2941/8877 2054/2943/8878 2195/2964/8879 2194/2962/8880
f 2054/2943/8881 2055/2945/8882 2196/2966/8883 2195/2964/8884
f 2055/2945/8885 2056/2947/8886 2197/2968/8887 2196/2966/8888
f 2056/2947/8889 2057/2949/8890 2198/2970/8891 2197/2968/8892
f 2057/2953/8893 2058/2952/8894 2199/2973/8895 2198/2972/8896
f 2058/2952/8897 2059/2955/8898 2200/2976/8899 2199/2973/8900
f 2059/2955/8901 2050/2937/8902 2191/2956/8903 2200/2976/8904
f 2040/3196/8905 2041/3197/8906 2202/2935/8907 2201/2934/8908
f 2041/3197/8909 2042/3198/8910 2203/2938/8911 2202/2935/8912
f 2042/3198/8913 2043/3199/8914 2204/2940/8915 2203/2938/8916
f 2043/3199/8917 2044/3200/8918 2205/2942/8919 2204/2940/8920
f 2044/3200/8921 2045/3201/8922 2206/2944/8923 2205/2942/8924
f 2045/3201/8925 2046/3202/8926 2207/2946/8927 2206/2944/8928
f 2046/3202/8929 2047/3203/8930 2208/2948/8931 2207/2946/8932
f 2047/3204/8933 2048/3205/8934 2209/2951/8935 2208/2950/8936
f 2048/3205/8937 2049/3206/8938 2210/2954/8939 2209/2951/8940
f 2049/3206/8941 2040/3196/8942 2201/2934/8943 2210/2954/8944
f 2212/3067/8945 2211/3066/8946 2100/3045/8947 2101/3044/8948
f 2213/3068/8949 2212/3067/8950 2101/3044/8951 2102/3048/8952
f 2214/3069/8953 2213/3068/8954 2102/3048/8955 2103/3050/8956
f 2215/3071/8957 2214/3070/8958 2103/3053/8959 2104/3052/8960
f 2216/3072/8961 2215/3071/8962 2104/3052/8963 2105/3056/8964
f 2217/3073/8965 2216/3072/8966 2105/3056/8967 2106/3058/8968
f 2218/3074/8969 2217/3073/8970 2106/3058/8971 2107/3060/8972
f 2219/3075/8973 2218/3074/8974 2107/3060/8975 2108/3062/8976
f 2220/3076/8977 2219/3075/8978 2108/3062/8979 2109/3064/8980
f 2211/3066/8981 2220/3076/8982 2109/3064/8983 2100/3045/8984
f 2222/3047/8985 2221/3046/8986 2060/3207/8987 2069/3208/8988
f 2223/3049/8989 2222/3047/8990 2069/3208/8991 2068/3209/8992
f 2224/3051/8993 2223/3049/8994 2068/3209/8995 2067/3210/8996
f 2225/3055/8997 2224/3054/8998 2067/3211/8999 2066/3212/9000
f 2226/3057/9001 2225/3055/9002 2066/3212/9003 2065/3213/9004
f 2227/3059/9005 2226/3057/9006 2065/3213/9007 2064/3214/9008
f 2228/3061/9009 2227/3059/9010 2064/3214/9011 2063/3215/9012
f 2229/3063/9013 2228/3061/9014 2063/3215/9015 2062/3216/9016
f 2230/3065/9017 2229/3063/9018 2062/3216/9019 2061/3217/9020
f 2221/3046/9021 2230/3065/9022 2061/3217/9023 2060/3207/9024
f 2060/3218/9025 2061/3219/9026 2232/2979/9027 2231/2978/9028
f 2061/3219/9029 2062/3220/9030 2233/2982/9031 2232/2979/9032
f 2062/3220/9033 2063/3221/9034 2234/2984/9035 2233/2982/9036
f 2063/3221/9037 2064/3222/9038 2235/2986/9039 2234/2984/9040
f 2064/3222/9041 2065/3223/9042 2236/2988/9043 2235/2986/9044
f 2065/3223/9045 2066/3224/9046 2237/2990/9047 2236/2988/9048
f 2066/3224/9049 2067/3225/9050 2238/2992/9051 2237/2990/9052
f 2067/3226/9053 2068/3227/9054 2239/2995/9055 2238/2994/9056
f 2068/3227/9057 2069/3228/9058 2240/2998/9059 2239/2995/9060
f 2069/3228/9061 2060/3218/9062 2231/2978/9063 2240/2998/9064
f 2070/2981/9065 2071/2980/9066 2242/3001/9067 2241/3000/9068
f 2071/2980/9069 2072/2983/9070 2243/3004/9071 2242/3001/9072
f 2072/2983/9073 2073/2985/9074 2244/3006/9075 2243/3004/9076
f 2073/2985/9077 2074/2987/9078 2245/3008/9079 2244/3006/9080
f 2074/2987/9081 2075/2989/9082 2246/3010/9083 2245/3008/9084
f 2075/2989/9085 2076/2991/9086 2247/3012/9087 2246/3010/9088
f 2076/2991/9089 2077/2993/9090 2248/3014/9091 2247/3012/9092
f 2077/2997/9093 2078/2996/9094 2249/3017/9095 2248/3016/9096
f 2078/2996/9097 2079/2999/9098 2250/3020/9099 2249/3017/9100
f 2079/2999/9101 2070/2981/9102 2241/3000/9103 2250/3020/9104
f 2091/3021/9105 2090/3003/9106 2252/3023/9107 2251/3022/9108
f 2090/3003/9109 2099/3002/9110 2253/3042/9111 2252/3023/9112
f 2099/3002/9113 2098/3005/9114 2254/3040/9115 2253/3042/9116
f 2098/3005/9117 2097/3007/9118 2255/3038/9119 2254/3040/9120
f 2097/3007/9121 2096/3009/9122 2256/3036/9123 2255/3038/9124
f 2096/3009/9125 2095/3011/9126 2257/3034/9127 2256/3036/9128
f 2095/3011/9129 2094/3013/9130 2258/3030/9131 2257/3034/9132
f 2094/3013/9133 2093/3015/9134 2259/3031/9135 2258/3030/9136
f 2093/3019/9137 2092/3018/9138 2260/3026/9139 2259/3028/9140
f 2092/3018/9141 2091/3021/9142 2251/3022/9143 2260/3026/9144
f 2301/3229/9145 2302/3230/9146 2322/3231/9147 2321/3232/9148
f 2302/3230/9149 2303/3233/9150 2323/3234/9151 2322/3231/9152
f 2303/3233/9153 2304/3235/9154 2324/3236/9155 2323/3234/9156
f 2304/3235/9157 2305/3237/9158 2325/3238/9159 2324/3236/9160
f 2305/3237/9161 2306/3239/9162 2326/3240/9163 2325/3238/9164
f 2306/3239/9165 2307/3241/9166 2327/3242/9167 2326/3240/9168
f 2307/3241/9169 2308/3243/9170 2328/3244/9171 2327/3242/9172
f 2308/3243/9173 2309/3245/9174 2329/3246/9175 2328/3244/9176
f 2309/3245/9177 2310/3247/9178 2330/3248/9179 2329/3246/9180
f 2310/3247/9181 2311/3249/9182 2331/3250/9183 2330/3248/9184
f 2311/3249/9185 2312/3251/9186 2332/3252/9187 2331/3250/9188
f 2312/3251/9189 2313/3253/9190 2333/3254/9191 2332/3252/9192
f 2313/3253/9193 2314/3255/9194 2334/3256/9195 2333/3254/9196
f 2314/3255/9197 2315/3257/9198 2335/3258/9199 2334/3256/9200
f 2315/3257/9201 2316/3259/9202 2336/3260/9203 2335/3258/9204
f 2316/3259/9205 2317/3261/9206 2337/3262/9207 2336/3260/9208
f 2317/3261/9209 2318/3263/9210 2338/3264/9211 2337/3262/9212
f 2318/3263/9213 2319/3265/9214 2339/3266/9215 2338/3264/9216
f 2319/3265/9217 2320/3267/9218 2340/3268/9219 2339/3266/9220
f 2320/3267/9221 2301/3269/9222 2321/3270/9223 2340/3268/9224
